xB,t,Q2,phi,deg/rad,bin,obs,value,units,stat_u,syst_u,col,lepton,E_lepton,hadron,E_hadron
0.072,-0.13,1.091,157.5,deg,0,d4SigUU,2.9603,nb GeV^-4,0.55649,1.046,CLAS,e-,10.6,p,0.938272088
0.072,-0.13,1.091,180,deg,0,d4SigUU,2.59,nb GeV^-4,0.594,0.92896,CLAS,e-,10.6,p,0.938272088
0.069,-0.207,1.093,127.3,deg,1,d4SigUU,2.1964,nb GeV^-4,0.42593,0.88295,CLAS,e-,10.6,p,0.938272088
0.069,-0.207,1.093,142.4,deg,1,d4SigUU,1.9759,nb GeV^-4,0.20282,0.72367,CLAS,e-,10.6,p,0.938272088
0.069,-0.207,1.093,157.4,deg,1,d4SigUU,1.8605,nb GeV^-4,0.18079,0.61415,CLAS,e-,10.6,p,0.938272088
0.069,-0.207,1.093,172.5,deg,1,d4SigUU,1.4732,nb GeV^-4,0.19797,0.53652,CLAS,e-,10.6,p,0.938272088
0.069,-0.207,1.093,195.2,deg,1,d4SigUU,1.4365,nb GeV^-4,0.2942,0.53822,CLAS,e-,10.6,p,0.938272088
0.076,-0.314,1.094,127.3,deg,2,d4SigUU,0.51597,nb GeV^-4,0.12426,0.20529,CLAS,e-,10.6,p,0.938272088
0.076,-0.314,1.094,142.4,deg,2,d4SigUU,0.51082,nb GeV^-4,0.060398,0.20564,CLAS,e-,10.6,p,0.938272088
0.076,-0.314,1.094,157.4,deg,2,d4SigUU,0.48294,nb GeV^-4,0.05002,0.15778,CLAS,e-,10.6,p,0.938272088
0.076,-0.314,1.094,172.4,deg,2,d4SigUU,0.4339,nb GeV^-4,0.057467,0.14405,CLAS,e-,10.6,p,0.938272088
0.076,-0.314,1.094,195.2,deg,2,d4SigUU,0.28917,nb GeV^-4,0.073241,0.10933,CLAS,e-,10.6,p,0.938272088
0.076,-0.314,1.094,256.2,deg,2,d4SigUU,0.73251,nb GeV^-4,0.11444,0.2698,CLAS,e-,10.6,p,0.938272088
0.084,-0.446,1.085,36.5,deg,3,d4SigUU,1.485,nb GeV^-4,0.16671,0.61838,CLAS,e-,10.6,p,0.938272088
0.084,-0.446,1.085,134.4,deg,3,d4SigUU,0.16014,nb GeV^-4,0.030119,0.060949,CLAS,e-,10.6,p,0.938272088
0.084,-0.446,1.085,172.2,deg,3,d4SigUU,0.14514,nb GeV^-4,0.017621,0.049679,CLAS,e-,10.6,p,0.938272088
0.084,-0.446,1.085,240.9,deg,3,d4SigUU,0.17433,nb GeV^-4,0.044043,0.081111,CLAS,e-,10.6,p,0.938272088
0.084,-0.446,1.085,262.8,deg,3,d4SigUU,0.27809,nb GeV^-4,0.04542,0.093736,CLAS,e-,10.6,p,0.938272088
0.084,-0.446,1.085,287.1,deg,3,d4SigUU,0.41448,nb GeV^-4,0.059728,0.18674,CLAS,e-,10.6,p,0.938272088
0.084,-0.446,1.085,308.2,deg,3,d4SigUU,0.63601,nb GeV^-4,0.10583,0.25852,CLAS,e-,10.6,p,0.938272088
0.084,-0.446,1.085,323.5,deg,3,d4SigUU,1.5314,nb GeV^-4,0.16772,0.71416,CLAS,e-,10.6,p,0.938272088
0.079,-0.681,1.086,6.7,deg,4,d4SigUU,3.4177,nb GeV^-4,0.76755,1.5084,CLAS,e-,10.6,p,0.938272088
0.079,-0.681,1.086,21.5,deg,4,d4SigUU,1.2507,nb GeV^-4,0.24522,0.4606,CLAS,e-,10.6,p,0.938272088
0.079,-0.681,1.086,36.6,deg,4,d4SigUU,0.695,nb GeV^-4,0.081253,0.27085,CLAS,e-,10.6,p,0.938272088
0.079,-0.681,1.086,62.3,deg,4,d4SigUU,0.18582,nb GeV^-4,0.034052,0.066363,CLAS,e-,10.6,p,0.938272088
0.079,-0.681,1.086,149.7,deg,4,d4SigUU,0.055755,nb GeV^-4,0.014861,0.020739,CLAS,e-,10.6,p,0.938272088
0.079,-0.681,1.086,180,deg,4,d4SigUU,0.056282,nb GeV^-4,0.01688,0.021833,CLAS,e-,10.6,p,0.938272088
0.079,-0.681,1.086,240.8,deg,4,d4SigUU,0.11514,nb GeV^-4,0.031141,0.044223,CLAS,e-,10.6,p,0.938272088
0.079,-0.681,1.086,271.5,deg,4,d4SigUU,0.10618,nb GeV^-4,0.023791,0.03869,CLAS,e-,10.6,p,0.938272088
0.079,-0.681,1.086,318.2,deg,4,d4SigUU,0.38925,nb GeV^-4,0.047491,0.14623,CLAS,e-,10.6,p,0.938272088
0.079,-0.681,1.086,338.5,deg,4,d4SigUU,1.3213,nb GeV^-4,0.22727,0.64976,CLAS,e-,10.6,p,0.938272088
0.079,-0.681,1.086,353.2,deg,4,d4SigUU,2.9456,nb GeV^-4,0.68152,1.3447,CLAS,e-,10.6,p,0.938272088
0.079,-0.215,1.296,119.1,deg,5,d4SigUU,1.1718,nb GeV^-4,0.22885,0.38794,CLAS,e-,10.6,p,0.938272088
0.079,-0.215,1.296,142.4,deg,5,d4SigUU,1.085,nb GeV^-4,0.15037,0.3629,CLAS,e-,10.6,p,0.938272088
0.079,-0.215,1.296,157.4,deg,5,d4SigUU,0.88152,nb GeV^-4,0.11847,0.29173,CLAS,e-,10.6,p,0.938272088
0.079,-0.215,1.296,180,deg,5,d4SigUU,1.0504,nb GeV^-4,0.16204,0.47004,CLAS,e-,10.6,p,0.938272088
0.084,-0.309,1.301,119.1,deg,6,d4SigUU,0.46244,nb GeV^-4,0.10953,0.22724,CLAS,e-,10.6,p,0.938272088
0.084,-0.309,1.301,142.4,deg,6,d4SigUU,0.34016,nb GeV^-4,0.054689,0.11834,CLAS,e-,10.6,p,0.938272088
0.084,-0.309,1.301,157.4,deg,6,d4SigUU,0.41076,nb GeV^-4,0.054343,0.13446,CLAS,e-,10.6,p,0.938272088
0.084,-0.309,1.301,180,deg,6,d4SigUU,0.31066,nb GeV^-4,0.052914,0.10406,CLAS,e-,10.6,p,0.938272088
0.084,-0.309,1.301,256.2,deg,6,d4SigUU,0.53171,nb GeV^-4,0.096973,0.17736,CLAS,e-,10.6,p,0.938272088
0.084,-0.309,1.301,287.1,deg,6,d4SigUU,0.95738,nb GeV^-4,0.16481,0.47918,CLAS,e-,10.6,p,0.938272088
0.086,-0.455,1.271,36.6,deg,7,d4SigUU,1.302,nb GeV^-4,0.13771,0.44772,CLAS,e-,10.6,p,0.938272088
0.086,-0.455,1.271,51.8,deg,7,d4SigUU,0.74933,nb GeV^-4,0.091024,0.36974,CLAS,e-,10.6,p,0.938272088
0.086,-0.455,1.271,134.4,deg,7,d4SigUU,0.18271,nb GeV^-4,0.03661,0.067398,CLAS,e-,10.6,p,0.938272088
0.086,-0.455,1.271,157.4,deg,7,d4SigUU,0.16081,nb GeV^-4,0.031829,0.056545,CLAS,e-,10.6,p,0.938272088
0.086,-0.455,1.271,180,deg,7,d4SigUU,0.16489,nb GeV^-4,0.033358,0.060226,CLAS,e-,10.6,p,0.938272088
0.086,-0.455,1.271,240.8,deg,7,d4SigUU,0.17833,nb GeV^-4,0.04744,0.065574,CLAS,e-,10.6,p,0.938272088
0.086,-0.455,1.271,262.8,deg,7,d4SigUU,0.21838,nb GeV^-4,0.050678,0.080755,CLAS,e-,10.6,p,0.938272088
0.086,-0.455,1.271,287,deg,7,d4SigUU,0.31921,nb GeV^-4,0.071014,0.16011,CLAS,e-,10.6,p,0.938272088
0.101,-0.129,1.101,126.1,deg,8,d4SigUU,1.2765,nb GeV^-4,0.287,0.44619,CLAS,e-,10.6,p,0.938272088
0.101,-0.129,1.101,180,deg,8,d4SigUU,0.84109,nb GeV^-4,0.18487,0.31367,CLAS,e-,10.6,p,0.938272088
0.101,-0.198,1.1,119.3,deg,9,d4SigUU,0.79612,nb GeV^-4,0.1758,0.29433,CLAS,e-,10.6,p,0.938272088
0.101,-0.198,1.1,142.4,deg,9,d4SigUU,0.58529,nb GeV^-4,0.10718,0.21191,CLAS,e-,10.6,p,0.938272088
0.101,-0.198,1.1,157.4,deg,9,d4SigUU,0.64178,nb GeV^-4,0.11409,0.24232,CLAS,e-,10.6,p,0.938272088
0.101,-0.198,1.1,172.5,deg,9,d4SigUU,0.66707,nb GeV^-4,0.14775,0.22187,CLAS,e-,10.6,p,0.938272088
0.101,-0.198,1.1,195.1,deg,9,d4SigUU,0.39154,nb GeV^-4,0.078804,0.14483,CLAS,e-,10.6,p,0.938272088
0.1,-0.33,1.101,134.5,deg,10,d4SigUU,0.18766,nb GeV^-4,0.040251,0.07208,CLAS,e-,10.6,p,0.938272088
0.1,-0.33,1.101,157.5,deg,10,d4SigUU,0.21912,nb GeV^-4,0.047887,0.084627,CLAS,e-,10.6,p,0.938272088
0.1,-0.33,1.101,172.5,deg,10,d4SigUU,0.15399,nb GeV^-4,0.041053,0.06754,CLAS,e-,10.6,p,0.938272088
0.1,-0.33,1.101,195.1,deg,10,d4SigUU,0.17685,nb GeV^-4,0.042593,0.070919,CLAS,e-,10.6,p,0.938272088
0.101,-0.516,1.096,57.3,deg,11,d4SigUU,0.3425,nb GeV^-4,0.087105,0.16839,CLAS,e-,10.6,p,0.938272088
0.101,-0.516,1.096,141.8,deg,11,d4SigUU,0.085494,nb GeV^-4,0.020314,0.037918,CLAS,e-,10.6,p,0.938272088
0.101,-0.516,1.096,187.6,deg,11,d4SigUU,0.071511,nb GeV^-4,0.018856,0.031727,CLAS,e-,10.6,p,0.938272088
0.101,-0.516,1.096,265,deg,11,d4SigUU,0.14686,nb GeV^-4,0.027626,0.06378,CLAS,e-,10.6,p,0.938272088
0.101,-0.516,1.096,323.6,deg,11,d4SigUU,0.6013,nb GeV^-4,0.13382,0.24772,CLAS,e-,10.6,p,0.938272088
0.11,-0.648,1.103,20.8,deg,12,d4SigUU,2.2581,nb GeV^-4,0.7078,1.1203,CLAS,e-,10.6,p,0.938272088
0.11,-0.648,1.103,67.3,deg,12,d4SigUU,0.089939,nb GeV^-4,0.027197,0.036279,CLAS,e-,10.6,p,0.938272088
0.11,-0.648,1.103,164.1,deg,12,d4SigUU,0.036937,nb GeV^-4,0.013707,0.016504,CLAS,e-,10.6,p,0.938272088
0.11,-0.648,1.103,275,deg,12,d4SigUU,0.075643,nb GeV^-4,0.021094,0.027495,CLAS,e-,10.6,p,0.938272088
0.101,-0.129,1.335,119.2,deg,13,d4SigUU,1.5997,nb GeV^-4,0.26417,0.55671,CLAS,e-,10.6,p,0.938272088
0.101,-0.129,1.335,142.4,deg,13,d4SigUU,0.77398,nb GeV^-4,0.14295,0.30206,CLAS,e-,10.6,p,0.938272088
0.101,-0.129,1.335,164.8,deg,13,d4SigUU,0.77191,nb GeV^-4,0.12352,0.28851,CLAS,e-,10.6,p,0.938272088
0.101,-0.129,1.335,195.1,deg,13,d4SigUU,0.83302,nb GeV^-4,0.18282,0.28254,CLAS,e-,10.6,p,0.938272088
0.1,-0.198,1.337,103.9,deg,14,d4SigUU,1.285,nb GeV^-4,0.31302,0.53338,CLAS,e-,10.6,p,0.938272088
0.1,-0.198,1.337,127.3,deg,14,d4SigUU,0.74411,nb GeV^-4,0.085487,0.24347,CLAS,e-,10.6,p,0.938272088
0.1,-0.198,1.337,142.4,deg,14,d4SigUU,0.66551,nb GeV^-4,0.058176,0.22092,CLAS,e-,10.6,p,0.938272088
0.1,-0.198,1.337,157.4,deg,14,d4SigUU,0.46881,nb GeV^-4,0.043691,0.16846,CLAS,e-,10.6,p,0.938272088
0.1,-0.198,1.337,172.5,deg,14,d4SigUU,0.57261,nb GeV^-4,0.064589,0.18647,CLAS,e-,10.6,p,0.938272088
0.1,-0.198,1.337,187.5,deg,14,d4SigUU,0.60291,nb GeV^-4,0.082362,0.21113,CLAS,e-,10.6,p,0.938272088
0.1,-0.198,1.337,202.5,deg,14,d4SigUU,0.55468,nb GeV^-4,0.10525,0.19225,CLAS,e-,10.6,p,0.938272088
0.096,-0.344,1.359,119.2,deg,15,d4SigUU,0.22488,nb GeV^-4,0.040484,0.089948,CLAS,e-,10.6,p,0.938272088
0.096,-0.344,1.359,142.4,deg,15,d4SigUU,0.20847,nb GeV^-4,0.023679,0.069512,CLAS,e-,10.6,p,0.938272088
0.096,-0.344,1.359,157.4,deg,15,d4SigUU,0.20545,nb GeV^-4,0.02132,0.069329,CLAS,e-,10.6,p,0.938272088
0.096,-0.344,1.359,172.5,deg,15,d4SigUU,0.19819,nb GeV^-4,0.023075,0.065617,CLAS,e-,10.6,p,0.938272088
0.096,-0.344,1.359,187.5,deg,15,d4SigUU,0.20519,nb GeV^-4,0.034177,0.071743,CLAS,e-,10.6,p,0.938272088
0.096,-0.344,1.359,210.4,deg,15,d4SigUU,0.11614,nb GeV^-4,0.032174,0.048606,CLAS,e-,10.6,p,0.938272088
0.096,-0.344,1.359,256.1,deg,15,d4SigUU,0.36742,nb GeV^-4,0.068027,0.13041,CLAS,e-,10.6,p,0.938272088
0.096,-0.344,1.359,277.9,deg,15,d4SigUU,0.39893,nb GeV^-4,0.06457,0.13778,CLAS,e-,10.6,p,0.938272088
0.096,-0.344,1.359,293.1,deg,15,d4SigUU,0.52166,nb GeV^-4,0.086716,0.19357,CLAS,e-,10.6,p,0.938272088
0.103,-0.494,1.317,20.8,deg,16,d4SigUU,2.168,nb GeV^-4,0.27973,0.99887,CLAS,e-,10.6,p,0.938272088
0.103,-0.494,1.317,36.4,deg,16,d4SigUU,0.78701,nb GeV^-4,0.063492,0.29342,CLAS,e-,10.6,p,0.938272088
0.103,-0.494,1.317,51.7,deg,16,d4SigUU,0.3106,nb GeV^-4,0.04163,0.10805,CLAS,e-,10.6,p,0.938272088
0.103,-0.494,1.317,73,deg,16,d4SigUU,0.27088,nb GeV^-4,0.078127,0.11513,CLAS,e-,10.6,p,0.938272088
0.103,-0.494,1.317,119.3,deg,16,d4SigUU,0.10709,nb GeV^-4,0.033944,0.042344,CLAS,e-,10.6,p,0.938272088
0.103,-0.494,1.317,142.4,deg,16,d4SigUU,0.077691,nb GeV^-4,0.013964,0.029815,CLAS,e-,10.6,p,0.938272088
0.103,-0.494,1.317,157.5,deg,16,d4SigUU,0.068298,nb GeV^-4,0.011194,0.022738,CLAS,e-,10.6,p,0.938272088
0.103,-0.494,1.317,172.5,deg,16,d4SigUU,0.073285,nb GeV^-4,0.012367,0.025444,CLAS,e-,10.6,p,0.938272088
0.103,-0.494,1.317,187.5,deg,16,d4SigUU,0.064693,nb GeV^-4,0.017413,0.025832,CLAS,e-,10.6,p,0.938272088
0.103,-0.494,1.317,256,deg,16,d4SigUU,0.08415,nb GeV^-4,0.014127,0.03289,CLAS,e-,10.6,p,0.938272088
0.103,-0.494,1.317,277.9,deg,16,d4SigUU,0.14746,nb GeV^-4,0.020447,0.059113,CLAS,e-,10.6,p,0.938272088
0.103,-0.494,1.317,293.1,deg,16,d4SigUU,0.2339,nb GeV^-4,0.034683,0.078742,CLAS,e-,10.6,p,0.938272088
0.103,-0.494,1.317,308.3,deg,16,d4SigUU,0.32558,nb GeV^-4,0.04751,0.12648,CLAS,e-,10.6,p,0.938272088
0.103,-0.494,1.317,323.6,deg,16,d4SigUU,0.71796,nb GeV^-4,0.057149,0.28607,CLAS,e-,10.6,p,0.938272088
0.103,-0.494,1.317,339.1,deg,16,d4SigUU,2.4525,nb GeV^-4,0.29025,0.82396,CLAS,e-,10.6,p,0.938272088
0.11,-0.652,1.299,21,deg,17,d4SigUU,0.91303,nb GeV^-4,0.12315,0.33433,CLAS,e-,10.6,p,0.938272088
0.11,-0.652,1.299,36.4,deg,17,d4SigUU,0.31752,nb GeV^-4,0.03623,0.12635,CLAS,e-,10.6,p,0.938272088
0.11,-0.652,1.299,51.7,deg,17,d4SigUU,0.13558,nb GeV^-4,0.031935,0.050586,CLAS,e-,10.6,p,0.938272088
0.11,-0.652,1.299,73.1,deg,17,d4SigUU,0.09455,nb GeV^-4,0.019891,0.039065,CLAS,e-,10.6,p,0.938272088
0.11,-0.652,1.299,149.7,deg,17,d4SigUU,0.037111,nb GeV^-4,0.0084533,0.015838,CLAS,e-,10.6,p,0.938272088
0.11,-0.652,1.299,249.3,deg,17,d4SigUU,0.042787,nb GeV^-4,0.0092167,0.016623,CLAS,e-,10.6,p,0.938272088
0.11,-0.652,1.299,286.9,deg,17,d4SigUU,0.071556,nb GeV^-4,0.014544,0.026869,CLAS,e-,10.6,p,0.938272088
0.11,-0.652,1.299,318.7,deg,17,d4SigUU,0.21246,nb GeV^-4,0.024392,0.07656,CLAS,e-,10.6,p,0.938272088
0.11,-0.652,1.299,339,deg,17,d4SigUU,0.98316,nb GeV^-4,0.11778,0.37469,CLAS,e-,10.6,p,0.938272088
0.104,-0.129,1.628,36.9,deg,18,d4SigUU,6.5857,nb GeV^-4,0.7781,3.3323,CLAS,e-,10.6,p,0.938272088
0.104,-0.129,1.628,52,deg,18,d4SigUU,4.6323,nb GeV^-4,0.61204,2.2685,CLAS,e-,10.6,p,0.938272088
0.104,-0.129,1.628,67.1,deg,18,d4SigUU,3.8112,nb GeV^-4,0.41643,1.5464,CLAS,e-,10.6,p,0.938272088
0.104,-0.129,1.628,82.2,deg,18,d4SigUU,2.2957,nb GeV^-4,0.33453,1.0124,CLAS,e-,10.6,p,0.938272088
0.104,-0.129,1.628,103.9,deg,18,d4SigUU,1.5494,nb GeV^-4,0.36718,0.69031,CLAS,e-,10.6,p,0.938272088
0.104,-0.129,1.628,127.3,deg,18,d4SigUU,0.96429,nb GeV^-4,0.18236,0.37166,CLAS,e-,10.6,p,0.938272088
0.104,-0.129,1.628,142.4,deg,18,d4SigUU,0.91605,nb GeV^-4,0.14108,0.30986,CLAS,e-,10.6,p,0.938272088
0.104,-0.129,1.628,157.4,deg,18,d4SigUU,0.50064,nb GeV^-4,0.097358,0.18952,CLAS,e-,10.6,p,0.938272088
0.104,-0.129,1.628,180,deg,18,d4SigUU,0.80959,nb GeV^-4,0.15989,0.28896,CLAS,e-,10.6,p,0.938272088
0.104,-0.129,1.628,271.3,deg,18,d4SigUU,1.8708,nb GeV^-4,0.30656,0.67438,CLAS,e-,10.6,p,0.938272088
0.104,-0.129,1.628,292.9,deg,18,d4SigUU,3.3984,nb GeV^-4,0.39786,1.2697,CLAS,e-,10.6,p,0.938272088
0.104,-0.129,1.628,308,deg,18,d4SigUU,4.4215,nb GeV^-4,0.42692,1.647,CLAS,e-,10.6,p,0.938272088
0.104,-0.129,1.628,338.1,deg,18,d4SigUU,11.77,nb GeV^-4,2.0504,4.54,CLAS,e-,10.6,p,0.938272088
0.103,-0.201,1.625,36.7,deg,19,d4SigUU,4.1924,nb GeV^-4,0.38271,1.4762,CLAS,e-,10.6,p,0.938272088
0.103,-0.201,1.625,51.9,deg,19,d4SigUU,2.0472,nb GeV^-4,0.17515,0.78293,CLAS,e-,10.6,p,0.938272088
0.103,-0.201,1.625,67,deg,19,d4SigUU,1.6259,nb GeV^-4,0.12805,0.65432,CLAS,e-,10.6,p,0.938272088
0.103,-0.201,1.625,82.1,deg,19,d4SigUU,1.4039,nb GeV^-4,0.15187,0.46619,CLAS,e-,10.6,p,0.938272088
0.103,-0.201,1.625,112.3,deg,19,d4SigUU,0.67841,nb GeV^-4,0.12995,0.30296,CLAS,e-,10.6,p,0.938272088
0.103,-0.201,1.625,127.3,deg,19,d4SigUU,0.57919,nb GeV^-4,0.058119,0.2021,CLAS,e-,10.6,p,0.938272088
0.103,-0.201,1.625,142.4,deg,19,d4SigUU,0.48583,nb GeV^-4,0.040703,0.16532,CLAS,e-,10.6,p,0.938272088
0.103,-0.201,1.625,157.4,deg,19,d4SigUU,0.48062,nb GeV^-4,0.038868,0.15756,CLAS,e-,10.6,p,0.938272088
0.103,-0.201,1.625,172.5,deg,19,d4SigUU,0.43685,nb GeV^-4,0.049668,0.15738,CLAS,e-,10.6,p,0.938272088
0.103,-0.201,1.625,195.2,deg,19,d4SigUU,0.49628,nb GeV^-4,0.076011,0.21023,CLAS,e-,10.6,p,0.938272088
0.103,-0.201,1.625,271.4,deg,19,d4SigUU,1.0677,nb GeV^-4,0.12467,0.41823,CLAS,e-,10.6,p,0.938272088
0.103,-0.201,1.625,293,deg,19,d4SigUU,1.2995,nb GeV^-4,0.10801,0.43021,CLAS,e-,10.6,p,0.938272088
0.103,-0.201,1.625,308.1,deg,19,d4SigUU,2.1384,nb GeV^-4,0.15595,0.69179,CLAS,e-,10.6,p,0.938272088
0.103,-0.201,1.625,323.2,deg,19,d4SigUU,4.3673,nb GeV^-4,0.38468,2.0028,CLAS,e-,10.6,p,0.938272088
0.103,-0.201,1.625,338.5,deg,19,d4SigUU,11.855,nb GeV^-4,2.2329,4.5906,CLAS,e-,10.6,p,0.938272088
0.102,-0.328,1.633,36.6,deg,20,d4SigUU,1.7025,nb GeV^-4,0.11428,0.66671,CLAS,e-,10.6,p,0.938272088
0.102,-0.328,1.633,51.8,deg,20,d4SigUU,0.95581,nb GeV^-4,0.061367,0.31002,CLAS,e-,10.6,p,0.938272088
0.102,-0.328,1.633,73,deg,20,d4SigUU,0.50201,nb GeV^-4,0.044025,0.17096,CLAS,e-,10.6,p,0.938272088
0.102,-0.328,1.633,112.2,deg,20,d4SigUU,0.19023,nb GeV^-4,0.061156,0.066078,CLAS,e-,10.6,p,0.938272088
0.102,-0.328,1.633,134.4,deg,20,d4SigUU,0.17522,nb GeV^-4,0.013852,0.057283,CLAS,e-,10.6,p,0.938272088
0.102,-0.328,1.633,157.4,deg,20,d4SigUU,0.17477,nb GeV^-4,0.015492,0.057486,CLAS,e-,10.6,p,0.938272088
0.102,-0.328,1.633,180,deg,20,d4SigUU,0.18927,nb GeV^-4,0.017754,0.061795,CLAS,e-,10.6,p,0.938272088
0.102,-0.328,1.633,247.8,deg,20,d4SigUU,0.24195,nb GeV^-4,0.052768,0.093044,CLAS,e-,10.6,p,0.938272088
0.102,-0.328,1.633,262.8,deg,20,d4SigUU,0.16769,nb GeV^-4,0.032238,0.072965,CLAS,e-,10.6,p,0.938272088
0.102,-0.328,1.633,277.9,deg,20,d4SigUU,0.41427,nb GeV^-4,0.060057,0.13788,CLAS,e-,10.6,p,0.938272088
0.102,-0.328,1.633,293,deg,20,d4SigUU,0.56305,nb GeV^-4,0.054177,0.213,CLAS,e-,10.6,p,0.938272088
0.102,-0.328,1.633,308.2,deg,20,d4SigUU,0.92973,nb GeV^-4,0.059855,0.35183,CLAS,e-,10.6,p,0.938272088
0.102,-0.328,1.633,323.5,deg,20,d4SigUU,1.7446,nb GeV^-4,0.11356,0.8641,CLAS,e-,10.6,p,0.938272088
0.109,-0.473,1.605,36.5,deg,21,d4SigUU,0.65485,nb GeV^-4,0.03611,0.23588,CLAS,e-,10.6,p,0.938272088
0.109,-0.473,1.605,51.8,deg,21,d4SigUU,0.32675,nb GeV^-4,0.024561,0.10989,CLAS,e-,10.6,p,0.938272088
0.109,-0.473,1.605,67,deg,21,d4SigUU,0.20089,nb GeV^-4,0.040807,0.071279,CLAS,e-,10.6,p,0.938272088
0.109,-0.473,1.605,127.4,deg,21,d4SigUU,0.064727,nb GeV^-4,0.014856,0.02266,CLAS,e-,10.6,p,0.938272088
0.109,-0.473,1.605,142.4,deg,21,d4SigUU,0.069648,nb GeV^-4,0.0095582,0.023366,CLAS,e-,10.6,p,0.938272088
0.109,-0.473,1.605,157.5,deg,21,d4SigUU,0.04623,nb GeV^-4,0.0066496,0.018844,CLAS,e-,10.6,p,0.938272088
0.109,-0.473,1.605,172.5,deg,21,d4SigUU,0.05788,nb GeV^-4,0.0086418,0.019174,CLAS,e-,10.6,p,0.938272088
0.109,-0.473,1.605,195.2,deg,21,d4SigUU,0.054343,nb GeV^-4,0.013208,0.018086,CLAS,e-,10.6,p,0.938272088
0.109,-0.473,1.605,240.9,deg,21,d4SigUU,0.060924,nb GeV^-4,0.011924,0.020341,CLAS,e-,10.6,p,0.938272088
0.109,-0.473,1.605,262.8,deg,21,d4SigUU,0.091604,nb GeV^-4,0.01316,0.030663,CLAS,e-,10.6,p,0.938272088
0.109,-0.473,1.605,277.9,deg,21,d4SigUU,0.13626,nb GeV^-4,0.019122,0.053481,CLAS,e-,10.6,p,0.938272088
0.109,-0.473,1.605,293,deg,21,d4SigUU,0.1992,nb GeV^-4,0.030696,0.069432,CLAS,e-,10.6,p,0.938272088
0.109,-0.473,1.605,308.2,deg,21,d4SigUU,0.33486,nb GeV^-4,0.026115,0.11408,CLAS,e-,10.6,p,0.938272088
0.109,-0.473,1.605,323.5,deg,21,d4SigUU,0.6731,nb GeV^-4,0.039319,0.24643,CLAS,e-,10.6,p,0.938272088
0.109,-0.473,1.605,339.1,deg,21,d4SigUU,1.5926,nb GeV^-4,0.26397,0.62606,CLAS,e-,10.6,p,0.938272088
0.109,-0.674,1.599,21.3,deg,22,d4SigUU,0.58554,nb GeV^-4,0.063295,0.21604,CLAS,e-,10.6,p,0.938272088
0.109,-0.674,1.599,36.6,deg,22,d4SigUU,0.28912,nb GeV^-4,0.021892,0.10063,CLAS,e-,10.6,p,0.938272088
0.109,-0.674,1.599,51.8,deg,22,d4SigUU,0.16953,nb GeV^-4,0.021665,0.064608,CLAS,e-,10.6,p,0.938272088
0.109,-0.674,1.599,134.5,deg,22,d4SigUU,0.026273,nb GeV^-4,0.0060289,0.0099609,CLAS,e-,10.6,p,0.938272088
0.109,-0.674,1.599,157.4,deg,22,d4SigUU,0.03367,nb GeV^-4,0.006757,0.012517,CLAS,e-,10.6,p,0.938272088
0.109,-0.674,1.599,187.7,deg,22,d4SigUU,0.016791,nb GeV^-4,0.0045817,0.0061165,CLAS,e-,10.6,p,0.938272088
0.109,-0.674,1.599,249.6,deg,22,d4SigUU,0.030273,nb GeV^-4,0.0052703,0.010516,CLAS,e-,10.6,p,0.938272088
0.109,-0.674,1.599,286.9,deg,22,d4SigUU,0.062096,nb GeV^-4,0.013307,0.023161,CLAS,e-,10.6,p,0.938272088
0.109,-0.674,1.599,308.2,deg,22,d4SigUU,0.090821,nb GeV^-4,0.016509,0.039946,CLAS,e-,10.6,p,0.938272088
0.109,-0.674,1.599,323.4,deg,22,d4SigUU,0.25331,nb GeV^-4,0.020487,0.090319,CLAS,e-,10.6,p,0.938272088
0.109,-0.674,1.599,338.7,deg,22,d4SigUU,0.65603,nb GeV^-4,0.065242,0.23778,CLAS,e-,10.6,p,0.938272088
0.133,-0.129,1.328,7.4,deg,23,d4SigUU,3.5934,nb GeV^-4,1.2193,1.5717,CLAS,e-,10.6,p,0.938272088
0.133,-0.129,1.328,28.8,deg,23,d4SigUU,3.0544,nb GeV^-4,0.94612,1.4038,CLAS,e-,10.6,p,0.938272088
0.133,-0.129,1.328,95.4,deg,23,d4SigUU,0.64057,nb GeV^-4,0.17907,0.29633,CLAS,e-,10.6,p,0.938272088
0.133,-0.129,1.328,141.6,deg,23,d4SigUU,0.28903,nb GeV^-4,0.071363,0.10221,CLAS,e-,10.6,p,0.938272088
0.133,-0.129,1.328,195.6,deg,23,d4SigUU,0.29185,nb GeV^-4,0.077723,0.1458,CLAS,e-,10.6,p,0.938272088
0.133,-0.197,1.327,104.2,deg,24,d4SigUU,0.30187,nb GeV^-4,0.062854,0.11036,CLAS,e-,10.6,p,0.938272088
0.133,-0.197,1.327,127.4,deg,24,d4SigUU,0.25326,nb GeV^-4,0.05501,0.08539,CLAS,e-,10.6,p,0.938272088
0.133,-0.197,1.327,142.4,deg,24,d4SigUU,0.26847,nb GeV^-4,0.043652,0.090754,CLAS,e-,10.6,p,0.938272088
0.133,-0.197,1.327,157.5,deg,24,d4SigUU,0.21995,nb GeV^-4,0.038353,0.078414,CLAS,e-,10.6,p,0.938272088
0.133,-0.197,1.327,172.5,deg,24,d4SigUU,0.25864,nb GeV^-4,0.052954,0.086862,CLAS,e-,10.6,p,0.938272088
0.133,-0.197,1.327,187.5,deg,24,d4SigUU,0.24921,nb GeV^-4,0.046984,0.08203,CLAS,e-,10.6,p,0.938272088
0.133,-0.197,1.327,202.5,deg,24,d4SigUU,0.23734,nb GeV^-4,0.045703,0.093151,CLAS,e-,10.6,p,0.938272088
0.133,-0.197,1.327,225.4,deg,24,d4SigUU,0.29801,nb GeV^-4,0.080004,0.14483,CLAS,e-,10.6,p,0.938272088
0.133,-0.323,1.326,119.4,deg,25,d4SigUU,0.21387,nb GeV^-4,0.037089,0.084528,CLAS,e-,10.6,p,0.938272088
0.133,-0.323,1.326,142.5,deg,25,d4SigUU,0.1051,nb GeV^-4,0.020881,0.042585,CLAS,e-,10.6,p,0.938272088
0.133,-0.323,1.326,157.5,deg,25,d4SigUU,0.12398,nb GeV^-4,0.021812,0.048622,CLAS,e-,10.6,p,0.938272088
0.133,-0.323,1.326,172.5,deg,25,d4SigUU,0.092701,nb GeV^-4,0.020395,0.033945,CLAS,e-,10.6,p,0.938272088
0.133,-0.323,1.326,187.5,deg,25,d4SigUU,0.072797,nb GeV^-4,0.020844,0.026206,CLAS,e-,10.6,p,0.938272088
0.133,-0.323,1.326,210.2,deg,25,d4SigUU,0.12036,nb GeV^-4,0.021458,0.040551,CLAS,e-,10.6,p,0.938272088
0.133,-0.323,1.326,286.5,deg,25,d4SigUU,0.25228,nb GeV^-4,0.060531,0.11857,CLAS,e-,10.6,p,0.938272088
0.133,-0.323,1.326,317.6,deg,25,d4SigUU,0.3715,nb GeV^-4,0.093032,0.14533,CLAS,e-,10.6,p,0.938272088
0.131,-0.516,1.327,8.3,deg,26,d4SigUU,3.9367,nb GeV^-4,0.52702,1.631,CLAS,e-,10.6,p,0.938272088
0.131,-0.516,1.327,57.7,deg,26,d4SigUU,0.15417,nb GeV^-4,0.052,0.062938,CLAS,e-,10.6,p,0.938272088
0.131,-0.516,1.327,134.7,deg,26,d4SigUU,0.056733,nb GeV^-4,0.012838,0.023051,CLAS,e-,10.6,p,0.938272088
0.131,-0.516,1.327,157.4,deg,26,d4SigUU,0.054496,nb GeV^-4,0.013779,0.025666,CLAS,e-,10.6,p,0.938272088
0.131,-0.516,1.327,172.5,deg,26,d4SigUU,0.053688,nb GeV^-4,0.014182,0.022419,CLAS,e-,10.6,p,0.938272088
0.131,-0.516,1.327,202.8,deg,26,d4SigUU,0.031536,nb GeV^-4,0.0088709,0.015659,CLAS,e-,10.6,p,0.938272088
0.131,-0.516,1.327,271.1,deg,26,d4SigUU,0.072087,nb GeV^-4,0.015671,0.027793,CLAS,e-,10.6,p,0.938272088
0.131,-0.516,1.327,338.9,deg,26,d4SigUU,1.1012,nb GeV^-4,0.13059,0.47345,CLAS,e-,10.6,p,0.938272088
0.134,-0.705,1.302,36.4,deg,27,d4SigUU,0.26144,nb GeV^-4,0.065823,0.10499,CLAS,e-,10.6,p,0.938272088
0.134,-0.705,1.302,63,deg,27,d4SigUU,0.067807,nb GeV^-4,0.013228,0.025534,CLAS,e-,10.6,p,0.938272088
0.134,-0.705,1.302,187.5,deg,27,d4SigUU,0.020575,nb GeV^-4,0.0076683,0.0093764,CLAS,e-,10.6,p,0.938272088
0.134,-0.705,1.302,264.3,deg,27,d4SigUU,0.037128,nb GeV^-4,0.010043,0.016534,CLAS,e-,10.6,p,0.938272088
0.134,-0.705,1.302,314.5,deg,27,d4SigUU,0.098475,nb GeV^-4,0.021752,0.03787,CLAS,e-,10.6,p,0.938272088
0.132,-0.129,1.697,7.4,deg,28,d4SigUU,3.1337,nb GeV^-4,0.29433,1.4139,CLAS,e-,10.6,p,0.938272088
0.132,-0.129,1.697,22.2,deg,28,d4SigUU,2.5255,nb GeV^-4,0.21823,0.94921,CLAS,e-,10.6,p,0.938272088
0.132,-0.129,1.697,37.1,deg,28,d4SigUU,1.5636,nb GeV^-4,0.1606,0.60226,CLAS,e-,10.6,p,0.938272088
0.132,-0.129,1.697,52.1,deg,28,d4SigUU,1.2618,nb GeV^-4,0.19472,0.59017,CLAS,e-,10.6,p,0.938272088
0.132,-0.129,1.697,67.1,deg,28,d4SigUU,1.3268,nb GeV^-4,0.27673,0.46365,CLAS,e-,10.6,p,0.938272088
0.132,-0.129,1.697,97.2,deg,28,d4SigUU,0.59377,nb GeV^-4,0.13246,0.20197,CLAS,e-,10.6,p,0.938272088
0.132,-0.129,1.697,112.3,deg,28,d4SigUU,0.55001,nb GeV^-4,0.11609,0.20092,CLAS,e-,10.6,p,0.938272088
0.132,-0.129,1.697,127.3,deg,28,d4SigUU,0.55897,nb GeV^-4,0.08131,0.18708,CLAS,e-,10.6,p,0.938272088
0.132,-0.129,1.697,142.4,deg,28,d4SigUU,0.33852,nb GeV^-4,0.050963,0.11568,CLAS,e-,10.6,p,0.938272088
0.132,-0.129,1.697,164.8,deg,28,d4SigUU,0.24514,nb GeV^-4,0.035014,0.078335,CLAS,e-,10.6,p,0.938272088
0.132,-0.129,1.697,203.1,deg,28,d4SigUU,0.2483,nb GeV^-4,0.041608,0.084996,CLAS,e-,10.6,p,0.938272088
0.132,-0.129,1.697,286.3,deg,28,d4SigUU,1.2109,nb GeV^-4,0.28546,0.54324,CLAS,e-,10.6,p,0.938272088
0.132,-0.129,1.697,307.9,deg,28,d4SigUU,1.4466,nb GeV^-4,0.18471,0.72121,CLAS,e-,10.6,p,0.938272088
0.132,-0.129,1.697,322.9,deg,28,d4SigUU,1.7749,nb GeV^-4,0.16311,0.63694,CLAS,e-,10.6,p,0.938272088
0.132,-0.129,1.697,337.8,deg,28,d4SigUU,2.3943,nb GeV^-4,0.22755,0.82554,CLAS,e-,10.6,p,0.938272088
0.132,-0.129,1.697,352.6,deg,28,d4SigUU,2.9596,nb GeV^-4,0.31249,1.257,CLAS,e-,10.6,p,0.938272088
0.132,-0.197,1.698,7.3,deg,29,d4SigUU,2.6097,nb GeV^-4,0.20728,1.0468,CLAS,e-,10.6,p,0.938272088
0.132,-0.197,1.698,22,deg,29,d4SigUU,2.0408,nb GeV^-4,0.12494,0.77902,CLAS,e-,10.6,p,0.938272088
0.132,-0.197,1.698,37,deg,29,d4SigUU,1.2537,nb GeV^-4,0.079819,0.42623,CLAS,e-,10.6,p,0.938272088
0.132,-0.197,1.698,52,deg,29,d4SigUU,0.80246,nb GeV^-4,0.073555,0.2993,CLAS,e-,10.6,p,0.938272088
0.132,-0.197,1.698,67.1,deg,29,d4SigUU,0.67779,nb GeV^-4,0.10894,0.24101,CLAS,e-,10.6,p,0.938272088
0.132,-0.197,1.698,82.2,deg,29,d4SigUU,0.89401,nb GeV^-4,0.2279,0.39908,CLAS,e-,10.6,p,0.938272088
0.132,-0.197,1.698,97.2,deg,29,d4SigUU,0.62202,nb GeV^-4,0.093724,0.23343,CLAS,e-,10.6,p,0.938272088
0.132,-0.197,1.698,112.3,deg,29,d4SigUU,0.3109,nb GeV^-4,0.036498,0.10007,CLAS,e-,10.6,p,0.938272088
0.132,-0.197,1.698,127.3,deg,29,d4SigUU,0.25606,nb GeV^-4,0.021931,0.087515,CLAS,e-,10.6,p,0.938272088
0.132,-0.197,1.698,142.4,deg,29,d4SigUU,0.24939,nb GeV^-4,0.016872,0.082574,CLAS,e-,10.6,p,0.938272088
0.132,-0.197,1.698,157.4,deg,29,d4SigUU,0.24634,nb GeV^-4,0.016368,0.07938,CLAS,e-,10.6,p,0.938272088
0.132,-0.197,1.698,172.5,deg,29,d4SigUU,0.2151,nb GeV^-4,0.018998,0.07163,CLAS,e-,10.6,p,0.938272088
0.132,-0.197,1.698,187.5,deg,29,d4SigUU,0.2524,nb GeV^-4,0.023723,0.082193,CLAS,e-,10.6,p,0.938272088
0.132,-0.197,1.698,202.6,deg,29,d4SigUU,0.19954,nb GeV^-4,0.023233,0.065217,CLAS,e-,10.6,p,0.938272088
0.132,-0.197,1.698,225.6,deg,29,d4SigUU,0.1895,nb GeV^-4,0.038899,0.065239,CLAS,e-,10.6,p,0.938272088
0.132,-0.197,1.698,286.5,deg,29,d4SigUU,0.40021,nb GeV^-4,0.066096,0.15861,CLAS,e-,10.6,p,0.938272088
0.132,-0.197,1.698,308,deg,29,d4SigUU,0.8993,nb GeV^-4,0.07478,0.31289,CLAS,e-,10.6,p,0.938272088
0.132,-0.197,1.698,323,deg,29,d4SigUU,1.3877,nb GeV^-4,0.080471,0.46823,CLAS,e-,10.6,p,0.938272088
0.132,-0.197,1.698,338,deg,29,d4SigUU,1.6473,nb GeV^-4,0.098265,0.55038,CLAS,e-,10.6,p,0.938272088
0.132,-0.197,1.698,352.7,deg,29,d4SigUU,2.4621,nb GeV^-4,0.19522,0.8833,CLAS,e-,10.6,p,0.938272088
0.131,-0.324,1.706,6.7,deg,30,d4SigUU,2.3438,nb GeV^-4,0.22734,0.84811,CLAS,e-,10.6,p,0.938272088
0.131,-0.324,1.706,21.6,deg,30,d4SigUU,1.3481,nb GeV^-4,0.077022,0.4535,CLAS,e-,10.6,p,0.938272088
0.131,-0.324,1.706,36.7,deg,30,d4SigUU,0.75378,nb GeV^-4,0.038225,0.25156,CLAS,e-,10.6,p,0.938272088
0.131,-0.324,1.706,51.9,deg,30,d4SigUU,0.43005,nb GeV^-4,0.03552,0.17164,CLAS,e-,10.6,p,0.938272088
0.131,-0.324,1.706,67,deg,30,d4SigUU,0.25303,nb GeV^-4,0.059355,0.096496,CLAS,e-,10.6,p,0.938272088
0.131,-0.324,1.706,104,deg,30,d4SigUU,0.13434,nb GeV^-4,0.02039,0.045975,CLAS,e-,10.6,p,0.938272088
0.131,-0.324,1.706,127.4,deg,30,d4SigUU,0.10768,nb GeV^-4,0.012086,0.036052,CLAS,e-,10.6,p,0.938272088
0.131,-0.324,1.706,142.4,deg,30,d4SigUU,0.092385,nb GeV^-4,0.0075352,0.031187,CLAS,e-,10.6,p,0.938272088
0.131,-0.324,1.706,157.5,deg,30,d4SigUU,0.085485,nb GeV^-4,0.0067376,0.028837,CLAS,e-,10.6,p,0.938272088
0.131,-0.324,1.706,172.5,deg,30,d4SigUU,0.089037,nb GeV^-4,0.0077031,0.030186,CLAS,e-,10.6,p,0.938272088
0.131,-0.324,1.706,187.5,deg,30,d4SigUU,0.076133,nb GeV^-4,0.009493,0.025161,CLAS,e-,10.6,p,0.938272088
0.131,-0.324,1.706,202.5,deg,30,d4SigUU,0.086129,nb GeV^-4,0.010809,0.028802,CLAS,e-,10.6,p,0.938272088
0.131,-0.324,1.706,217.6,deg,30,d4SigUU,0.061685,nb GeV^-4,0.018819,0.028863,CLAS,e-,10.6,p,0.938272088
0.131,-0.324,1.706,256,deg,30,d4SigUU,0.13309,nb GeV^-4,0.023261,0.045477,CLAS,e-,10.6,p,0.938272088
0.131,-0.324,1.706,277.9,deg,30,d4SigUU,0.2104,nb GeV^-4,0.030328,0.073253,CLAS,e-,10.6,p,0.938272088
0.131,-0.324,1.706,293,deg,30,d4SigUU,0.26503,nb GeV^-4,0.03963,0.086507,CLAS,e-,10.6,p,0.938272088
0.131,-0.324,1.706,308.1,deg,30,d4SigUU,0.40976,nb GeV^-4,0.036207,0.14201,CLAS,e-,10.6,p,0.938272088
0.131,-0.324,1.706,323.2,deg,30,d4SigUU,0.70506,nb GeV^-4,0.035409,0.23548,CLAS,e-,10.6,p,0.938272088
0.131,-0.324,1.706,338.4,deg,30,d4SigUU,1.4084,nb GeV^-4,0.073142,0.47469,CLAS,e-,10.6,p,0.938272088
0.131,-0.324,1.706,353.2,deg,30,d4SigUU,2.2239,nb GeV^-4,0.18394,0.84128,CLAS,e-,10.6,p,0.938272088
0.126,-0.523,1.719,21,deg,31,d4SigUU,1.029,nb GeV^-4,0.066104,0.35928,CLAS,e-,10.6,p,0.938272088
0.126,-0.523,1.719,36.5,deg,31,d4SigUU,0.41643,nb GeV^-4,0.022842,0.13803,CLAS,e-,10.6,p,0.938272088
0.126,-0.523,1.719,57.5,deg,31,d4SigUU,0.17815,nb GeV^-4,0.019039,0.06548,CLAS,e-,10.6,p,0.938272088
0.126,-0.523,1.719,119.3,deg,31,d4SigUU,0.039045,nb GeV^-4,0.0067505,0.015176,CLAS,e-,10.6,p,0.938272088
0.126,-0.523,1.719,142.4,deg,31,d4SigUU,0.034181,nb GeV^-4,0.0042868,0.012073,CLAS,e-,10.6,p,0.938272088
0.126,-0.523,1.719,157.4,deg,31,d4SigUU,0.042214,nb GeV^-4,0.0042035,0.014741,CLAS,e-,10.6,p,0.938272088
0.126,-0.523,1.719,172.5,deg,31,d4SigUU,0.04054,nb GeV^-4,0.0044304,0.014382,CLAS,e-,10.6,p,0.938272088
0.126,-0.523,1.719,187.5,deg,31,d4SigUU,0.028,nb GeV^-4,0.0050439,0.0098368,CLAS,e-,10.6,p,0.938272088
0.126,-0.523,1.719,210.3,deg,31,d4SigUU,0.025588,nb GeV^-4,0.0051444,0.0091229,CLAS,e-,10.6,p,0.938272088
0.126,-0.523,1.719,247.7,deg,31,d4SigUU,0.060693,nb GeV^-4,0.01382,0.026229,CLAS,e-,10.6,p,0.938272088
0.126,-0.523,1.719,262.8,deg,31,d4SigUU,0.065983,nb GeV^-4,0.0088667,0.022892,CLAS,e-,10.6,p,0.938272088
0.126,-0.523,1.719,277.9,deg,31,d4SigUU,0.078379,nb GeV^-4,0.0080067,0.02663,CLAS,e-,10.6,p,0.938272088
0.126,-0.523,1.719,293,deg,31,d4SigUU,0.1058,nb GeV^-4,0.010995,0.036911,CLAS,e-,10.6,p,0.938272088
0.126,-0.523,1.719,308.2,deg,31,d4SigUU,0.15441,nb GeV^-4,0.01616,0.052638,CLAS,e-,10.6,p,0.938272088
0.126,-0.523,1.719,323.5,deg,31,d4SigUU,0.36961,nb GeV^-4,0.020784,0.12394,CLAS,e-,10.6,p,0.938272088
0.126,-0.523,1.719,339,deg,31,d4SigUU,1.2252,nb GeV^-4,0.071108,0.44653,CLAS,e-,10.6,p,0.938272088
0.135,-0.693,1.648,20.8,deg,32,d4SigUU,0.52124,nb GeV^-4,0.044009,0.18012,CLAS,e-,10.6,p,0.938272088
0.135,-0.693,1.648,36.4,deg,32,d4SigUU,0.15761,nb GeV^-4,0.012871,0.056346,CLAS,e-,10.6,p,0.938272088
0.135,-0.693,1.648,51.8,deg,32,d4SigUU,0.078116,nb GeV^-4,0.011677,0.027088,CLAS,e-,10.6,p,0.938272088
0.135,-0.693,1.648,73.2,deg,32,d4SigUU,0.03023,nb GeV^-4,0.0063123,0.012976,CLAS,e-,10.6,p,0.938272088
0.135,-0.693,1.648,134.6,deg,32,d4SigUU,0.018456,nb GeV^-4,0.0033737,0.0064669,CLAS,e-,10.6,p,0.938272088
0.135,-0.693,1.648,157.5,deg,32,d4SigUU,0.017884,nb GeV^-4,0.0033131,0.0073629,CLAS,e-,10.6,p,0.938272088
0.135,-0.693,1.648,172.5,deg,32,d4SigUU,0.018193,nb GeV^-4,0.0033829,0.0066229,CLAS,e-,10.6,p,0.938272088
0.135,-0.693,1.648,195.1,deg,32,d4SigUU,0.011696,nb GeV^-4,0.0029464,0.0040642,CLAS,e-,10.6,p,0.938272088
0.135,-0.693,1.648,255.8,deg,32,d4SigUU,0.020796,nb GeV^-4,0.0035336,0.0074132,CLAS,e-,10.6,p,0.938272088
0.135,-0.693,1.648,277.9,deg,32,d4SigUU,0.043045,nb GeV^-4,0.0056363,0.014961,CLAS,e-,10.6,p,0.938272088
0.135,-0.693,1.648,293,deg,32,d4SigUU,0.04381,nb GeV^-4,0.0070182,0.015337,CLAS,e-,10.6,p,0.938272088
0.135,-0.693,1.648,308.3,deg,32,d4SigUU,0.051959,nb GeV^-4,0.011779,0.018138,CLAS,e-,10.6,p,0.938272088
0.135,-0.693,1.648,323.5,deg,32,d4SigUU,0.15738,nb GeV^-4,0.015577,0.055744,CLAS,e-,10.6,p,0.938272088
0.135,-0.693,1.648,339.2,deg,32,d4SigUU,0.55357,nb GeV^-4,0.041129,0.18958,CLAS,e-,10.6,p,0.938272088
0.145,-0.855,1.642,36.4,deg,33,d4SigUU,0.072961,nb GeV^-4,0.0095702,0.027197,CLAS,e-,10.6,p,0.938272088
0.145,-0.855,1.642,51.8,deg,33,d4SigUU,0.040516,nb GeV^-4,0.00793,0.015074,CLAS,e-,10.6,p,0.938272088
0.145,-0.855,1.642,79.2,deg,33,d4SigUU,0.014613,nb GeV^-4,0.0031756,0.0057527,CLAS,e-,10.6,p,0.938272088
0.145,-0.855,1.642,164.9,deg,33,d4SigUU,0.011228,nb GeV^-4,0.0021999,0.0047387,CLAS,e-,10.6,p,0.938272088
0.145,-0.855,1.642,248.9,deg,33,d4SigUU,0.013435,nb GeV^-4,0.0027397,0.0059969,CLAS,e-,10.6,p,0.938272088
0.145,-0.855,1.642,277.8,deg,33,d4SigUU,0.020452,nb GeV^-4,0.0042374,0.0071241,CLAS,e-,10.6,p,0.938272088
0.145,-0.855,1.642,293,deg,33,d4SigUU,0.020331,nb GeV^-4,0.0057729,0.0078392,CLAS,e-,10.6,p,0.938272088
0.145,-0.855,1.642,323.5,deg,33,d4SigUU,0.061792,nb GeV^-4,0.0087843,0.022515,CLAS,e-,10.6,p,0.938272088
0.137,-0.129,2.136,7.4,deg,34,d4SigUU,5.2652,nb GeV^-4,0.31934,1.7178,CLAS,e-,10.6,p,0.938272088
0.137,-0.129,2.136,22.1,deg,34,d4SigUU,3.3291,nb GeV^-4,0.19831,1.1153,CLAS,e-,10.6,p,0.938272088
0.137,-0.129,2.136,37,deg,34,d4SigUU,2.2036,nb GeV^-4,0.14836,0.70353,CLAS,e-,10.6,p,0.938272088
0.137,-0.129,2.136,52.1,deg,34,d4SigUU,1.7793,nb GeV^-4,0.15706,0.61726,CLAS,e-,10.6,p,0.938272088
0.137,-0.129,2.136,67.2,deg,34,d4SigUU,1.3215,nb GeV^-4,0.15729,0.43126,CLAS,e-,10.6,p,0.938272088
0.137,-0.129,2.136,82.2,deg,34,d4SigUU,1.079,nb GeV^-4,0.20067,0.38189,CLAS,e-,10.6,p,0.938272088
0.137,-0.129,2.136,104,deg,34,d4SigUU,0.41512,nb GeV^-4,0.085329,0.14707,CLAS,e-,10.6,p,0.938272088
0.137,-0.129,2.136,127.3,deg,34,d4SigUU,0.37605,nb GeV^-4,0.072153,0.12274,CLAS,e-,10.6,p,0.938272088
0.137,-0.129,2.136,142.4,deg,34,d4SigUU,0.23088,nb GeV^-4,0.047669,0.1074,CLAS,e-,10.6,p,0.938272088
0.137,-0.129,2.136,164.8,deg,34,d4SigUU,0.23268,nb GeV^-4,0.041033,0.075571,CLAS,e-,10.6,p,0.938272088
0.137,-0.129,2.136,195.2,deg,34,d4SigUU,0.38001,nb GeV^-4,0.084958,0.15636,CLAS,e-,10.6,p,0.938272088
0.137,-0.129,2.136,271.3,deg,34,d4SigUU,1.2956,nb GeV^-4,0.34372,0.51365,CLAS,e-,10.6,p,0.938272088
0.137,-0.129,2.136,292.9,deg,34,d4SigUU,1.4886,nb GeV^-4,0.17265,0.50382,CLAS,e-,10.6,p,0.938272088
0.137,-0.129,2.136,307.9,deg,34,d4SigUU,1.8353,nb GeV^-4,0.13278,0.61211,CLAS,e-,10.6,p,0.938272088
0.137,-0.129,2.136,322.9,deg,34,d4SigUU,2.5475,nb GeV^-4,0.15449,0.82263,CLAS,e-,10.6,p,0.938272088
0.137,-0.129,2.136,337.9,deg,34,d4SigUU,3.5292,nb GeV^-4,0.23395,1.1776,CLAS,e-,10.6,p,0.938272088
0.137,-0.129,2.136,352.6,deg,34,d4SigUU,4.3782,nb GeV^-4,0.30096,1.4288,CLAS,e-,10.6,p,0.938272088
0.137,-0.197,2.136,7.1,deg,35,d4SigUU,5.0417,nb GeV^-4,0.27628,1.6902,CLAS,e-,10.6,p,0.938272088
0.137,-0.197,2.136,21.8,deg,35,d4SigUU,3.0844,nb GeV^-4,0.12798,1.0148,CLAS,e-,10.6,p,0.938272088
0.137,-0.197,2.136,36.9,deg,35,d4SigUU,1.7004,nb GeV^-4,0.06614,0.55809,CLAS,e-,10.6,p,0.938272088
0.137,-0.197,2.136,52,deg,35,d4SigUU,1.0296,nb GeV^-4,0.052044,0.33536,CLAS,e-,10.6,p,0.938272088
0.137,-0.197,2.136,67.1,deg,35,d4SigUU,0.81053,nb GeV^-4,0.059864,0.27169,CLAS,e-,10.6,p,0.938272088
0.137,-0.197,2.136,82.2,deg,35,d4SigUU,0.67839,nb GeV^-4,0.10401,0.23026,CLAS,e-,10.6,p,0.938272088
0.137,-0.197,2.136,97.2,deg,35,d4SigUU,0.40833,nb GeV^-4,0.069508,0.15362,CLAS,e-,10.6,p,0.938272088
0.137,-0.197,2.136,112.3,deg,35,d4SigUU,0.31635,nb GeV^-4,0.037098,0.10338,CLAS,e-,10.6,p,0.938272088
0.137,-0.197,2.136,127.3,deg,35,d4SigUU,0.23909,nb GeV^-4,0.02082,0.078569,CLAS,e-,10.6,p,0.938272088
0.137,-0.197,2.136,142.4,deg,35,d4SigUU,0.28047,nb GeV^-4,0.020265,0.092933,CLAS,e-,10.6,p,0.938272088
0.137,-0.197,2.136,157.4,deg,35,d4SigUU,0.22812,nb GeV^-4,0.017554,0.075976,CLAS,e-,10.6,p,0.938272088
0.137,-0.197,2.136,172.5,deg,35,d4SigUU,0.19303,nb GeV^-4,0.020982,0.064681,CLAS,e-,10.6,p,0.938272088
0.137,-0.197,2.136,187.5,deg,35,d4SigUU,0.19212,nb GeV^-4,0.026777,0.069483,CLAS,e-,10.6,p,0.938272088
0.137,-0.197,2.136,210.3,deg,35,d4SigUU,0.19986,nb GeV^-4,0.031185,0.077347,CLAS,e-,10.6,p,0.938272088
0.137,-0.197,2.136,265.3,deg,35,d4SigUU,0.30662,nb GeV^-4,0.052944,0.115,CLAS,e-,10.6,p,0.938272088
0.137,-0.197,2.136,293,deg,35,d4SigUU,0.70721,nb GeV^-4,0.053983,0.22947,CLAS,e-,10.6,p,0.938272088
0.137,-0.197,2.136,308,deg,35,d4SigUU,1.0861,nb GeV^-4,0.05038,0.34994,CLAS,e-,10.6,p,0.938272088
0.137,-0.197,2.136,323.1,deg,35,d4SigUU,1.7974,nb GeV^-4,0.064888,0.69168,CLAS,e-,10.6,p,0.938272088
0.137,-0.197,2.136,338.1,deg,35,d4SigUU,2.9024,nb GeV^-4,0.12384,0.95334,CLAS,e-,10.6,p,0.938272088
0.137,-0.197,2.136,352.9,deg,35,d4SigUU,4.5677,nb GeV^-4,0.26503,1.5182,CLAS,e-,10.6,p,0.938272088
0.132,-0.344,2.126,21.3,deg,36,d4SigUU,2.8015,nb GeV^-4,0.15429,0.94352,CLAS,e-,10.6,p,0.938272088
0.132,-0.344,2.126,36.7,deg,36,d4SigUU,0.97603,nb GeV^-4,0.036897,0.31884,CLAS,e-,10.6,p,0.938272088
0.132,-0.344,2.126,51.8,deg,36,d4SigUU,0.48146,nb GeV^-4,0.024824,0.15998,CLAS,e-,10.6,p,0.938272088
0.132,-0.344,2.126,73.1,deg,36,d4SigUU,0.30129,nb GeV^-4,0.030301,0.10312,CLAS,e-,10.6,p,0.938272088
0.132,-0.344,2.126,103.9,deg,36,d4SigUU,0.12219,nb GeV^-4,0.016235,0.042611,CLAS,e-,10.6,p,0.938272088
0.132,-0.344,2.126,127.3,deg,36,d4SigUU,0.10881,nb GeV^-4,0.010414,0.035925,CLAS,e-,10.6,p,0.938272088
0.132,-0.344,2.126,142.4,deg,36,d4SigUU,0.10149,nb GeV^-4,0.0081442,0.032189,CLAS,e-,10.6,p,0.938272088
0.132,-0.344,2.126,157.4,deg,36,d4SigUU,0.078773,nb GeV^-4,0.0065815,0.025857,CLAS,e-,10.6,p,0.938272088
0.132,-0.344,2.126,172.5,deg,36,d4SigUU,0.064325,nb GeV^-4,0.0072396,0.021503,CLAS,e-,10.6,p,0.938272088
0.132,-0.344,2.126,187.5,deg,36,d4SigUU,0.093887,nb GeV^-4,0.013492,0.032269,CLAS,e-,10.6,p,0.938272088
0.132,-0.344,2.126,202.5,deg,36,d4SigUU,0.069252,nb GeV^-4,0.014051,0.022548,CLAS,e-,10.6,p,0.938272088
0.132,-0.344,2.126,234.2,deg,36,d4SigUU,0.10451,nb GeV^-4,0.016541,0.037246,CLAS,e-,10.6,p,0.938272088
0.132,-0.344,2.126,262.8,deg,36,d4SigUU,0.095986,nb GeV^-4,0.014482,0.032126,CLAS,e-,10.6,p,0.938272088
0.132,-0.344,2.126,277.9,deg,36,d4SigUU,0.15818,nb GeV^-4,0.025146,0.063941,CLAS,e-,10.6,p,0.938272088
0.132,-0.344,2.126,293,deg,36,d4SigUU,0.31857,nb GeV^-4,0.031655,0.10619,CLAS,e-,10.6,p,0.938272088
0.132,-0.344,2.126,308.2,deg,36,d4SigUU,0.47824,nb GeV^-4,0.02499,0.15622,CLAS,e-,10.6,p,0.938272088
0.132,-0.344,2.126,323.3,deg,36,d4SigUU,0.96791,nb GeV^-4,0.035896,0.31896,CLAS,e-,10.6,p,0.938272088
0.132,-0.344,2.126,338.7,deg,36,d4SigUU,2.7175,nb GeV^-4,0.14573,0.9346,CLAS,e-,10.6,p,0.938272088
0.133,-0.474,2.098,36.5,deg,37,d4SigUU,0.4758,nb GeV^-4,0.021297,0.15887,CLAS,e-,10.6,p,0.938272088
0.133,-0.474,2.098,51.8,deg,37,d4SigUU,0.24685,nb GeV^-4,0.017261,0.083791,CLAS,e-,10.6,p,0.938272088
0.133,-0.474,2.098,67,deg,37,d4SigUU,0.15114,nb GeV^-4,0.034522,0.055093,CLAS,e-,10.6,p,0.938272088
0.133,-0.474,2.098,112.3,deg,37,d4SigUU,0.078702,nb GeV^-4,0.017609,0.025924,CLAS,e-,10.6,p,0.938272088
0.133,-0.474,2.098,127.3,deg,37,d4SigUU,0.050709,nb GeV^-4,0.0079783,0.016672,CLAS,e-,10.6,p,0.938272088
0.133,-0.474,2.098,142.4,deg,37,d4SigUU,0.042325,nb GeV^-4,0.0051552,0.014652,CLAS,e-,10.6,p,0.938272088
0.133,-0.474,2.098,157.4,deg,37,d4SigUU,0.043011,nb GeV^-4,0.0046868,0.014278,CLAS,e-,10.6,p,0.938272088
0.133,-0.474,2.098,172.5,deg,37,d4SigUU,0.040594,nb GeV^-4,0.0052821,0.013816,CLAS,e-,10.6,p,0.938272088
0.133,-0.474,2.098,187.5,deg,37,d4SigUU,0.045182,nb GeV^-4,0.0083919,0.016943,CLAS,e-,10.6,p,0.938272088
0.133,-0.474,2.098,218.6,deg,37,d4SigUU,0.040221,nb GeV^-4,0.0084816,0.017919,CLAS,e-,10.6,p,0.938272088
0.133,-0.474,2.098,262.8,deg,37,d4SigUU,0.066038,nb GeV^-4,0.0083626,0.022513,CLAS,e-,10.6,p,0.938272088
0.133,-0.474,2.098,277.9,deg,37,d4SigUU,0.094365,nb GeV^-4,0.011369,0.031539,CLAS,e-,10.6,p,0.938272088
0.133,-0.474,2.098,293,deg,37,d4SigUU,0.11778,nb GeV^-4,0.018036,0.038799,CLAS,e-,10.6,p,0.938272088
0.133,-0.474,2.098,308.2,deg,37,d4SigUU,0.24656,nb GeV^-4,0.017473,0.082146,CLAS,e-,10.6,p,0.938272088
0.133,-0.474,2.098,323.5,deg,37,d4SigUU,0.4565,nb GeV^-4,0.02136,0.15315,CLAS,e-,10.6,p,0.938272088
0.145,-0.67,2.096,21,deg,38,d4SigUU,0.39965,nb GeV^-4,0.04028,0.13622,CLAS,e-,10.6,p,0.938272088
0.145,-0.67,2.096,36.5,deg,38,d4SigUU,0.15434,nb GeV^-4,0.0098298,0.054219,CLAS,e-,10.6,p,0.938272088
0.145,-0.67,2.096,57.5,deg,38,d4SigUU,0.055124,nb GeV^-4,0.0063592,0.018635,CLAS,e-,10.6,p,0.938272088
0.145,-0.67,2.096,126.1,deg,38,d4SigUU,0.01564,nb GeV^-4,0.0025582,0.0055946,CLAS,e-,10.6,p,0.938272088
0.145,-0.67,2.096,187.7,deg,38,d4SigUU,0.015016,nb GeV^-4,0.0023593,0.0049492,CLAS,e-,10.6,p,0.938272088
0.145,-0.67,2.096,240.7,deg,38,d4SigUU,0.012126,nb GeV^-4,0.003053,0.0046411,CLAS,e-,10.6,p,0.938272088
0.145,-0.67,2.096,262.8,deg,38,d4SigUU,0.012691,nb GeV^-4,0.0030036,0.0052497,CLAS,e-,10.6,p,0.938272088
0.145,-0.67,2.096,277.9,deg,38,d4SigUU,0.032329,nb GeV^-4,0.0051409,0.010616,CLAS,e-,10.6,p,0.938272088
0.145,-0.67,2.096,293,deg,38,d4SigUU,0.034438,nb GeV^-4,0.0082465,0.012683,CLAS,e-,10.6,p,0.938272088
0.145,-0.67,2.096,308.2,deg,38,d4SigUU,0.060199,nb GeV^-4,0.0085041,0.022504,CLAS,e-,10.6,p,0.938272088
0.145,-0.67,2.096,323.5,deg,38,d4SigUU,0.15039,nb GeV^-4,0.010018,0.052778,CLAS,e-,10.6,p,0.938272088
0.145,-0.67,2.096,339,deg,38,d4SigUU,0.46476,nb GeV^-4,0.044531,0.16361,CLAS,e-,10.6,p,0.938272088
0.177,-0.197,1.323,7.4,deg,39,d4SigUU,0.73839,nb GeV^-4,0.24962,0.30216,CLAS,e-,10.6,p,0.938272088
0.177,-0.197,1.323,55.6,deg,39,d4SigUU,0.60928,nb GeV^-4,0.1911,0.23976,CLAS,e-,10.6,p,0.938272088
0.177,-0.197,1.323,104.5,deg,39,d4SigUU,0.26126,nb GeV^-4,0.070582,0.092686,CLAS,e-,10.6,p,0.938272088
0.177,-0.197,1.323,142.1,deg,39,d4SigUU,0.18178,nb GeV^-4,0.064658,0.083821,CLAS,e-,10.6,p,0.938272088
0.177,-0.322,1.322,126.9,deg,40,d4SigUU,0.17053,nb GeV^-4,0.043868,0.075765,CLAS,e-,10.6,p,0.938272088
0.177,-0.322,1.322,187.7,deg,40,d4SigUU,0.069751,nb GeV^-4,0.026116,0.028753,CLAS,e-,10.6,p,0.938272088
0.176,-0.501,1.319,11.3,deg,41,d4SigUU,0.85049,nb GeV^-4,0.23534,0.31591,CLAS,e-,10.6,p,0.938272088
0.176,-0.501,1.319,333.6,deg,41,d4SigUU,0.34574,nb GeV^-4,0.1088,0.14018,CLAS,e-,10.6,p,0.938272088
0.176,-0.129,1.682,7.4,deg,42,d4SigUU,0.7528,nb GeV^-4,0.10163,0.28729,CLAS,e-,10.6,p,0.938272088
0.176,-0.129,1.682,22.3,deg,42,d4SigUU,0.67644,nb GeV^-4,0.087888,0.24083,CLAS,e-,10.6,p,0.938272088
0.176,-0.129,1.682,37.3,deg,42,d4SigUU,0.51873,nb GeV^-4,0.083341,0.18605,CLAS,e-,10.6,p,0.938272088
0.176,-0.129,1.682,52.2,deg,42,d4SigUU,0.46022,nb GeV^-4,0.10613,0.16375,CLAS,e-,10.6,p,0.938272088
0.176,-0.129,1.682,67.2,deg,42,d4SigUU,0.3583,nb GeV^-4,0.099358,0.14948,CLAS,e-,10.6,p,0.938272088
0.176,-0.129,1.682,89.1,deg,42,d4SigUU,0.12214,nb GeV^-4,0.028394,0.051204,CLAS,e-,10.6,p,0.938272088
0.176,-0.129,1.682,126.4,deg,42,d4SigUU,0.068015,nb GeV^-4,0.023915,0.025125,CLAS,e-,10.6,p,0.938272088
0.176,-0.129,1.682,345.5,deg,42,d4SigUU,0.81407,nb GeV^-4,0.16481,0.33336,CLAS,e-,10.6,p,0.938272088
0.176,-0.196,1.68,7.4,deg,43,d4SigUU,0.57322,nb GeV^-4,0.051958,0.19392,CLAS,e-,10.6,p,0.938272088
0.176,-0.196,1.68,22.2,deg,43,d4SigUU,0.56984,nb GeV^-4,0.052131,0.19415,CLAS,e-,10.6,p,0.938272088
0.176,-0.196,1.68,37.2,deg,43,d4SigUU,0.536,nb GeV^-4,0.072387,0.18425,CLAS,e-,10.6,p,0.938272088
0.176,-0.196,1.68,52.2,deg,43,d4SigUU,0.36348,nb GeV^-4,0.069523,0.14466,CLAS,e-,10.6,p,0.938272088
0.176,-0.196,1.68,67.2,deg,43,d4SigUU,0.3048,nb GeV^-4,0.065289,0.10303,CLAS,e-,10.6,p,0.938272088
0.176,-0.196,1.68,82.3,deg,43,d4SigUU,0.20036,nb GeV^-4,0.030253,0.070476,CLAS,e-,10.6,p,0.938272088
0.176,-0.196,1.68,97.3,deg,43,d4SigUU,0.16819,nb GeV^-4,0.020077,0.061412,CLAS,e-,10.6,p,0.938272088
0.176,-0.196,1.68,112.3,deg,43,d4SigUU,0.11975,nb GeV^-4,0.01548,0.042288,CLAS,e-,10.6,p,0.938272088
0.176,-0.196,1.68,127.4,deg,43,d4SigUU,0.13192,nb GeV^-4,0.019943,0.053124,CLAS,e-,10.6,p,0.938272088
0.176,-0.196,1.68,142.4,deg,43,d4SigUU,0.12052,nb GeV^-4,0.016651,0.044591,CLAS,e-,10.6,p,0.938272088
0.176,-0.196,1.68,157.5,deg,43,d4SigUU,0.098254,nb GeV^-4,0.018601,0.034205,CLAS,e-,10.6,p,0.938272088
0.176,-0.196,1.68,172.4,deg,43,d4SigUU,0.10052,nb GeV^-4,0.023936,0.039669,CLAS,e-,10.6,p,0.938272088
0.176,-0.196,1.68,187.5,deg,43,d4SigUU,0.094015,nb GeV^-4,0.02233,0.037661,CLAS,e-,10.6,p,0.938272088
0.176,-0.196,1.68,202.5,deg,43,d4SigUU,0.11244,nb GeV^-4,0.022078,0.040837,CLAS,e-,10.6,p,0.938272088
0.176,-0.196,1.68,233.5,deg,43,d4SigUU,0.1166,nb GeV^-4,0.02043,0.044595,CLAS,e-,10.6,p,0.938272088
0.176,-0.196,1.68,331.3,deg,43,d4SigUU,0.36511,nb GeV^-4,0.087097,0.15381,CLAS,e-,10.6,p,0.938272088
0.176,-0.196,1.68,352.6,deg,43,d4SigUU,0.61119,nb GeV^-4,0.089755,0.21765,CLAS,e-,10.6,p,0.938272088
0.176,-0.32,1.677,7.3,deg,44,d4SigUU,0.36972,nb GeV^-4,0.032596,0.13838,CLAS,e-,10.6,p,0.938272088
0.176,-0.32,1.677,27.9,deg,44,d4SigUU,0.25345,nb GeV^-4,0.027131,0.095857,CLAS,e-,10.6,p,0.938272088
0.176,-0.32,1.677,89.1,deg,44,d4SigUU,0.063912,nb GeV^-4,0.014166,0.022602,CLAS,e-,10.6,p,0.938272088
0.176,-0.32,1.677,112.4,deg,44,d4SigUU,0.04102,nb GeV^-4,0.0073319,0.014359,CLAS,e-,10.6,p,0.938272088
0.176,-0.32,1.677,127.4,deg,44,d4SigUU,0.057723,nb GeV^-4,0.0091537,0.021003,CLAS,e-,10.6,p,0.938272088
0.176,-0.32,1.677,142.4,deg,44,d4SigUU,0.056721,nb GeV^-4,0.0078422,0.020071,CLAS,e-,10.6,p,0.938272088
0.176,-0.32,1.677,157.5,deg,44,d4SigUU,0.038142,nb GeV^-4,0.0066521,0.016296,CLAS,e-,10.6,p,0.938272088
0.176,-0.32,1.677,172.5,deg,44,d4SigUU,0.055031,nb GeV^-4,0.009128,0.021406,CLAS,e-,10.6,p,0.938272088
0.176,-0.32,1.677,187.5,deg,44,d4SigUU,0.047997,nb GeV^-4,0.0095064,0.021689,CLAS,e-,10.6,p,0.938272088
0.176,-0.32,1.677,202.5,deg,44,d4SigUU,0.05683,nb GeV^-4,0.0093391,0.027689,CLAS,e-,10.6,p,0.938272088
0.176,-0.32,1.677,225.3,deg,44,d4SigUU,0.022925,nb GeV^-4,0.0065053,0.010335,CLAS,e-,10.6,p,0.938272088
0.176,-0.32,1.677,295.8,deg,44,d4SigUU,0.11733,nb GeV^-4,0.037386,0.042527,CLAS,e-,10.6,p,0.938272088
0.176,-0.32,1.677,332.1,deg,44,d4SigUU,0.26386,nb GeV^-4,0.028445,0.092284,CLAS,e-,10.6,p,0.938272088
0.176,-0.32,1.677,352.7,deg,44,d4SigUU,0.42042,nb GeV^-4,0.03521,0.1788,CLAS,e-,10.6,p,0.938272088
0.175,-0.499,1.673,6.9,deg,45,d4SigUU,0.52001,nb GeV^-4,0.045323,0.17457,CLAS,e-,10.6,p,0.938272088
0.175,-0.499,1.673,26.6,deg,45,d4SigUU,0.21611,nb GeV^-4,0.020676,0.076128,CLAS,e-,10.6,p,0.938272088
0.175,-0.499,1.673,127.4,deg,45,d4SigUU,0.034748,nb GeV^-4,0.0066161,0.012798,CLAS,e-,10.6,p,0.938272088
0.175,-0.499,1.673,142.4,deg,45,d4SigUU,0.025369,nb GeV^-4,0.0054035,0.010766,CLAS,e-,10.6,p,0.938272088
0.175,-0.499,1.673,157.5,deg,45,d4SigUU,0.025092,nb GeV^-4,0.005379,0.011556,CLAS,e-,10.6,p,0.938272088
0.175,-0.499,1.673,172.5,deg,45,d4SigUU,0.025376,nb GeV^-4,0.0057376,0.012199,CLAS,e-,10.6,p,0.938272088
0.175,-0.499,1.673,187.5,deg,45,d4SigUU,0.022473,nb GeV^-4,0.0061993,0.0090846,CLAS,e-,10.6,p,0.938272088
0.175,-0.499,1.673,210.1,deg,45,d4SigUU,0.02065,nb GeV^-4,0.0044467,0.0080364,CLAS,e-,10.6,p,0.938272088
0.175,-0.499,1.673,270.9,deg,45,d4SigUU,0.044066,nb GeV^-4,0.0072873,0.015386,CLAS,e-,10.6,p,0.938272088
0.175,-0.499,1.673,292.9,deg,45,d4SigUU,0.052558,nb GeV^-4,0.0092538,0.019405,CLAS,e-,10.6,p,0.938272088
0.175,-0.499,1.673,308,deg,45,d4SigUU,0.07077,nb GeV^-4,0.013546,0.027685,CLAS,e-,10.6,p,0.938272088
0.175,-0.499,1.673,323.2,deg,45,d4SigUU,0.11051,nb GeV^-4,0.021453,0.045114,CLAS,e-,10.6,p,0.938272088
0.175,-0.499,1.673,338.4,deg,45,d4SigUU,0.29031,nb GeV^-4,0.024927,0.095079,CLAS,e-,10.6,p,0.938272088
0.175,-0.499,1.673,353.2,deg,45,d4SigUU,0.51533,nb GeV^-4,0.03507,0.17497,CLAS,e-,10.6,p,0.938272088
0.173,-0.713,1.668,5.3,deg,46,d4SigUU,1.2428,nb GeV^-4,0.19824,0.46119,CLAS,e-,10.6,p,0.938272088
0.173,-0.713,1.668,21.1,deg,46,d4SigUU,0.28111,nb GeV^-4,0.035797,0.099985,CLAS,e-,10.6,p,0.938272088
0.173,-0.713,1.668,51.9,deg,46,d4SigUU,0.028685,nb GeV^-4,0.0085922,0.012842,CLAS,e-,10.6,p,0.938272088
0.173,-0.713,1.668,126.9,deg,46,d4SigUU,0.013138,nb GeV^-4,0.0034577,0.0064233,CLAS,e-,10.6,p,0.938272088
0.173,-0.713,1.668,255.5,deg,46,d4SigUU,0.020752,nb GeV^-4,0.0050431,0.0076886,CLAS,e-,10.6,p,0.938272088
0.173,-0.713,1.668,277.7,deg,46,d4SigUU,0.028891,nb GeV^-4,0.0053744,0.011888,CLAS,e-,10.6,p,0.938272088
0.173,-0.713,1.668,292.9,deg,46,d4SigUU,0.02684,nb GeV^-4,0.0051739,0.0091725,CLAS,e-,10.6,p,0.938272088
0.173,-0.713,1.668,308.1,deg,46,d4SigUU,0.040768,nb GeV^-4,0.0081818,0.016477,CLAS,e-,10.6,p,0.938272088
0.173,-0.713,1.668,323.5,deg,46,d4SigUU,0.066855,nb GeV^-4,0.012387,0.03205,CLAS,e-,10.6,p,0.938272088
0.173,-0.713,1.668,339,deg,46,d4SigUU,0.21488,nb GeV^-4,0.020665,0.074967,CLAS,e-,10.6,p,0.938272088
0.173,-0.713,1.668,354.7,deg,46,d4SigUU,1.3504,nb GeV^-4,0.17833,0.50283,CLAS,e-,10.6,p,0.938272088
0.172,-0.907,1.655,41.6,deg,47,d4SigUU,0.024904,nb GeV^-4,0.004778,0.010004,CLAS,e-,10.6,p,0.938272088
0.172,-0.907,1.655,263.8,deg,47,d4SigUU,0.0053696,nb GeV^-4,0.0019725,0.0024716,CLAS,e-,10.6,p,0.938272088
0.172,-0.907,1.655,318.4,deg,47,d4SigUU,0.032308,nb GeV^-4,0.0082997,0.012475,CLAS,e-,10.6,p,0.938272088
0.174,-0.129,2.227,7.4,deg,48,d4SigUU,0.88219,nb GeV^-4,0.07512,0.29208,CLAS,e-,10.6,p,0.938272088
0.174,-0.129,2.227,22.3,deg,48,d4SigUU,0.78513,nb GeV^-4,0.069481,0.26366,CLAS,e-,10.6,p,0.938272088
0.174,-0.129,2.227,37.2,deg,48,d4SigUU,0.51385,nb GeV^-4,0.05756,0.1709,CLAS,e-,10.6,p,0.938272088
0.174,-0.129,2.227,52.2,deg,48,d4SigUU,0.45109,nb GeV^-4,0.075645,0.15066,CLAS,e-,10.6,p,0.938272088
0.174,-0.129,2.227,67.2,deg,48,d4SigUU,0.40307,nb GeV^-4,0.068351,0.13611,CLAS,e-,10.6,p,0.938272088
0.174,-0.129,2.227,82.2,deg,48,d4SigUU,0.25296,nb GeV^-4,0.046305,0.09124,CLAS,e-,10.6,p,0.938272088
0.174,-0.129,2.227,97.3,deg,48,d4SigUU,0.11966,nb GeV^-4,0.027643,0.038768,CLAS,e-,10.6,p,0.938272088
0.174,-0.129,2.227,119.3,deg,48,d4SigUU,0.13435,nb GeV^-4,0.023681,0.046212,CLAS,e-,10.6,p,0.938272088
0.174,-0.129,2.227,149.6,deg,48,d4SigUU,0.063667,nb GeV^-4,0.015095,0.025853,CLAS,e-,10.6,p,0.938272088
0.174,-0.129,2.227,195.7,deg,48,d4SigUU,0.055122,nb GeV^-4,0.016475,0.023073,CLAS,e-,10.6,p,0.938272088
0.174,-0.129,2.227,301.2,deg,48,d4SigUU,0.558,nb GeV^-4,0.12117,0.18367,CLAS,e-,10.6,p,0.938272088
0.174,-0.129,2.227,322.7,deg,48,d4SigUU,0.59773,nb GeV^-4,0.080737,0.19903,CLAS,e-,10.6,p,0.938272088
0.174,-0.129,2.227,337.7,deg,48,d4SigUU,0.63724,nb GeV^-4,0.071968,0.20722,CLAS,e-,10.6,p,0.938272088
0.174,-0.129,2.227,352.6,deg,48,d4SigUU,0.85399,nb GeV^-4,0.086413,0.27736,CLAS,e-,10.6,p,0.938272088
0.174,-0.196,2.226,7.4,deg,49,d4SigUU,0.70409,nb GeV^-4,0.032794,0.23021,CLAS,e-,10.6,p,0.938272088
0.174,-0.196,2.226,22.2,deg,49,d4SigUU,0.65609,nb GeV^-4,0.029709,0.21359,CLAS,e-,10.6,p,0.938272088
0.174,-0.196,2.226,37.1,deg,49,d4SigUU,0.45103,nb GeV^-4,0.026404,0.14562,CLAS,e-,10.6,p,0.938272088
0.174,-0.196,2.226,52.1,deg,49,d4SigUU,0.30633,nb GeV^-4,0.031237,0.10268,CLAS,e-,10.6,p,0.938272088
0.174,-0.196,2.226,67.1,deg,49,d4SigUU,0.36411,nb GeV^-4,0.040123,0.12628,CLAS,e-,10.6,p,0.938272088
0.174,-0.196,2.226,82.2,deg,49,d4SigUU,0.20933,nb GeV^-4,0.019477,0.072683,CLAS,e-,10.6,p,0.938272088
0.174,-0.196,2.226,97.2,deg,49,d4SigUU,0.16883,nb GeV^-4,0.013991,0.058734,CLAS,e-,10.6,p,0.938272088
0.174,-0.196,2.226,112.3,deg,49,d4SigUU,0.14966,nb GeV^-4,0.01279,0.050643,CLAS,e-,10.6,p,0.938272088
0.174,-0.196,2.226,127.4,deg,49,d4SigUU,0.13093,nb GeV^-4,0.010487,0.046774,CLAS,e-,10.6,p,0.938272088
0.174,-0.196,2.226,142.4,deg,49,d4SigUU,0.098279,nb GeV^-4,0.0075429,0.034247,CLAS,e-,10.6,p,0.938272088
0.174,-0.196,2.226,157.4,deg,49,d4SigUU,0.092043,nb GeV^-4,0.0076768,0.03073,CLAS,e-,10.6,p,0.938272088
0.174,-0.196,2.226,172.5,deg,49,d4SigUU,0.08901,nb GeV^-4,0.010066,0.030446,CLAS,e-,10.6,p,0.938272088
0.174,-0.196,2.226,187.5,deg,49,d4SigUU,0.10125,nb GeV^-4,0.01224,0.035953,CLAS,e-,10.6,p,0.938272088
0.174,-0.196,2.226,202.5,deg,49,d4SigUU,0.095589,nb GeV^-4,0.012097,0.031777,CLAS,e-,10.6,p,0.938272088
0.174,-0.196,2.226,217.6,deg,49,d4SigUU,0.10087,nb GeV^-4,0.015414,0.035113,CLAS,e-,10.6,p,0.938272088
0.174,-0.196,2.226,240.7,deg,49,d4SigUU,0.088061,nb GeV^-4,0.022485,0.032387,CLAS,e-,10.6,p,0.938272088
0.174,-0.196,2.226,286.3,deg,49,d4SigUU,0.2718,nb GeV^-4,0.079004,0.11456,CLAS,e-,10.6,p,0.938272088
0.174,-0.196,2.226,307.8,deg,49,d4SigUU,0.31493,nb GeV^-4,0.033928,0.10195,CLAS,e-,10.6,p,0.938272088
0.174,-0.196,2.226,322.9,deg,49,d4SigUU,0.47784,nb GeV^-4,0.029363,0.15339,CLAS,e-,10.6,p,0.938272088
0.174,-0.196,2.226,337.8,deg,49,d4SigUU,0.63933,nb GeV^-4,0.03184,0.20694,CLAS,e-,10.6,p,0.938272088
0.174,-0.196,2.226,352.6,deg,49,d4SigUU,0.72227,nb GeV^-4,0.035019,0.23414,CLAS,e-,10.6,p,0.938272088
0.174,-0.32,2.228,7.2,deg,50,d4SigUU,0.58029,nb GeV^-4,0.026275,0.18796,CLAS,e-,10.6,p,0.938272088
0.174,-0.32,2.228,21.9,deg,50,d4SigUU,0.4399,nb GeV^-4,0.018164,0.14501,CLAS,e-,10.6,p,0.938272088
0.174,-0.32,2.228,36.9,deg,50,d4SigUU,0.27689,nb GeV^-4,0.014634,0.092032,CLAS,e-,10.6,p,0.938272088
0.174,-0.32,2.228,52,deg,50,d4SigUU,0.14741,nb GeV^-4,0.016703,0.048484,CLAS,e-,10.6,p,0.938272088
0.174,-0.32,2.228,67.1,deg,50,d4SigUU,0.12312,nb GeV^-4,0.035255,0.048644,CLAS,e-,10.6,p,0.938272088
0.174,-0.32,2.228,82.2,deg,50,d4SigUU,0.065809,nb GeV^-4,0.013802,0.026873,CLAS,e-,10.6,p,0.938272088
0.174,-0.32,2.228,97.2,deg,50,d4SigUU,0.068509,nb GeV^-4,0.0077845,0.022322,CLAS,e-,10.6,p,0.938272088
0.174,-0.32,2.228,112.3,deg,50,d4SigUU,0.057766,nb GeV^-4,0.0055918,0.01859,CLAS,e-,10.6,p,0.938272088
0.174,-0.32,2.228,127.3,deg,50,d4SigUU,0.049454,nb GeV^-4,0.0046101,0.016795,CLAS,e-,10.6,p,0.938272088
0.174,-0.32,2.228,142.4,deg,50,d4SigUU,0.046713,nb GeV^-4,0.0034361,0.015441,CLAS,e-,10.6,p,0.938272088
0.174,-0.32,2.228,157.4,deg,50,d4SigUU,0.037516,nb GeV^-4,0.0030229,0.01256,CLAS,e-,10.6,p,0.938272088
0.174,-0.32,2.228,172.5,deg,50,d4SigUU,0.03599,nb GeV^-4,0.0034562,0.012205,CLAS,e-,10.6,p,0.938272088
0.174,-0.32,2.228,187.5,deg,50,d4SigUU,0.049363,nb GeV^-4,0.0053836,0.017629,CLAS,e-,10.6,p,0.938272088
0.174,-0.32,2.228,202.5,deg,50,d4SigUU,0.043742,nb GeV^-4,0.0049144,0.014575,CLAS,e-,10.6,p,0.938272088
0.174,-0.32,2.228,217.6,deg,50,d4SigUU,0.043579,nb GeV^-4,0.0062175,0.015025,CLAS,e-,10.6,p,0.938272088
0.174,-0.32,2.228,240.7,deg,50,d4SigUU,0.039717,nb GeV^-4,0.009204,0.014541,CLAS,e-,10.6,p,0.938272088
0.174,-0.32,2.228,262.7,deg,50,d4SigUU,0.062413,nb GeV^-4,0.013049,0.021128,CLAS,e-,10.6,p,0.938272088
0.174,-0.32,2.228,277.8,deg,50,d4SigUU,0.05977,nb GeV^-4,0.010482,0.01954,CLAS,e-,10.6,p,0.938272088
0.174,-0.32,2.228,292.9,deg,50,d4SigUU,0.11857,nb GeV^-4,0.023207,0.043436,CLAS,e-,10.6,p,0.938272088
0.174,-0.32,2.228,308,deg,50,d4SigUU,0.15605,nb GeV^-4,0.017176,0.050903,CLAS,e-,10.6,p,0.938272088
0.174,-0.32,2.228,323.1,deg,50,d4SigUU,0.27564,nb GeV^-4,0.014646,0.090996,CLAS,e-,10.6,p,0.938272088
0.174,-0.32,2.228,338.1,deg,50,d4SigUU,0.44115,nb GeV^-4,0.01686,0.14476,CLAS,e-,10.6,p,0.938272088
0.174,-0.32,2.228,352.8,deg,50,d4SigUU,0.60391,nb GeV^-4,0.026022,0.19963,CLAS,e-,10.6,p,0.938272088
0.171,-0.506,2.26,21.5,deg,51,d4SigUU,0.39187,nb GeV^-4,0.019054,0.12979,CLAS,e-,10.6,p,0.938272088
0.171,-0.506,2.26,36.7,deg,51,d4SigUU,0.16693,nb GeV^-4,0.0095007,0.055631,CLAS,e-,10.6,p,0.938272088
0.171,-0.506,2.26,57.8,deg,51,d4SigUU,0.065794,nb GeV^-4,0.0092795,0.024644,CLAS,e-,10.6,p,0.938272088
0.171,-0.506,2.26,104.1,deg,51,d4SigUU,0.027638,nb GeV^-4,0.0033624,0.009911,CLAS,e-,10.6,p,0.938272088
0.171,-0.506,2.26,127.4,deg,51,d4SigUU,0.020509,nb GeV^-4,0.0028957,0.0072484,CLAS,e-,10.6,p,0.938272088
0.171,-0.506,2.26,142.4,deg,51,d4SigUU,0.022894,nb GeV^-4,0.0022331,0.0077962,CLAS,e-,10.6,p,0.938272088
0.171,-0.506,2.26,157.5,deg,51,d4SigUU,0.015767,nb GeV^-4,0.0016777,0.0053652,CLAS,e-,10.6,p,0.938272088
0.171,-0.506,2.26,172.5,deg,51,d4SigUU,0.018396,nb GeV^-4,0.0021184,0.006874,CLAS,e-,10.6,p,0.938272088
0.171,-0.506,2.26,187.5,deg,51,d4SigUU,0.012386,nb GeV^-4,0.0022682,0.0049011,CLAS,e-,10.6,p,0.938272088
0.171,-0.506,2.26,202.5,deg,51,d4SigUU,0.017406,nb GeV^-4,0.0028027,0.006201,CLAS,e-,10.6,p,0.938272088
0.171,-0.506,2.26,225.4,deg,51,d4SigUU,0.018396,nb GeV^-4,0.0034687,0.0069845,CLAS,e-,10.6,p,0.938272088
0.171,-0.506,2.26,247.7,deg,51,d4SigUU,0.024518,nb GeV^-4,0.0052978,0.0086091,CLAS,e-,10.6,p,0.938272088
0.171,-0.506,2.26,262.7,deg,51,d4SigUU,0.027392,nb GeV^-4,0.0040385,0.0093817,CLAS,e-,10.6,p,0.938272088
0.171,-0.506,2.26,277.8,deg,51,d4SigUU,0.039498,nb GeV^-4,0.0041662,0.013132,CLAS,e-,10.6,p,0.938272088
0.171,-0.506,2.26,292.9,deg,51,d4SigUU,0.060765,nb GeV^-4,0.0065099,0.020329,CLAS,e-,10.6,p,0.938272088
0.171,-0.506,2.26,308.1,deg,51,d4SigUU,0.089596,nb GeV^-4,0.0092886,0.031062,CLAS,e-,10.6,p,0.938272088
0.171,-0.506,2.26,323.3,deg,51,d4SigUU,0.14815,nb GeV^-4,0.0087886,0.051945,CLAS,e-,10.6,p,0.938272088
0.171,-0.506,2.26,338.6,deg,51,d4SigUU,0.36588,nb GeV^-4,0.015494,0.12145,CLAS,e-,10.6,p,0.938272088
0.165,-0.734,2.29,36.5,deg,52,d4SigUU,0.092742,nb GeV^-4,0.0071006,0.031963,CLAS,e-,10.6,p,0.938272088
0.165,-0.734,2.29,51.8,deg,52,d4SigUU,0.046699,nb GeV^-4,0.007884,0.019364,CLAS,e-,10.6,p,0.938272088
0.165,-0.734,2.29,73.3,deg,52,d4SigUU,0.015724,nb GeV^-4,0.004029,0.0072616,CLAS,e-,10.6,p,0.938272088
0.165,-0.734,2.29,119.4,deg,52,d4SigUU,0.0060121,nb GeV^-4,0.0014172,0.0024468,CLAS,e-,10.6,p,0.938272088
0.165,-0.734,2.29,142.4,deg,52,d4SigUU,0.0080711,nb GeV^-4,0.001566,0.0030087,CLAS,e-,10.6,p,0.938272088
0.165,-0.734,2.29,157.5,deg,52,d4SigUU,0.0076352,nb GeV^-4,0.001311,0.0028293,CLAS,e-,10.6,p,0.938272088
0.165,-0.734,2.29,172.5,deg,52,d4SigUU,0.0099695,nb GeV^-4,0.0017561,0.003852,CLAS,e-,10.6,p,0.938272088
0.165,-0.734,2.29,195.1,deg,52,d4SigUU,0.0061392,nb GeV^-4,0.0013662,0.0030256,CLAS,e-,10.6,p,0.938272088
0.165,-0.734,2.29,233.5,deg,52,d4SigUU,0.0084947,nb GeV^-4,0.0017491,0.0032623,CLAS,e-,10.6,p,0.938272088
0.165,-0.734,2.29,262.7,deg,52,d4SigUU,0.013689,nb GeV^-4,0.0022563,0.0051912,CLAS,e-,10.6,p,0.938272088
0.165,-0.734,2.29,277.8,deg,52,d4SigUU,0.018898,nb GeV^-4,0.0024555,0.0065601,CLAS,e-,10.6,p,0.938272088
0.165,-0.734,2.29,293,deg,52,d4SigUU,0.023002,nb GeV^-4,0.0029086,0.0079986,CLAS,e-,10.6,p,0.938272088
0.165,-0.734,2.29,308.2,deg,52,d4SigUU,0.04425,nb GeV^-4,0.0058511,0.015489,CLAS,e-,10.6,p,0.938272088
0.165,-0.734,2.29,323.4,deg,52,d4SigUU,0.082505,nb GeV^-4,0.0063622,0.028109,CLAS,e-,10.6,p,0.938272088
0.175,-0.898,2.194,36.5,deg,53,d4SigUU,0.045155,nb GeV^-4,0.0050019,0.016845,CLAS,e-,10.6,p,0.938272088
0.175,-0.898,2.194,51.8,deg,53,d4SigUU,0.022399,nb GeV^-4,0.0038597,0.0080166,CLAS,e-,10.6,p,0.938272088
0.175,-0.898,2.194,95.5,deg,53,d4SigUU,0.0076222,nb GeV^-4,0.0022379,0.0030301,CLAS,e-,10.6,p,0.938272088
0.175,-0.898,2.194,141.9,deg,53,d4SigUU,0.0043721,nb GeV^-4,0.00089591,0.0020893,CLAS,e-,10.6,p,0.938272088
0.175,-0.898,2.194,187.6,deg,53,d4SigUU,0.0030609,nb GeV^-4,0.00092617,0.0012607,CLAS,e-,10.6,p,0.938272088
0.175,-0.898,2.194,233.4,deg,53,d4SigUU,0.0032576,nb GeV^-4,0.0012115,0.0016263,CLAS,e-,10.6,p,0.938272088
0.175,-0.898,2.194,262.7,deg,53,d4SigUU,0.0049398,nb GeV^-4,0.001403,0.0017647,CLAS,e-,10.6,p,0.938272088
0.175,-0.898,2.194,277.8,deg,53,d4SigUU,0.012118,nb GeV^-4,0.0018905,0.0043418,CLAS,e-,10.6,p,0.938272088
0.175,-0.898,2.194,293,deg,53,d4SigUU,0.010715,nb GeV^-4,0.0019924,0.004087,CLAS,e-,10.6,p,0.938272088
0.175,-0.898,2.194,308.2,deg,53,d4SigUU,0.020128,nb GeV^-4,0.0042886,0.0073217,CLAS,e-,10.6,p,0.938272088
0.175,-0.898,2.194,323.5,deg,53,d4SigUU,0.032857,nb GeV^-4,0.0042502,0.012105,CLAS,e-,10.6,p,0.938272088
0.18,-0.196,2.805,7.3,deg,54,d4SigUU,1.1447,nb GeV^-4,0.04547,0.37921,CLAS,e-,10.6,p,0.938272088
0.18,-0.196,2.805,22.1,deg,54,d4SigUU,0.8631,nb GeV^-4,0.032329,0.2805,CLAS,e-,10.6,p,0.938272088
0.18,-0.196,2.805,37.1,deg,54,d4SigUU,0.60181,nb GeV^-4,0.027853,0.19738,CLAS,e-,10.6,p,0.938272088
0.18,-0.196,2.805,52.1,deg,54,d4SigUU,0.44299,nb GeV^-4,0.028697,0.14475,CLAS,e-,10.6,p,0.938272088
0.18,-0.196,2.805,67.1,deg,54,d4SigUU,0.32354,nb GeV^-4,0.035672,0.11618,CLAS,e-,10.6,p,0.938272088
0.18,-0.196,2.805,82.2,deg,54,d4SigUU,0.19764,nb GeV^-4,0.025342,0.068743,CLAS,e-,10.6,p,0.938272088
0.18,-0.196,2.805,97.2,deg,54,d4SigUU,0.14691,nb GeV^-4,0.016819,0.047899,CLAS,e-,10.6,p,0.938272088
0.18,-0.196,2.805,112.2,deg,54,d4SigUU,0.12254,nb GeV^-4,0.014505,0.040306,CLAS,e-,10.6,p,0.938272088
0.18,-0.196,2.805,127.3,deg,54,d4SigUU,0.094159,nb GeV^-4,0.0096552,0.03271,CLAS,e-,10.6,p,0.938272088
0.18,-0.196,2.805,142.4,deg,54,d4SigUU,0.089674,nb GeV^-4,0.009043,0.030251,CLAS,e-,10.6,p,0.938272088
0.18,-0.196,2.805,157.4,deg,54,d4SigUU,0.083769,nb GeV^-4,0.0091454,0.028257,CLAS,e-,10.6,p,0.938272088
0.18,-0.196,2.805,172.5,deg,54,d4SigUU,0.076138,nb GeV^-4,0.012583,0.026477,CLAS,e-,10.6,p,0.938272088
0.18,-0.196,2.805,187.5,deg,54,d4SigUU,0.084442,nb GeV^-4,0.015774,0.036164,CLAS,e-,10.6,p,0.938272088
0.18,-0.196,2.805,202.6,deg,54,d4SigUU,0.09364,nb GeV^-4,0.016919,0.035322,CLAS,e-,10.6,p,0.938272088
0.18,-0.196,2.805,253.3,deg,54,d4SigUU,0.074653,nb GeV^-4,0.01726,0.03062,CLAS,e-,10.6,p,0.938272088
0.18,-0.196,2.805,292.8,deg,54,d4SigUU,0.35497,nb GeV^-4,0.052926,0.119,CLAS,e-,10.6,p,0.938272088
0.18,-0.196,2.805,307.9,deg,54,d4SigUU,0.45344,nb GeV^-4,0.027222,0.15089,CLAS,e-,10.6,p,0.938272088
0.18,-0.196,2.805,322.9,deg,54,d4SigUU,0.60006,nb GeV^-4,0.025647,0.20015,CLAS,e-,10.6,p,0.938272088
0.18,-0.196,2.805,337.9,deg,54,d4SigUU,0.80979,nb GeV^-4,0.032355,0.26415,CLAS,e-,10.6,p,0.938272088
0.18,-0.196,2.805,352.7,deg,54,d4SigUU,1.0917,nb GeV^-4,0.045574,0.37374,CLAS,e-,10.6,p,0.938272088
0.179,-0.322,2.803,6.9,deg,55,d4SigUU,1.0062,nb GeV^-4,0.051135,0.33154,CLAS,e-,10.6,p,0.938272088
0.179,-0.322,2.803,21.7,deg,55,d4SigUU,0.63459,nb GeV^-4,0.024522,0.21026,CLAS,e-,10.6,p,0.938272088
0.179,-0.322,2.803,36.8,deg,55,d4SigUU,0.35833,nb GeV^-4,0.014171,0.11823,CLAS,e-,10.6,p,0.938272088
0.179,-0.322,2.803,52,deg,55,d4SigUU,0.23426,nb GeV^-4,0.014734,0.075709,CLAS,e-,10.6,p,0.938272088
0.179,-0.322,2.803,67,deg,55,d4SigUU,0.16397,nb GeV^-4,0.028078,0.05571,CLAS,e-,10.6,p,0.938272088
0.179,-0.322,2.803,82.2,deg,55,d4SigUU,0.065775,nb GeV^-4,0.013776,0.022994,CLAS,e-,10.6,p,0.938272088
0.179,-0.322,2.803,97.2,deg,55,d4SigUU,0.062074,nb GeV^-4,0.0081577,0.020365,CLAS,e-,10.6,p,0.938272088
0.179,-0.322,2.803,112.3,deg,55,d4SigUU,0.055613,nb GeV^-4,0.0066018,0.018257,CLAS,e-,10.6,p,0.938272088
0.179,-0.322,2.803,127.4,deg,55,d4SigUU,0.042273,nb GeV^-4,0.004333,0.014048,CLAS,e-,10.6,p,0.938272088
0.179,-0.322,2.803,142.4,deg,55,d4SigUU,0.03451,nb GeV^-4,0.0032013,0.012146,CLAS,e-,10.6,p,0.938272088
0.179,-0.322,2.803,157.4,deg,55,d4SigUU,0.037191,nb GeV^-4,0.0033301,0.012371,CLAS,e-,10.6,p,0.938272088
0.179,-0.322,2.803,172.5,deg,55,d4SigUU,0.03262,nb GeV^-4,0.0038361,0.011211,CLAS,e-,10.6,p,0.938272088
0.179,-0.322,2.803,187.5,deg,55,d4SigUU,0.028296,nb GeV^-4,0.0048862,0.0092692,CLAS,e-,10.6,p,0.938272088
0.179,-0.322,2.803,202.5,deg,55,d4SigUU,0.04343,nb GeV^-4,0.0065496,0.014254,CLAS,e-,10.6,p,0.938272088
0.179,-0.322,2.803,225.6,deg,55,d4SigUU,0.029446,nb GeV^-4,0.0066797,0.0099902,CLAS,e-,10.6,p,0.938272088
0.179,-0.322,2.803,247.7,deg,55,d4SigUU,0.043553,nb GeV^-4,0.010068,0.020054,CLAS,e-,10.6,p,0.938272088
0.179,-0.322,2.803,262.8,deg,55,d4SigUU,0.069517,nb GeV^-4,0.010343,0.02454,CLAS,e-,10.6,p,0.938272088
0.179,-0.322,2.803,277.9,deg,55,d4SigUU,0.061842,nb GeV^-4,0.011089,0.020657,CLAS,e-,10.6,p,0.938272088
0.179,-0.322,2.803,293,deg,55,d4SigUU,0.11561,nb GeV^-4,0.018856,0.038619,CLAS,e-,10.6,p,0.938272088
0.179,-0.322,2.803,308.1,deg,55,d4SigUU,0.19811,nb GeV^-4,0.012647,0.064302,CLAS,e-,10.6,p,0.938272088
0.179,-0.322,2.803,323.2,deg,55,d4SigUU,0.35651,nb GeV^-4,0.013647,0.11468,CLAS,e-,10.6,p,0.938272088
0.179,-0.322,2.803,338.3,deg,55,d4SigUU,0.62419,nb GeV^-4,0.02357,0.20357,CLAS,e-,10.6,p,0.938272088
0.179,-0.322,2.803,353.1,deg,55,d4SigUU,0.98953,nb GeV^-4,0.049795,0.32601,CLAS,e-,10.6,p,0.938272088
0.173,-0.519,2.786,36.6,deg,56,d4SigUU,0.20233,nb GeV^-4,0.0094489,0.065694,CLAS,e-,10.6,p,0.938272088
0.173,-0.519,2.786,51.9,deg,56,d4SigUU,0.11006,nb GeV^-4,0.008978,0.036625,CLAS,e-,10.6,p,0.938272088
0.173,-0.519,2.786,78.9,deg,56,d4SigUU,0.046953,nb GeV^-4,0.0088288,0.017247,CLAS,e-,10.6,p,0.938272088
0.173,-0.519,2.786,112.3,deg,56,d4SigUU,0.021293,nb GeV^-4,0.0039836,0.007228,CLAS,e-,10.6,p,0.938272088
0.173,-0.519,2.786,127.3,deg,56,d4SigUU,0.011571,nb GeV^-4,0.0021783,0.0043415,CLAS,e-,10.6,p,0.938272088
0.173,-0.519,2.786,142.4,deg,56,d4SigUU,0.017112,nb GeV^-4,0.0019708,0.0055988,CLAS,e-,10.6,p,0.938272088
0.173,-0.519,2.786,157.5,deg,56,d4SigUU,0.012167,nb GeV^-4,0.0016129,0.0039942,CLAS,e-,10.6,p,0.938272088
0.173,-0.519,2.786,172.5,deg,56,d4SigUU,0.014161,nb GeV^-4,0.0020315,0.0047054,CLAS,e-,10.6,p,0.938272088
0.173,-0.519,2.786,187.5,deg,56,d4SigUU,0.014817,nb GeV^-4,0.003055,0.0049379,CLAS,e-,10.6,p,0.938272088
0.173,-0.519,2.786,202.6,deg,56,d4SigUU,0.01413,nb GeV^-4,0.0034184,0.0048799,CLAS,e-,10.6,p,0.938272088
0.173,-0.519,2.786,234,deg,56,d4SigUU,0.021061,nb GeV^-4,0.0027869,0.0069979,CLAS,e-,10.6,p,0.938272088
0.173,-0.519,2.786,262.8,deg,56,d4SigUU,0.021267,nb GeV^-4,0.0032851,0.0077123,CLAS,e-,10.6,p,0.938272088
0.173,-0.519,2.786,277.9,deg,56,d4SigUU,0.029055,nb GeV^-4,0.004079,0.010021,CLAS,e-,10.6,p,0.938272088
0.173,-0.519,2.786,293,deg,56,d4SigUU,0.04687,nb GeV^-4,0.0085891,0.017052,CLAS,e-,10.6,p,0.938272088
0.173,-0.519,2.786,308.2,deg,56,d4SigUU,0.096794,nb GeV^-4,0.0081301,0.031958,CLAS,e-,10.6,p,0.938272088
0.177,-0.652,2.817,36.5,deg,57,d4SigUU,0.093816,nb GeV^-4,0.0061254,0.031742,CLAS,e-,10.6,p,0.938272088
0.177,-0.652,2.817,57.6,deg,57,d4SigUU,0.044033,nb GeV^-4,0.0058748,0.015773,CLAS,e-,10.6,p,0.938272088
0.177,-0.652,2.817,110.5,deg,57,d4SigUU,0.010854,nb GeV^-4,0.0021126,0.0038491,CLAS,e-,10.6,p,0.938272088
0.177,-0.652,2.817,157.4,deg,57,d4SigUU,0.0074635,nb GeV^-4,0.0014946,0.0027512,CLAS,e-,10.6,p,0.938272088
0.177,-0.652,2.817,180,deg,57,d4SigUU,0.0083217,nb GeV^-4,0.0014917,0.0033228,CLAS,e-,10.6,p,0.938272088
0.177,-0.652,2.817,218.5,deg,57,d4SigUU,0.0086536,nb GeV^-4,0.0022152,0.0028271,CLAS,e-,10.6,p,0.938272088
0.177,-0.652,2.817,247.7,deg,57,d4SigUU,0.0091995,nb GeV^-4,0.0024523,0.0036299,CLAS,e-,10.6,p,0.938272088
0.177,-0.652,2.817,262.8,deg,57,d4SigUU,0.015063,nb GeV^-4,0.0028514,0.0058314,CLAS,e-,10.6,p,0.938272088
0.177,-0.652,2.817,277.9,deg,57,d4SigUU,0.024548,nb GeV^-4,0.0036368,0.0081959,CLAS,e-,10.6,p,0.938272088
0.177,-0.652,2.817,293,deg,57,d4SigUU,0.028599,nb GeV^-4,0.0055866,0.013692,CLAS,e-,10.6,p,0.938272088
0.177,-0.652,2.817,308.2,deg,57,d4SigUU,0.050335,nb GeV^-4,0.0073608,0.017909,CLAS,e-,10.6,p,0.938272088
0.177,-0.652,2.817,323.5,deg,57,d4SigUU,0.088129,nb GeV^-4,0.0061028,0.028868,CLAS,e-,10.6,p,0.938272088
0.233,-0.197,1.67,7.4,deg,58,d4SigUU,0.22307,nb GeV^-4,0.029165,0.080177,CLAS,e-,10.6,p,0.938272088
0.233,-0.197,1.67,22.3,deg,58,d4SigUU,0.17797,nb GeV^-4,0.019428,0.063747,CLAS,e-,10.6,p,0.938272088
0.233,-0.197,1.67,37.3,deg,58,d4SigUU,0.18253,nb GeV^-4,0.021803,0.064224,CLAS,e-,10.6,p,0.938272088
0.233,-0.197,1.67,52.3,deg,58,d4SigUU,0.12911,nb GeV^-4,0.020173,0.045344,CLAS,e-,10.6,p,0.938272088
0.233,-0.197,1.67,67.3,deg,58,d4SigUU,0.10541,nb GeV^-4,0.024201,0.040852,CLAS,e-,10.6,p,0.938272088
0.233,-0.197,1.67,82.4,deg,58,d4SigUU,0.076413,nb GeV^-4,0.017311,0.036667,CLAS,e-,10.6,p,0.938272088
0.233,-0.197,1.67,111.7,deg,58,d4SigUU,0.063576,nb GeV^-4,0.01429,0.02581,CLAS,e-,10.6,p,0.938272088
0.233,-0.197,1.67,187.6,deg,58,d4SigUU,0.067889,nb GeV^-4,0.024485,0.025914,CLAS,e-,10.6,p,0.938272088
0.233,-0.197,1.67,309.3,deg,58,d4SigUU,0.16749,nb GeV^-4,0.033301,0.070591,CLAS,e-,10.6,p,0.938272088
0.233,-0.197,1.67,337.6,deg,58,d4SigUU,0.19523,nb GeV^-4,0.031959,0.06748,CLAS,e-,10.6,p,0.938272088
0.233,-0.197,1.67,352.6,deg,58,d4SigUU,0.21516,nb GeV^-4,0.027203,0.072545,CLAS,e-,10.6,p,0.938272088
0.233,-0.32,1.667,7.4,deg,59,d4SigUU,0.14322,nb GeV^-4,0.018005,0.048184,CLAS,e-,10.6,p,0.938272088
0.233,-0.32,1.667,22.2,deg,59,d4SigUU,0.13468,nb GeV^-4,0.020449,0.044662,CLAS,e-,10.6,p,0.938272088
0.233,-0.32,1.667,37.2,deg,59,d4SigUU,0.12813,nb GeV^-4,0.026846,0.050432,CLAS,e-,10.6,p,0.938272088
0.233,-0.32,1.667,82.4,deg,59,d4SigUU,0.078099,nb GeV^-4,0.020104,0.031971,CLAS,e-,10.6,p,0.938272088
0.233,-0.32,1.667,97.4,deg,59,d4SigUU,0.050289,nb GeV^-4,0.011504,0.01988,CLAS,e-,10.6,p,0.938272088
0.233,-0.32,1.667,112.4,deg,59,d4SigUU,0.048909,nb GeV^-4,0.012587,0.023288,CLAS,e-,10.6,p,0.938272088
0.233,-0.32,1.667,127.5,deg,59,d4SigUU,0.044511,nb GeV^-4,0.016676,0.018445,CLAS,e-,10.6,p,0.938272088
0.233,-0.32,1.667,149.9,deg,59,d4SigUU,0.030058,nb GeV^-4,0.01151,0.010654,CLAS,e-,10.6,p,0.938272088
0.233,-0.32,1.667,180,deg,59,d4SigUU,0.042262,nb GeV^-4,0.0089273,0.01698,CLAS,e-,10.6,p,0.938272088
0.233,-0.32,1.667,217.8,deg,59,d4SigUU,0.048874,nb GeV^-4,0.012333,0.018411,CLAS,e-,10.6,p,0.938272088
0.233,-0.32,1.667,345.8,deg,59,d4SigUU,0.1199,nb GeV^-4,0.017213,0.045581,CLAS,e-,10.6,p,0.938272088
0.233,-0.496,1.663,96.7,deg,60,d4SigUU,0.027248,nb GeV^-4,0.0088733,0.011613,CLAS,e-,10.6,p,0.938272088
0.233,-0.496,1.663,142.5,deg,60,d4SigUU,0.02204,nb GeV^-4,0.0065965,0.0081033,CLAS,e-,10.6,p,0.938272088
0.233,-0.496,1.663,164.9,deg,60,d4SigUU,0.015517,nb GeV^-4,0.0050688,0.006424,CLAS,e-,10.6,p,0.938272088
0.233,-0.496,1.663,202.5,deg,60,d4SigUU,0.020359,nb GeV^-4,0.0075411,0.0073075,CLAS,e-,10.6,p,0.938272088
0.233,-0.496,1.663,278.9,deg,60,d4SigUU,0.043913,nb GeV^-4,0.012444,0.021481,CLAS,e-,10.6,p,0.938272088
0.233,-0.496,1.663,326.9,deg,60,d4SigUU,0.093416,nb GeV^-4,0.029552,0.044885,CLAS,e-,10.6,p,0.938272088
0.233,-0.496,1.663,352.8,deg,60,d4SigUU,0.13731,nb GeV^-4,0.02984,0.053779,CLAS,e-,10.6,p,0.938272088
0.232,-0.701,1.656,6.7,deg,61,d4SigUU,0.18871,nb GeV^-4,0.031881,0.076313,CLAS,e-,10.6,p,0.938272088
0.232,-0.701,1.656,127.2,deg,61,d4SigUU,0.018003,nb GeV^-4,0.0048031,0.0071935,CLAS,e-,10.6,p,0.938272088
0.232,-0.701,1.656,157.5,deg,61,d4SigUU,0.012808,nb GeV^-4,0.0042416,0.0055921,CLAS,e-,10.6,p,0.938272088
0.232,-0.701,1.656,270.4,deg,61,d4SigUU,0.027581,nb GeV^-4,0.0064929,0.01161,CLAS,e-,10.6,p,0.938272088
0.232,-0.701,1.656,323.2,deg,61,d4SigUU,0.029336,nb GeV^-4,0.0093592,0.012418,CLAS,e-,10.6,p,0.938272088
0.232,-0.701,1.656,348.7,deg,61,d4SigUU,0.19234,nb GeV^-4,0.026126,0.073124,CLAS,e-,10.6,p,0.938272088
0.229,-0.914,1.633,7.6,deg,62,d4SigUU,0.29685,nb GeV^-4,0.053621,0.12245,CLAS,e-,10.6,p,0.938272088
0.229,-0.914,1.633,187.6,deg,62,d4SigUU,0.0074526,nb GeV^-4,0.0027017,0.0031632,CLAS,e-,10.6,p,0.938272088
0.229,-0.914,1.633,334.8,deg,62,d4SigUU,0.036776,nb GeV^-4,0.009287,0.015034,CLAS,e-,10.6,p,0.938272088
0.229,-0.914,1.633,354.8,deg,62,d4SigUU,0.47871,nb GeV^-4,0.091009,0.1791,CLAS,e-,10.6,p,0.938272088
0.231,-0.196,2.204,7.4,deg,63,d4SigUU,0.21467,nb GeV^-4,0.014135,0.072095,CLAS,e-,10.6,p,0.938272088
0.231,-0.196,2.204,22.3,deg,63,d4SigUU,0.17611,nb GeV^-4,0.010091,0.058561,CLAS,e-,10.6,p,0.938272088
0.231,-0.196,2.204,37.3,deg,63,d4SigUU,0.14882,nb GeV^-4,0.0098896,0.049791,CLAS,e-,10.6,p,0.938272088
0.231,-0.196,2.204,52.3,deg,63,d4SigUU,0.11505,nb GeV^-4,0.010136,0.039073,CLAS,e-,10.6,p,0.938272088
0.231,-0.196,2.204,67.3,deg,63,d4SigUU,0.093496,nb GeV^-4,0.011218,0.033896,CLAS,e-,10.6,p,0.938272088
0.231,-0.196,2.204,82.3,deg,63,d4SigUU,0.066718,nb GeV^-4,0.0079429,0.02528,CLAS,e-,10.6,p,0.938272088
0.231,-0.196,2.204,97.3,deg,63,d4SigUU,0.045183,nb GeV^-4,0.0070307,0.017592,CLAS,e-,10.6,p,0.938272088
0.231,-0.196,2.204,119.5,deg,63,d4SigUU,0.059707,nb GeV^-4,0.010325,0.021444,CLAS,e-,10.6,p,0.938272088
0.231,-0.196,2.204,157.1,deg,63,d4SigUU,0.039427,nb GeV^-4,0.0088988,0.013879,CLAS,e-,10.6,p,0.938272088
0.231,-0.196,2.204,248.8,deg,63,d4SigUU,0.041306,nb GeV^-4,0.012646,0.018033,CLAS,e-,10.6,p,0.938272088
0.231,-0.196,2.204,307.8,deg,63,d4SigUU,0.11017,nb GeV^-4,0.026019,0.043411,CLAS,e-,10.6,p,0.938272088
0.231,-0.196,2.204,322.7,deg,63,d4SigUU,0.16858,nb GeV^-4,0.023389,0.061617,CLAS,e-,10.6,p,0.938272088
0.231,-0.196,2.204,337.7,deg,63,d4SigUU,0.17688,nb GeV^-4,0.017326,0.058741,CLAS,e-,10.6,p,0.938272088
0.231,-0.196,2.204,352.6,deg,63,d4SigUU,0.16357,nb GeV^-4,0.012606,0.054457,CLAS,e-,10.6,p,0.938272088
0.232,-0.319,2.201,7.4,deg,64,d4SigUU,0.12078,nb GeV^-4,0.0088256,0.039952,CLAS,e-,10.6,p,0.938272088
0.232,-0.319,2.201,22.2,deg,64,d4SigUU,0.097932,nb GeV^-4,0.0075549,0.031911,CLAS,e-,10.6,p,0.938272088
0.232,-0.319,2.201,37.1,deg,64,d4SigUU,0.082663,nb GeV^-4,0.0085241,0.029747,CLAS,e-,10.6,p,0.938272088
0.232,-0.319,2.201,52.2,deg,64,d4SigUU,0.060358,nb GeV^-4,0.0080078,0.019753,CLAS,e-,10.6,p,0.938272088
0.232,-0.319,2.201,67.2,deg,64,d4SigUU,0.047052,nb GeV^-4,0.0079099,0.017,CLAS,e-,10.6,p,0.938272088
0.232,-0.319,2.201,82.3,deg,64,d4SigUU,0.033667,nb GeV^-4,0.0047751,0.012534,CLAS,e-,10.6,p,0.938272088
0.232,-0.319,2.201,97.3,deg,64,d4SigUU,0.030677,nb GeV^-4,0.0038316,0.010281,CLAS,e-,10.6,p,0.938272088
0.232,-0.319,2.201,112.4,deg,64,d4SigUU,0.028264,nb GeV^-4,0.0040403,0.0098486,CLAS,e-,10.6,p,0.938272088
0.232,-0.319,2.201,127.4,deg,64,d4SigUU,0.029039,nb GeV^-4,0.0048808,0.010057,CLAS,e-,10.6,p,0.938272088
0.232,-0.319,2.201,142.4,deg,64,d4SigUU,0.016068,nb GeV^-4,0.0041694,0.0056,CLAS,e-,10.6,p,0.938272088
0.232,-0.319,2.201,157.5,deg,64,d4SigUU,0.023468,nb GeV^-4,0.0068375,0.0079955,CLAS,e-,10.6,p,0.938272088
0.232,-0.319,2.201,172.5,deg,64,d4SigUU,0.019395,nb GeV^-4,0.0034866,0.006732,CLAS,e-,10.6,p,0.938272088
0.232,-0.319,2.201,187.5,deg,64,d4SigUU,0.016514,nb GeV^-4,0.0033683,0.0066612,CLAS,e-,10.6,p,0.938272088
0.232,-0.319,2.201,210.2,deg,64,d4SigUU,0.013088,nb GeV^-4,0.0035145,0.0045274,CLAS,e-,10.6,p,0.938272088
0.232,-0.319,2.201,240.4,deg,64,d4SigUU,0.020269,nb GeV^-4,0.0057099,0.0090746,CLAS,e-,10.6,p,0.938272088
0.232,-0.319,2.201,331.3,deg,64,d4SigUU,0.099421,nb GeV^-4,0.018305,0.034799,CLAS,e-,10.6,p,0.938272088
0.232,-0.319,2.201,352.6,deg,64,d4SigUU,0.11133,nb GeV^-4,0.0095916,0.036302,CLAS,e-,10.6,p,0.938272088
0.232,-0.494,2.197,7.2,deg,65,d4SigUU,0.12754,nb GeV^-4,0.0097858,0.043357,CLAS,e-,10.6,p,0.938272088
0.232,-0.494,2.197,22,deg,65,d4SigUU,0.084178,nb GeV^-4,0.012086,0.028733,CLAS,e-,10.6,p,0.938272088
0.232,-0.494,2.197,48.6,deg,65,d4SigUU,0.032909,nb GeV^-4,0.01248,0.014442,CLAS,e-,10.6,p,0.938272088
0.232,-0.494,2.197,89.3,deg,65,d4SigUU,0.019244,nb GeV^-4,0.0031522,0.0067577,CLAS,e-,10.6,p,0.938272088
0.232,-0.494,2.197,127.4,deg,65,d4SigUU,0.013657,nb GeV^-4,0.002995,0.0056497,CLAS,e-,10.6,p,0.938272088
0.232,-0.494,2.197,142.4,deg,65,d4SigUU,0.01044,nb GeV^-4,0.0021355,0.0039,CLAS,e-,10.6,p,0.938272088
0.232,-0.494,2.197,157.5,deg,65,d4SigUU,0.0066329,nb GeV^-4,0.002066,0.0024715,CLAS,e-,10.6,p,0.938272088
0.232,-0.494,2.197,172.5,deg,65,d4SigUU,0.0075779,nb GeV^-4,0.0020089,0.0031308,CLAS,e-,10.6,p,0.938272088
0.232,-0.494,2.197,187.5,deg,65,d4SigUU,0.0097993,nb GeV^-4,0.0016037,0.0035218,CLAS,e-,10.6,p,0.938272088
0.232,-0.494,2.197,202.5,deg,65,d4SigUU,0.01039,nb GeV^-4,0.0023407,0.0037212,CLAS,e-,10.6,p,0.938272088
0.232,-0.494,2.197,217.5,deg,65,d4SigUU,0.011525,nb GeV^-4,0.0041576,0.0046017,CLAS,e-,10.6,p,0.938272088
0.232,-0.494,2.197,248.5,deg,65,d4SigUU,0.01242,nb GeV^-4,0.0037815,0.0048696,CLAS,e-,10.6,p,0.938272088
0.232,-0.494,2.197,277.7,deg,65,d4SigUU,0.019639,nb GeV^-4,0.0052063,0.0071765,CLAS,e-,10.6,p,0.938272088
0.232,-0.494,2.197,292.8,deg,65,d4SigUU,0.031567,nb GeV^-4,0.0072432,0.012909,CLAS,e-,10.6,p,0.938272088
0.232,-0.494,2.197,332.2,deg,65,d4SigUU,0.068074,nb GeV^-4,0.010826,0.025455,CLAS,e-,10.6,p,0.938272088
0.232,-0.494,2.197,352.8,deg,65,d4SigUU,0.11987,nb GeV^-4,0.0093964,0.039488,CLAS,e-,10.6,p,0.938272088
0.231,-0.698,2.193,6.9,deg,66,d4SigUU,0.12942,nb GeV^-4,0.010203,0.042887,CLAS,e-,10.6,p,0.938272088
0.231,-0.698,2.193,21.6,deg,66,d4SigUU,0.06532,nb GeV^-4,0.010024,0.02453,CLAS,e-,10.6,p,0.938272088
0.231,-0.698,2.193,142.4,deg,66,d4SigUU,0.0045332,nb GeV^-4,0.0015094,0.0019925,CLAS,e-,10.6,p,0.938272088
0.231,-0.698,2.193,157.5,deg,66,d4SigUU,0.0043258,nb GeV^-4,0.001272,0.0016396,CLAS,e-,10.6,p,0.938272088
0.231,-0.698,2.193,180,deg,66,d4SigUU,0.0039925,nb GeV^-4,0.0010244,0.0015246,CLAS,e-,10.6,p,0.938272088
0.231,-0.698,2.193,202.5,deg,66,d4SigUU,0.0039341,nb GeV^-4,0.0013233,0.0015053,CLAS,e-,10.6,p,0.938272088
0.231,-0.698,2.193,277.7,deg,66,d4SigUU,0.011921,nb GeV^-4,0.0024441,0.004172,CLAS,e-,10.6,p,0.938272088
0.231,-0.698,2.193,292.8,deg,66,d4SigUU,0.017317,nb GeV^-4,0.0029179,0.0059333,CLAS,e-,10.6,p,0.938272088
0.231,-0.698,2.193,308,deg,66,d4SigUU,0.017087,nb GeV^-4,0.0032457,0.0061431,CLAS,e-,10.6,p,0.938272088
0.231,-0.698,2.193,323.2,deg,66,d4SigUU,0.027067,nb GeV^-4,0.0049275,0.0095817,CLAS,e-,10.6,p,0.938272088
0.231,-0.698,2.193,338.4,deg,66,d4SigUU,0.063722,nb GeV^-4,0.0068422,0.02085,CLAS,e-,10.6,p,0.938272088
0.231,-0.698,2.193,353.1,deg,66,d4SigUU,0.13242,nb GeV^-4,0.009665,0.044956,CLAS,e-,10.6,p,0.938272088
0.229,-0.904,2.187,6,deg,67,d4SigUU,0.17857,nb GeV^-4,0.019937,0.065674,CLAS,e-,10.6,p,0.938272088
0.229,-0.904,2.187,21.2,deg,67,d4SigUU,0.051552,nb GeV^-4,0.0077252,0.019945,CLAS,e-,10.6,p,0.938272088
0.229,-0.904,2.187,36.6,deg,67,d4SigUU,0.016862,nb GeV^-4,0.0046376,0.0066256,CLAS,e-,10.6,p,0.938272088
0.229,-0.904,2.187,52,deg,67,d4SigUU,0.0069923,nb GeV^-4,0.0022334,0.0027089,CLAS,e-,10.6,p,0.938272088
0.229,-0.904,2.187,74,deg,67,d4SigUU,0.0073323,nb GeV^-4,0.0020998,0.0030226,CLAS,e-,10.6,p,0.938272088
0.229,-0.904,2.187,134.9,deg,67,d4SigUU,0.0036993,nb GeV^-4,0.0010647,0.0015684,CLAS,e-,10.6,p,0.938272088
0.229,-0.904,2.187,165,deg,67,d4SigUU,0.0036606,nb GeV^-4,0.00084235,0.0015468,CLAS,e-,10.6,p,0.938272088
0.229,-0.904,2.187,277.7,deg,67,d4SigUU,0.0046327,nb GeV^-4,0.00142,0.0018544,CLAS,e-,10.6,p,0.938272088
0.229,-0.904,2.187,292.8,deg,67,d4SigUU,0.0085714,nb GeV^-4,0.0019105,0.0036781,CLAS,e-,10.6,p,0.938272088
0.229,-0.904,2.187,308,deg,67,d4SigUU,0.0056067,nb GeV^-4,0.001996,0.0028318,CLAS,e-,10.6,p,0.938272088
0.229,-0.904,2.187,323.3,deg,67,d4SigUU,0.017929,nb GeV^-4,0.0030057,0.0062035,CLAS,e-,10.6,p,0.938272088
0.229,-0.904,2.187,338.8,deg,67,d4SigUU,0.045301,nb GeV^-4,0.0050869,0.017182,CLAS,e-,10.6,p,0.938272088
0.229,-0.904,2.187,354,deg,67,d4SigUU,0.1687,nb GeV^-4,0.015716,0.056324,CLAS,e-,10.6,p,0.938272088
0.229,-0.196,2.921,7.4,deg,68,d4SigUU,0.21446,nb GeV^-4,0.012804,0.070384,CLAS,e-,10.6,p,0.938272088
0.229,-0.196,2.921,22.3,deg,68,d4SigUU,0.1795,nb GeV^-4,0.010043,0.058701,CLAS,e-,10.6,p,0.938272088
0.229,-0.196,2.921,37.2,deg,68,d4SigUU,0.13991,nb GeV^-4,0.0093895,0.045813,CLAS,e-,10.6,p,0.938272088
0.229,-0.196,2.921,52.2,deg,68,d4SigUU,0.1218,nb GeV^-4,0.011706,0.042405,CLAS,e-,10.6,p,0.938272088
0.229,-0.196,2.921,67.2,deg,68,d4SigUU,0.083734,nb GeV^-4,0.0085721,0.029928,CLAS,e-,10.6,p,0.938272088
0.229,-0.196,2.921,82.3,deg,68,d4SigUU,0.064027,nb GeV^-4,0.0066558,0.022165,CLAS,e-,10.6,p,0.938272088
0.229,-0.196,2.921,97.3,deg,68,d4SigUU,0.049517,nb GeV^-4,0.0063112,0.017741,CLAS,e-,10.6,p,0.938272088
0.229,-0.196,2.921,112.3,deg,68,d4SigUU,0.048425,nb GeV^-4,0.0082241,0.017632,CLAS,e-,10.6,p,0.938272088
0.229,-0.196,2.921,134.5,deg,68,d4SigUU,0.042928,nb GeV^-4,0.0072653,0.016132,CLAS,e-,10.6,p,0.938272088
0.229,-0.196,2.921,164.8,deg,68,d4SigUU,0.024188,nb GeV^-4,0.0058805,0.0095252,CLAS,e-,10.6,p,0.938272088
0.229,-0.196,2.921,195.2,deg,68,d4SigUU,0.039506,nb GeV^-4,0.013869,0.013817,CLAS,e-,10.6,p,0.938272088
0.229,-0.196,2.921,286.1,deg,68,d4SigUU,0.066561,nb GeV^-4,0.02569,0.025923,CLAS,e-,10.6,p,0.938272088
0.229,-0.196,2.921,307.8,deg,68,d4SigUU,0.10864,nb GeV^-4,0.024613,0.039174,CLAS,e-,10.6,p,0.938272088
0.229,-0.196,2.921,322.7,deg,68,d4SigUU,0.13836,nb GeV^-4,0.014855,0.047222,CLAS,e-,10.6,p,0.938272088
0.229,-0.196,2.921,337.7,deg,68,d4SigUU,0.18275,nb GeV^-4,0.014076,0.0585,CLAS,e-,10.6,p,0.938272088
0.229,-0.196,2.921,352.5,deg,68,d4SigUU,0.21739,nb GeV^-4,0.01402,0.070016,CLAS,e-,10.6,p,0.938272088
0.229,-0.319,2.92,7.4,deg,69,d4SigUU,0.14078,nb GeV^-4,0.0067848,0.045208,CLAS,e-,10.6,p,0.938272088
0.229,-0.319,2.92,22.2,deg,69,d4SigUU,0.12461,nb GeV^-4,0.0062884,0.040958,CLAS,e-,10.6,p,0.938272088
0.229,-0.319,2.92,37.1,deg,69,d4SigUU,0.10042,nb GeV^-4,0.0066494,0.033536,CLAS,e-,10.6,p,0.938272088
0.229,-0.319,2.92,52.1,deg,69,d4SigUU,0.065554,nb GeV^-4,0.0072415,0.023038,CLAS,e-,10.6,p,0.938272088
0.229,-0.319,2.92,67.2,deg,69,d4SigUU,0.046575,nb GeV^-4,0.0058148,0.01575,CLAS,e-,10.6,p,0.938272088
0.229,-0.319,2.92,82.3,deg,69,d4SigUU,0.04002,nb GeV^-4,0.0036447,0.012966,CLAS,e-,10.6,p,0.938272088
0.229,-0.319,2.92,97.3,deg,69,d4SigUU,0.027491,nb GeV^-4,0.0025804,0.0090386,CLAS,e-,10.6,p,0.938272088
0.229,-0.319,2.92,112.3,deg,69,d4SigUU,0.018553,nb GeV^-4,0.0023112,0.0063583,CLAS,e-,10.6,p,0.938272088
0.229,-0.319,2.92,127.4,deg,69,d4SigUU,0.017381,nb GeV^-4,0.0023779,0.0061565,CLAS,e-,10.6,p,0.938272088
0.229,-0.319,2.92,142.4,deg,69,d4SigUU,0.024121,nb GeV^-4,0.0028181,0.010027,CLAS,e-,10.6,p,0.938272088
0.229,-0.319,2.92,157.5,deg,69,d4SigUU,0.012913,nb GeV^-4,0.0022133,0.0048968,CLAS,e-,10.6,p,0.938272088
0.229,-0.319,2.92,172.5,deg,69,d4SigUU,0.015576,nb GeV^-4,0.0023759,0.0053233,CLAS,e-,10.6,p,0.938272088
0.229,-0.319,2.92,187.5,deg,69,d4SigUU,0.02001,nb GeV^-4,0.0030675,0.0072918,CLAS,e-,10.6,p,0.938272088
0.229,-0.319,2.92,202.5,deg,69,d4SigUU,0.019099,nb GeV^-4,0.004088,0.0087303,CLAS,e-,10.6,p,0.938272088
0.229,-0.319,2.92,232.6,deg,69,d4SigUU,0.015802,nb GeV^-4,0.0046651,0.0062913,CLAS,e-,10.6,p,0.938272088
0.229,-0.319,2.92,255.8,deg,69,d4SigUU,0.019265,nb GeV^-4,0.0044126,0.0084205,CLAS,e-,10.6,p,0.938272088
0.229,-0.319,2.92,277.8,deg,69,d4SigUU,0.03882,nb GeV^-4,0.0094742,0.016618,CLAS,e-,10.6,p,0.938272088
0.229,-0.319,2.92,292.8,deg,69,d4SigUU,0.059528,nb GeV^-4,0.014589,0.0251,CLAS,e-,10.6,p,0.938272088
0.229,-0.319,2.92,307.9,deg,69,d4SigUU,0.069578,nb GeV^-4,0.014521,0.023876,CLAS,e-,10.6,p,0.938272088
0.229,-0.319,2.92,322.9,deg,69,d4SigUU,0.0848,nb GeV^-4,0.0071509,0.027604,CLAS,e-,10.6,p,0.938272088
0.229,-0.319,2.92,337.9,deg,69,d4SigUU,0.11546,nb GeV^-4,0.0062475,0.037992,CLAS,e-,10.6,p,0.938272088
0.229,-0.319,2.92,352.6,deg,69,d4SigUU,0.13674,nb GeV^-4,0.006575,0.04407,CLAS,e-,10.6,p,0.938272088
0.228,-0.494,2.923,7.1,deg,70,d4SigUU,0.12219,nb GeV^-4,0.0060997,0.040191,CLAS,e-,10.6,p,0.938272088
0.228,-0.494,2.923,21.9,deg,70,d4SigUU,0.085306,nb GeV^-4,0.0045045,0.027909,CLAS,e-,10.6,p,0.938272088
0.228,-0.494,2.923,36.9,deg,70,d4SigUU,0.057031,nb GeV^-4,0.0046423,0.018986,CLAS,e-,10.6,p,0.938272088
0.228,-0.494,2.923,52,deg,70,d4SigUU,0.029024,nb GeV^-4,0.0066743,0.011061,CLAS,e-,10.6,p,0.938272088
0.228,-0.494,2.923,73.6,deg,70,d4SigUU,0.018802,nb GeV^-4,0.0030263,0.0068596,CLAS,e-,10.6,p,0.938272088
0.228,-0.494,2.923,97.3,deg,70,d4SigUU,0.015538,nb GeV^-4,0.001953,0.005402,CLAS,e-,10.6,p,0.938272088
0.228,-0.494,2.923,112.3,deg,70,d4SigUU,0.0090766,nb GeV^-4,0.0013266,0.0033718,CLAS,e-,10.6,p,0.938272088
0.228,-0.494,2.923,127.4,deg,70,d4SigUU,0.0093631,nb GeV^-4,0.0014673,0.0033752,CLAS,e-,10.6,p,0.938272088
0.228,-0.494,2.923,142.4,deg,70,d4SigUU,0.0090251,nb GeV^-4,0.0012275,0.0034214,CLAS,e-,10.6,p,0.938272088
0.228,-0.494,2.923,157.4,deg,70,d4SigUU,0.0064066,nb GeV^-4,0.0011619,0.0022062,CLAS,e-,10.6,p,0.938272088
0.228,-0.494,2.923,172.5,deg,70,d4SigUU,0.0043872,nb GeV^-4,0.0010262,0.0016756,CLAS,e-,10.6,p,0.938272088
0.228,-0.494,2.923,187.5,deg,70,d4SigUU,0.0081427,nb GeV^-4,0.001282,0.002768,CLAS,e-,10.6,p,0.938272088
0.228,-0.494,2.923,202.5,deg,70,d4SigUU,0.00748,nb GeV^-4,0.0015102,0.0027188,CLAS,e-,10.6,p,0.938272088
0.228,-0.494,2.923,247.6,deg,70,d4SigUU,0.010539,nb GeV^-4,0.0026805,0.0042525,CLAS,e-,10.6,p,0.938272088
0.228,-0.494,2.923,262.7,deg,70,d4SigUU,0.0072172,nb GeV^-4,0.0017134,0.0032676,CLAS,e-,10.6,p,0.938272088
0.228,-0.494,2.923,277.8,deg,70,d4SigUU,0.020183,nb GeV^-4,0.002648,0.0067702,CLAS,e-,10.6,p,0.938272088
0.228,-0.494,2.923,292.9,deg,70,d4SigUU,0.021071,nb GeV^-4,0.0032419,0.0082841,CLAS,e-,10.6,p,0.938272088
0.228,-0.494,2.923,308,deg,70,d4SigUU,0.029035,nb GeV^-4,0.0039681,0.009596,CLAS,e-,10.6,p,0.938272088
0.228,-0.494,2.923,323.1,deg,70,d4SigUU,0.056354,nb GeV^-4,0.0046419,0.01854,CLAS,e-,10.6,p,0.938272088
0.228,-0.494,2.923,338.1,deg,70,d4SigUU,0.082609,nb GeV^-4,0.0040943,0.027137,CLAS,e-,10.6,p,0.938272088
0.228,-0.494,2.923,352.8,deg,70,d4SigUU,0.12963,nb GeV^-4,0.0060913,0.041764,CLAS,e-,10.6,p,0.938272088
0.225,-0.703,2.953,21.5,deg,71,d4SigUU,0.068699,nb GeV^-4,0.0045458,0.023137,CLAS,e-,10.6,p,0.938272088
0.225,-0.703,2.953,58,deg,71,d4SigUU,0.012914,nb GeV^-4,0.0038472,0.0048518,CLAS,e-,10.6,p,0.938272088
0.225,-0.703,2.953,119.5,deg,71,d4SigUU,0.0029255,nb GeV^-4,0.00069273,0.0014751,CLAS,e-,10.6,p,0.938272088
0.225,-0.703,2.953,142.5,deg,71,d4SigUU,0.002791,nb GeV^-4,0.00081466,0.0010587,CLAS,e-,10.6,p,0.938272088
0.225,-0.703,2.953,157.4,deg,71,d4SigUU,0.0032177,nb GeV^-4,0.00083391,0.0012461,CLAS,e-,10.6,p,0.938272088
0.225,-0.703,2.953,172.5,deg,71,d4SigUU,0.0038886,nb GeV^-4,0.0010541,0.0013907,CLAS,e-,10.6,p,0.938272088
0.225,-0.703,2.953,187.5,deg,71,d4SigUU,0.0033687,nb GeV^-4,0.00084382,0.0013683,CLAS,e-,10.6,p,0.938272088
0.225,-0.703,2.953,202.6,deg,71,d4SigUU,0.0034741,nb GeV^-4,0.0010124,0.0012584,CLAS,e-,10.6,p,0.938272088
0.225,-0.703,2.953,225.3,deg,71,d4SigUU,0.0041365,nb GeV^-4,0.0013392,0.0015203,CLAS,e-,10.6,p,0.938272088
0.225,-0.703,2.953,262.7,deg,71,d4SigUU,0.0056601,nb GeV^-4,0.0012061,0.0025189,CLAS,e-,10.6,p,0.938272088
0.225,-0.703,2.953,277.8,deg,71,d4SigUU,0.0095582,nb GeV^-4,0.0013514,0.0032442,CLAS,e-,10.6,p,0.938272088
0.225,-0.703,2.953,292.9,deg,71,d4SigUU,0.011306,nb GeV^-4,0.0017221,0.004042,CLAS,e-,10.6,p,0.938272088
0.225,-0.703,2.953,308.1,deg,71,d4SigUU,0.015079,nb GeV^-4,0.002257,0.0057318,CLAS,e-,10.6,p,0.938272088
0.225,-0.703,2.953,323.3,deg,71,d4SigUU,0.02786,nb GeV^-4,0.002918,0.009883,CLAS,e-,10.6,p,0.938272088
0.225,-0.703,2.953,338.5,deg,71,d4SigUU,0.066067,nb GeV^-4,0.0038638,0.021472,CLAS,e-,10.6,p,0.938272088
0.218,-0.902,3.031,21.1,deg,72,d4SigUU,0.052734,nb GeV^-4,0.0046024,0.02038,CLAS,e-,10.6,p,0.938272088
0.218,-0.902,3.031,36.6,deg,72,d4SigUU,0.018118,nb GeV^-4,0.0026334,0.0068726,CLAS,e-,10.6,p,0.938272088
0.218,-0.902,3.031,57.9,deg,72,d4SigUU,0.006496,nb GeV^-4,0.0014071,0.0022839,CLAS,e-,10.6,p,0.938272088
0.218,-0.902,3.031,149.9,deg,72,d4SigUU,0.0019138,nb GeV^-4,0.00045688,0.00062571,CLAS,e-,10.6,p,0.938272088
0.218,-0.902,3.031,180,deg,72,d4SigUU,0.0012018,nb GeV^-4,0.00044722,0.00049268,CLAS,e-,10.6,p,0.938272088
0.218,-0.902,3.031,277.8,deg,72,d4SigUU,0.0061133,nb GeV^-4,0.0010144,0.0021408,CLAS,e-,10.6,p,0.938272088
0.218,-0.902,3.031,292.9,deg,72,d4SigUU,0.0053483,nb GeV^-4,0.0010651,0.0026084,CLAS,e-,10.6,p,0.938272088
0.218,-0.902,3.031,308.1,deg,72,d4SigUU,0.0084,nb GeV^-4,0.0016962,0.0031986,CLAS,e-,10.6,p,0.938272088
0.218,-0.902,3.031,323.4,deg,72,d4SigUU,0.020622,nb GeV^-4,0.0025216,0.0070656,CLAS,e-,10.6,p,0.938272088
0.218,-0.902,3.031,338.9,deg,72,d4SigUU,0.056101,nb GeV^-4,0.0040314,0.018825,CLAS,e-,10.6,p,0.938272088
0.237,-0.196,3.681,7.4,deg,73,d4SigUU,0.29218,nb GeV^-4,0.016209,0.096747,CLAS,e-,10.6,p,0.938272088
0.237,-0.196,3.681,22.2,deg,73,d4SigUU,0.2487,nb GeV^-4,0.014321,0.080638,CLAS,e-,10.6,p,0.938272088
0.237,-0.196,3.681,37.2,deg,73,d4SigUU,0.18146,nb GeV^-4,0.01456,0.06039,CLAS,e-,10.6,p,0.938272088
0.237,-0.196,3.681,52.2,deg,73,d4SigUU,0.15555,nb GeV^-4,0.021758,0.051156,CLAS,e-,10.6,p,0.938272088
0.237,-0.196,3.681,82.2,deg,73,d4SigUU,0.069757,nb GeV^-4,0.013195,0.02926,CLAS,e-,10.6,p,0.938272088
0.237,-0.196,3.681,97.3,deg,73,d4SigUU,0.071133,nb GeV^-4,0.014115,0.032886,CLAS,e-,10.6,p,0.938272088
0.237,-0.196,3.681,119.3,deg,73,d4SigUU,0.044922,nb GeV^-4,0.011973,0.020222,CLAS,e-,10.6,p,0.938272088
0.237,-0.196,3.681,156.9,deg,73,d4SigUU,0.026363,nb GeV^-4,0.0070962,0.010472,CLAS,e-,10.6,p,0.938272088
0.237,-0.196,3.681,203.1,deg,73,d4SigUU,0.049174,nb GeV^-4,0.019171,0.024282,CLAS,e-,10.6,p,0.938272088
0.237,-0.196,3.681,301.3,deg,73,d4SigUU,0.16408,nb GeV^-4,0.023366,0.061942,CLAS,e-,10.6,p,0.938272088
0.237,-0.196,3.681,322.8,deg,73,d4SigUU,0.21375,nb GeV^-4,0.016418,0.073399,CLAS,e-,10.6,p,0.938272088
0.237,-0.196,3.681,337.7,deg,73,d4SigUU,0.27552,nb GeV^-4,0.017584,0.089558,CLAS,e-,10.6,p,0.938272088
0.237,-0.196,3.681,352.6,deg,73,d4SigUU,0.28849,nb GeV^-4,0.016359,0.094323,CLAS,e-,10.6,p,0.938272088
0.237,-0.319,3.681,7.3,deg,74,d4SigUU,0.2138,nb GeV^-4,0.0094499,0.069917,CLAS,e-,10.6,p,0.938272088
0.237,-0.319,3.681,22.1,deg,74,d4SigUU,0.17732,nb GeV^-4,0.0076859,0.057592,CLAS,e-,10.6,p,0.938272088
0.237,-0.319,3.681,37,deg,74,d4SigUU,0.13095,nb GeV^-4,0.0069542,0.042352,CLAS,e-,10.6,p,0.938272088
0.237,-0.319,3.681,52.1,deg,74,d4SigUU,0.09255,nb GeV^-4,0.0097389,0.032824,CLAS,e-,10.6,p,0.938272088
0.237,-0.319,3.681,67.1,deg,74,d4SigUU,0.034906,nb GeV^-4,0.0056236,0.011511,CLAS,e-,10.6,p,0.938272088
0.237,-0.319,3.681,82.2,deg,74,d4SigUU,0.030148,nb GeV^-4,0.0039505,0.010331,CLAS,e-,10.6,p,0.938272088
0.237,-0.319,3.681,97.2,deg,74,d4SigUU,0.027791,nb GeV^-4,0.0034673,0.010295,CLAS,e-,10.6,p,0.938272088
0.237,-0.319,3.681,112.3,deg,74,d4SigUU,0.023511,nb GeV^-4,0.0038535,0.0092376,CLAS,e-,10.6,p,0.938272088
0.237,-0.319,3.681,127.3,deg,74,d4SigUU,0.019682,nb GeV^-4,0.0035536,0.0070183,CLAS,e-,10.6,p,0.938272088
0.237,-0.319,3.681,142.4,deg,74,d4SigUU,0.017747,nb GeV^-4,0.0034942,0.0074414,CLAS,e-,10.6,p,0.938272088
0.237,-0.319,3.681,157.4,deg,74,d4SigUU,0.019711,nb GeV^-4,0.0041364,0.0086869,CLAS,e-,10.6,p,0.938272088
0.237,-0.319,3.681,172.5,deg,74,d4SigUU,0.016992,nb GeV^-4,0.0038357,0.0059228,CLAS,e-,10.6,p,0.938272088
0.237,-0.319,3.681,195.2,deg,74,d4SigUU,0.013125,nb GeV^-4,0.003273,0.0049387,CLAS,e-,10.6,p,0.938272088
0.237,-0.319,3.681,234,deg,74,d4SigUU,0.012672,nb GeV^-4,0.0033289,0.0051793,CLAS,e-,10.6,p,0.938272088
0.237,-0.319,3.681,277.8,deg,74,d4SigUU,0.034424,nb GeV^-4,0.0075281,0.012464,CLAS,e-,10.6,p,0.938272088
0.237,-0.319,3.681,308,deg,74,d4SigUU,0.085035,nb GeV^-4,0.0093241,0.028779,CLAS,e-,10.6,p,0.938272088
0.237,-0.319,3.681,323,deg,74,d4SigUU,0.1404,nb GeV^-4,0.0074446,0.045674,CLAS,e-,10.6,p,0.938272088
0.237,-0.319,3.681,338,deg,74,d4SigUU,0.18211,nb GeV^-4,0.0079233,0.05889,CLAS,e-,10.6,p,0.938272088
0.237,-0.319,3.681,352.7,deg,74,d4SigUU,0.22175,nb GeV^-4,0.0098532,0.072475,CLAS,e-,10.6,p,0.938272088
0.234,-0.498,3.675,6.6,deg,75,d4SigUU,0.23719,nb GeV^-4,0.013833,0.079677,CLAS,e-,10.6,p,0.938272088
0.234,-0.498,3.675,21.6,deg,75,d4SigUU,0.13833,nb GeV^-4,0.006382,0.044958,CLAS,e-,10.6,p,0.938272088
0.234,-0.498,3.675,36.8,deg,75,d4SigUU,0.073553,nb GeV^-4,0.0039848,0.024268,CLAS,e-,10.6,p,0.938272088
0.234,-0.498,3.675,51.9,deg,75,d4SigUU,0.046972,nb GeV^-4,0.0057758,0.015845,CLAS,e-,10.6,p,0.938272088
0.234,-0.498,3.675,73.4,deg,75,d4SigUU,0.012318,nb GeV^-4,0.0025218,0.0053651,CLAS,e-,10.6,p,0.938272088
0.234,-0.498,3.675,97.2,deg,75,d4SigUU,0.0098979,nb GeV^-4,0.0017299,0.0034629,CLAS,e-,10.6,p,0.938272088
0.234,-0.498,3.675,112.3,deg,75,d4SigUU,0.011528,nb GeV^-4,0.0018587,0.0038399,CLAS,e-,10.6,p,0.938272088
0.234,-0.498,3.675,127.4,deg,75,d4SigUU,0.008638,nb GeV^-4,0.0016393,0.0035763,CLAS,e-,10.6,p,0.938272088
0.234,-0.498,3.675,149.7,deg,75,d4SigUU,0.0058663,nb GeV^-4,0.0010044,0.0020611,CLAS,e-,10.6,p,0.938272088
0.234,-0.498,3.675,180,deg,75,d4SigUU,0.0059583,nb GeV^-4,0.0013646,0.0028416,CLAS,e-,10.6,p,0.938272088
0.234,-0.498,3.675,247.7,deg,75,d4SigUU,0.011324,nb GeV^-4,0.0023429,0.0038946,CLAS,e-,10.6,p,0.938272088
0.234,-0.498,3.675,262.8,deg,75,d4SigUU,0.0095867,nb GeV^-4,0.0017328,0.0034243,CLAS,e-,10.6,p,0.938272088
0.234,-0.498,3.675,277.8,deg,75,d4SigUU,0.01582,nb GeV^-4,0.0024323,0.0054438,CLAS,e-,10.6,p,0.938272088
0.234,-0.498,3.675,292.9,deg,75,d4SigUU,0.017466,nb GeV^-4,0.003401,0.0068595,CLAS,e-,10.6,p,0.938272088
0.234,-0.498,3.675,308,deg,75,d4SigUU,0.034292,nb GeV^-4,0.0041668,0.011288,CLAS,e-,10.6,p,0.938272088
0.234,-0.498,3.675,323.2,deg,75,d4SigUU,0.073654,nb GeV^-4,0.0041163,0.023811,CLAS,e-,10.6,p,0.938272088
0.234,-0.498,3.675,338.4,deg,75,d4SigUU,0.1337,nb GeV^-4,0.0059462,0.044049,CLAS,e-,10.6,p,0.938272088
0.234,-0.498,3.675,353.3,deg,75,d4SigUU,0.22092,nb GeV^-4,0.01244,0.073649,CLAS,e-,10.6,p,0.938272088
0.226,-0.718,3.651,36.7,deg,76,d4SigUU,0.04395,nb GeV^-4,0.003251,0.014592,CLAS,e-,10.6,p,0.938272088
0.226,-0.718,3.651,51.9,deg,76,d4SigUU,0.02934,nb GeV^-4,0.0060504,0.0098937,CLAS,e-,10.6,p,0.938272088
0.226,-0.718,3.651,88.8,deg,76,d4SigUU,0.0069316,nb GeV^-4,0.0017395,0.0024705,CLAS,e-,10.6,p,0.938272088
0.226,-0.718,3.651,119.3,deg,76,d4SigUU,0.0035721,nb GeV^-4,0.00084702,0.0013182,CLAS,e-,10.6,p,0.938272088
0.226,-0.718,3.651,240.7,deg,76,d4SigUU,0.0051607,nb GeV^-4,0.0011763,0.0022257,CLAS,e-,10.6,p,0.938272088
0.226,-0.718,3.651,262.7,deg,76,d4SigUU,0.0090889,nb GeV^-4,0.0015319,0.0035255,CLAS,e-,10.6,p,0.938272088
0.226,-0.718,3.651,277.8,deg,76,d4SigUU,0.0093105,nb GeV^-4,0.0015474,0.0030956,CLAS,e-,10.6,p,0.938272088
0.226,-0.718,3.651,293,deg,76,d4SigUU,0.010912,nb GeV^-4,0.0023443,0.0036276,CLAS,e-,10.6,p,0.938272088
0.226,-0.718,3.651,308.1,deg,76,d4SigUU,0.021352,nb GeV^-4,0.0038641,0.0073553,CLAS,e-,10.6,p,0.938272088
0.226,-0.718,3.651,323.4,deg,76,d4SigUU,0.0451,nb GeV^-4,0.0034172,0.015015,CLAS,e-,10.6,p,0.938272088
0.309,-0.198,1.664,14.8,deg,77,d4SigUU,0.084007,nb GeV^-4,0.015028,0.035176,CLAS,e-,10.6,p,0.938272088
0.309,-0.198,1.664,44.7,deg,77,d4SigUU,0.055102,nb GeV^-4,0.012512,0.02267,CLAS,e-,10.6,p,0.938272088
0.309,-0.198,1.664,315.3,deg,77,d4SigUU,0.046073,nb GeV^-4,0.011876,0.019237,CLAS,e-,10.6,p,0.938272088
0.309,-0.198,1.664,345.1,deg,77,d4SigUU,0.055586,nb GeV^-4,0.011448,0.019477,CLAS,e-,10.6,p,0.938272088
0.31,-0.321,1.662,37.4,deg,78,d4SigUU,0.051296,nb GeV^-4,0.012232,0.018704,CLAS,e-,10.6,p,0.938272088
0.31,-0.321,1.662,52.4,deg,78,d4SigUU,0.030814,nb GeV^-4,0.010566,0.013662,CLAS,e-,10.6,p,0.938272088
0.31,-0.321,1.662,74.7,deg,78,d4SigUU,0.047624,nb GeV^-4,0.011731,0.020214,CLAS,e-,10.6,p,0.938272088
0.31,-0.321,1.662,337.6,deg,78,d4SigUU,0.056245,nb GeV^-4,0.01421,0.022036,CLAS,e-,10.6,p,0.938272088
0.31,-0.321,1.662,352.5,deg,78,d4SigUU,0.049237,nb GeV^-4,0.010891,0.02009,CLAS,e-,10.6,p,0.938272088
0.31,-0.496,1.659,7.4,deg,79,d4SigUU,0.040862,nb GeV^-4,0.011616,0.015323,CLAS,e-,10.6,p,0.938272088
0.31,-0.496,1.659,135,deg,79,d4SigUU,0.029586,nb GeV^-4,0.0097943,0.012102,CLAS,e-,10.6,p,0.938272088
0.31,-0.496,1.659,345.9,deg,79,d4SigUU,0.033865,nb GeV^-4,0.010182,0.012934,CLAS,e-,10.6,p,0.938272088
0.308,-0.197,2.19,7.5,deg,80,d4SigUU,0.049395,nb GeV^-4,0.0061993,0.017309,CLAS,e-,10.6,p,0.938272088
0.308,-0.197,2.19,22.4,deg,80,d4SigUU,0.046654,nb GeV^-4,0.0052929,0.01734,CLAS,e-,10.6,p,0.938272088
0.308,-0.197,2.19,37.4,deg,80,d4SigUU,0.046037,nb GeV^-4,0.0057385,0.016152,CLAS,e-,10.6,p,0.938272088
0.308,-0.197,2.19,52.4,deg,80,d4SigUU,0.033995,nb GeV^-4,0.0058946,0.013601,CLAS,e-,10.6,p,0.938272088
0.308,-0.197,2.19,300.5,deg,80,d4SigUU,0.032583,nb GeV^-4,0.0070768,0.014035,CLAS,e-,10.6,p,0.938272088
0.308,-0.197,2.19,322.6,deg,80,d4SigUU,0.034623,nb GeV^-4,0.0057901,0.011879,CLAS,e-,10.6,p,0.938272088
0.308,-0.197,2.19,337.6,deg,80,d4SigUU,0.053173,nb GeV^-4,0.0063749,0.018188,CLAS,e-,10.6,p,0.938272088
0.308,-0.197,2.19,352.5,deg,80,d4SigUU,0.045369,nb GeV^-4,0.0060018,0.015941,CLAS,e-,10.6,p,0.938272088
0.309,-0.32,2.187,7.4,deg,81,d4SigUU,0.039295,nb GeV^-4,0.0039249,0.013753,CLAS,e-,10.6,p,0.938272088
0.309,-0.32,2.187,22.4,deg,81,d4SigUU,0.037708,nb GeV^-4,0.003481,0.012561,CLAS,e-,10.6,p,0.938272088
0.309,-0.32,2.187,37.4,deg,81,d4SigUU,0.026669,nb GeV^-4,0.0029132,0.0090087,CLAS,e-,10.6,p,0.938272088
0.309,-0.32,2.187,52.3,deg,81,d4SigUU,0.024922,nb GeV^-4,0.002994,0.0087726,CLAS,e-,10.6,p,0.938272088
0.309,-0.32,2.187,67.4,deg,81,d4SigUU,0.02056,nb GeV^-4,0.0033517,0.0079085,CLAS,e-,10.6,p,0.938272088
0.309,-0.32,2.187,82.4,deg,81,d4SigUU,0.017863,nb GeV^-4,0.0051344,0.0075099,CLAS,e-,10.6,p,0.938272088
0.309,-0.32,2.187,97.4,deg,81,d4SigUU,0.015728,nb GeV^-4,0.0052413,0.0053768,CLAS,e-,10.6,p,0.938272088
0.309,-0.32,2.187,127.5,deg,81,d4SigUU,0.015872,nb GeV^-4,0.0038177,0.0066189,CLAS,e-,10.6,p,0.938272088
0.309,-0.32,2.187,142.5,deg,81,d4SigUU,0.012733,nb GeV^-4,0.0029775,0.0041897,CLAS,e-,10.6,p,0.938272088
0.309,-0.32,2.187,157.4,deg,81,d4SigUU,0.012565,nb GeV^-4,0.0047213,0.0051904,CLAS,e-,10.6,p,0.938272088
0.309,-0.32,2.187,172.5,deg,81,d4SigUU,0.01111,nb GeV^-4,0.0035614,0.0037371,CLAS,e-,10.6,p,0.938272088
0.309,-0.32,2.187,187.5,deg,81,d4SigUU,0.010314,nb GeV^-4,0.003064,0.0035223,CLAS,e-,10.6,p,0.938272088
0.309,-0.32,2.187,217.5,deg,81,d4SigUU,0.01007,nb GeV^-4,0.0030067,0.0036018,CLAS,e-,10.6,p,0.938272088
0.309,-0.32,2.187,322.7,deg,81,d4SigUU,0.02103,nb GeV^-4,0.0040098,0.0076645,CLAS,e-,10.6,p,0.938272088
0.309,-0.32,2.187,337.6,deg,81,d4SigUU,0.030561,nb GeV^-4,0.0035429,0.010651,CLAS,e-,10.6,p,0.938272088
0.309,-0.32,2.187,352.6,deg,81,d4SigUU,0.042132,nb GeV^-4,0.0035132,0.014155,CLAS,e-,10.6,p,0.938272088
0.309,-0.494,2.183,7.4,deg,82,d4SigUU,0.031619,nb GeV^-4,0.003391,0.010675,CLAS,e-,10.6,p,0.938272088
0.309,-0.494,2.183,22.2,deg,82,d4SigUU,0.021935,nb GeV^-4,0.0034685,0.0077465,CLAS,e-,10.6,p,0.938272088
0.309,-0.494,2.183,37.2,deg,82,d4SigUU,0.015733,nb GeV^-4,0.0034138,0.0054231,CLAS,e-,10.6,p,0.938272088
0.309,-0.494,2.183,52.3,deg,82,d4SigUU,0.016384,nb GeV^-4,0.0041381,0.0057858,CLAS,e-,10.6,p,0.938272088
0.309,-0.494,2.183,67.3,deg,82,d4SigUU,0.011612,nb GeV^-4,0.0034957,0.0044964,CLAS,e-,10.6,p,0.938272088
0.309,-0.494,2.183,127.5,deg,82,d4SigUU,0.011463,nb GeV^-4,0.0029729,0.0046078,CLAS,e-,10.6,p,0.938272088
0.309,-0.494,2.183,142.5,deg,82,d4SigUU,0.0077528,nb GeV^-4,0.0016645,0.0034249,CLAS,e-,10.6,p,0.938272088
0.309,-0.494,2.183,157.5,deg,82,d4SigUU,0.008699,nb GeV^-4,0.0019303,0.0029056,CLAS,e-,10.6,p,0.938272088
0.309,-0.494,2.183,172.5,deg,82,d4SigUU,0.010362,nb GeV^-4,0.0036163,0.0038841,CLAS,e-,10.6,p,0.938272088
0.309,-0.494,2.183,187.5,deg,82,d4SigUU,0.0087826,nb GeV^-4,0.0016656,0.0030686,CLAS,e-,10.6,p,0.938272088
0.309,-0.494,2.183,202.5,deg,82,d4SigUU,0.007863,nb GeV^-4,0.0027105,0.0029756,CLAS,e-,10.6,p,0.938272088
0.309,-0.494,2.183,217.5,deg,82,d4SigUU,0.0056821,nb GeV^-4,0.0022018,0.0020894,CLAS,e-,10.6,p,0.938272088
0.309,-0.494,2.183,232.5,deg,82,d4SigUU,0.0068976,nb GeV^-4,0.0020127,0.0026685,CLAS,e-,10.6,p,0.938272088
0.309,-0.494,2.183,331,deg,82,d4SigUU,0.018728,nb GeV^-4,0.0054563,0.0092048,CLAS,e-,10.6,p,0.938272088
0.309,-0.494,2.183,352.6,deg,82,d4SigUU,0.024754,nb GeV^-4,0.0031812,0.0084416,CLAS,e-,10.6,p,0.938272088
0.309,-0.697,2.179,13.5,deg,83,d4SigUU,0.024742,nb GeV^-4,0.0037928,0.011097,CLAS,e-,10.6,p,0.938272088
0.309,-0.697,2.179,142.5,deg,83,d4SigUU,0.0069298,nb GeV^-4,0.0016565,0.0024677,CLAS,e-,10.6,p,0.938272088
0.309,-0.697,2.179,157.5,deg,83,d4SigUU,0.0060479,nb GeV^-4,0.0013766,0.0021297,CLAS,e-,10.6,p,0.938272088
0.309,-0.697,2.179,300.8,deg,83,d4SigUU,0.010906,nb GeV^-4,0.0029312,0.0043804,CLAS,e-,10.6,p,0.938272088
0.308,-0.899,2.174,6.9,deg,84,d4SigUU,0.021881,nb GeV^-4,0.0046277,0.0077635,CLAS,e-,10.6,p,0.938272088
0.308,-0.899,2.174,157.5,deg,84,d4SigUU,0.0045358,nb GeV^-4,0.0012658,0.0019015,CLAS,e-,10.6,p,0.938272088
0.308,-0.899,2.174,323,deg,84,d4SigUU,0.0075767,nb GeV^-4,0.0024466,0.0035024,CLAS,e-,10.6,p,0.938272088
0.308,-0.899,2.174,347.8,deg,84,d4SigUU,0.02228,nb GeV^-4,0.0047895,0.0080203,CLAS,e-,10.6,p,0.938272088
0.305,-0.197,2.891,7.5,deg,85,d4SigUU,0.045468,nb GeV^-4,0.0047654,0.015893,CLAS,e-,10.6,p,0.938272088
0.305,-0.197,2.891,22.4,deg,85,d4SigUU,0.041828,nb GeV^-4,0.0041719,0.015724,CLAS,e-,10.6,p,0.938272088
0.305,-0.197,2.891,37.4,deg,85,d4SigUU,0.026482,nb GeV^-4,0.0033861,0.0089374,CLAS,e-,10.6,p,0.938272088
0.305,-0.197,2.891,52.4,deg,85,d4SigUU,0.029766,nb GeV^-4,0.0053399,0.0098007,CLAS,e-,10.6,p,0.938272088
0.305,-0.197,2.891,74.4,deg,85,d4SigUU,0.028284,nb GeV^-4,0.0065836,0.011255,CLAS,e-,10.6,p,0.938272088
0.305,-0.197,2.891,111.5,deg,85,d4SigUU,0.014465,nb GeV^-4,0.0038208,0.0065919,CLAS,e-,10.6,p,0.938272088
0.305,-0.197,2.891,164.9,deg,85,d4SigUU,0.011055,nb GeV^-4,0.0038725,0.0037542,CLAS,e-,10.6,p,0.938272088
0.305,-0.197,2.891,270.5,deg,85,d4SigUU,0.024402,nb GeV^-4,0.0075465,0.0083458,CLAS,e-,10.6,p,0.938272088
0.305,-0.197,2.891,300.6,deg,85,d4SigUU,0.036859,nb GeV^-4,0.0089102,0.013956,CLAS,e-,10.6,p,0.938272088
0.305,-0.197,2.891,322.6,deg,85,d4SigUU,0.037549,nb GeV^-4,0.0065897,0.013201,CLAS,e-,10.6,p,0.938272088
0.305,-0.197,2.891,337.6,deg,85,d4SigUU,0.044799,nb GeV^-4,0.0057263,0.015766,CLAS,e-,10.6,p,0.938272088
0.305,-0.197,2.891,352.6,deg,85,d4SigUU,0.038675,nb GeV^-4,0.004568,0.014211,CLAS,e-,10.6,p,0.938272088
0.306,-0.319,2.887,7.4,deg,86,d4SigUU,0.031377,nb GeV^-4,0.0022781,0.01065,CLAS,e-,10.6,p,0.938272088
0.306,-0.319,2.887,22.3,deg,86,d4SigUU,0.030228,nb GeV^-4,0.0020695,0.010017,CLAS,e-,10.6,p,0.938272088
0.306,-0.319,2.887,37.3,deg,86,d4SigUU,0.024614,nb GeV^-4,0.0018737,0.0083356,CLAS,e-,10.6,p,0.938272088
0.306,-0.319,2.887,52.3,deg,86,d4SigUU,0.020295,nb GeV^-4,0.0019817,0.0067986,CLAS,e-,10.6,p,0.938272088
0.306,-0.319,2.887,67.3,deg,86,d4SigUU,0.02168,nb GeV^-4,0.0028914,0.0082329,CLAS,e-,10.6,p,0.938272088
0.306,-0.319,2.887,82.3,deg,86,d4SigUU,0.016522,nb GeV^-4,0.0029283,0.0063003,CLAS,e-,10.6,p,0.938272088
0.306,-0.319,2.887,104.5,deg,86,d4SigUU,0.011633,nb GeV^-4,0.0020306,0.0039717,CLAS,e-,10.6,p,0.938272088
0.306,-0.319,2.887,127.4,deg,86,d4SigUU,0.013216,nb GeV^-4,0.0018427,0.0043206,CLAS,e-,10.6,p,0.938272088
0.306,-0.319,2.887,142.4,deg,86,d4SigUU,0.010632,nb GeV^-4,0.0015549,0.0035245,CLAS,e-,10.6,p,0.938272088
0.306,-0.319,2.887,165,deg,86,d4SigUU,0.0074792,nb GeV^-4,0.0012647,0.0024612,CLAS,e-,10.6,p,0.938272088
0.306,-0.319,2.887,187.5,deg,86,d4SigUU,0.0089531,nb GeV^-4,0.0015377,0.0029089,CLAS,e-,10.6,p,0.938272088
0.306,-0.319,2.887,210.1,deg,86,d4SigUU,0.0055493,nb GeV^-4,0.0013001,0.0019012,CLAS,e-,10.6,p,0.938272088
0.306,-0.319,2.887,240.4,deg,86,d4SigUU,0.007306,nb GeV^-4,0.0016347,0.0029253,CLAS,e-,10.6,p,0.938272088
0.306,-0.319,2.887,270.6,deg,86,d4SigUU,0.0092633,nb GeV^-4,0.0031656,0.0040427,CLAS,e-,10.6,p,0.938272088
0.306,-0.319,2.887,300.8,deg,86,d4SigUU,0.018196,nb GeV^-4,0.0033066,0.0066329,CLAS,e-,10.6,p,0.938272088
0.306,-0.319,2.887,322.7,deg,86,d4SigUU,0.022457,nb GeV^-4,0.0031061,0.0081001,CLAS,e-,10.6,p,0.938272088
0.306,-0.319,2.887,337.6,deg,86,d4SigUU,0.028843,nb GeV^-4,0.0026799,0.0098033,CLAS,e-,10.6,p,0.938272088
0.306,-0.319,2.887,352.6,deg,86,d4SigUU,0.032264,nb GeV^-4,0.0022977,0.010721,CLAS,e-,10.6,p,0.938272088
0.307,-0.493,2.881,7.4,deg,87,d4SigUU,0.023416,nb GeV^-4,0.0019706,0.008036,CLAS,e-,10.6,p,0.938272088
0.307,-0.493,2.881,22.2,deg,87,d4SigUU,0.018324,nb GeV^-4,0.0018021,0.006125,CLAS,e-,10.6,p,0.938272088
0.307,-0.493,2.881,37.2,deg,87,d4SigUU,0.016478,nb GeV^-4,0.0019131,0.0057528,CLAS,e-,10.6,p,0.938272088
0.307,-0.493,2.881,59,deg,87,d4SigUU,0.010771,nb GeV^-4,0.0012742,0.0036631,CLAS,e-,10.6,p,0.938272088
0.307,-0.493,2.881,119.7,deg,87,d4SigUU,0.0055869,nb GeV^-4,0.00089631,0.0019605,CLAS,e-,10.6,p,0.938272088
0.307,-0.493,2.881,142.5,deg,87,d4SigUU,0.0049398,nb GeV^-4,0.00073715,0.0016676,CLAS,e-,10.6,p,0.938272088
0.307,-0.493,2.881,180,deg,87,d4SigUU,0.0041826,nb GeV^-4,0.00056011,0.0013704,CLAS,e-,10.6,p,0.938272088
0.307,-0.493,2.881,210.1,deg,87,d4SigUU,0.0053569,nb GeV^-4,0.00082521,0.0017386,CLAS,e-,10.6,p,0.938272088
0.307,-0.493,2.881,240.3,deg,87,d4SigUU,0.0038728,nb GeV^-4,0.00085413,0.001463,CLAS,e-,10.6,p,0.938272088
0.307,-0.493,2.881,279,deg,87,d4SigUU,0.0057354,nb GeV^-4,0.0019884,0.0023787,CLAS,e-,10.6,p,0.938272088
0.307,-0.493,2.881,325.2,deg,87,d4SigUU,0.016765,nb GeV^-4,0.0024013,0.0059385,CLAS,e-,10.6,p,0.938272088
0.307,-0.493,2.881,352.6,deg,87,d4SigUU,0.022237,nb GeV^-4,0.0020378,0.0077616,CLAS,e-,10.6,p,0.938272088
0.307,-0.695,2.877,7.3,deg,88,d4SigUU,0.018074,nb GeV^-4,0.0021201,0.0061001,CLAS,e-,10.6,p,0.938272088
0.307,-0.695,2.877,22.1,deg,88,d4SigUU,0.011955,nb GeV^-4,0.0028269,0.004102,CLAS,e-,10.6,p,0.938272088
0.307,-0.695,2.877,43.5,deg,88,d4SigUU,0.010062,nb GeV^-4,0.0026293,0.003907,CLAS,e-,10.6,p,0.938272088
0.307,-0.695,2.877,74.2,deg,88,d4SigUU,0.0045907,nb GeV^-4,0.0016045,0.0019082,CLAS,e-,10.6,p,0.938272088
0.307,-0.695,2.877,104.6,deg,88,d4SigUU,0.0022097,nb GeV^-4,0.0008486,0.00092814,CLAS,e-,10.6,p,0.938272088
0.307,-0.695,2.877,127.5,deg,88,d4SigUU,0.0037276,nb GeV^-4,0.0010377,0.001245,CLAS,e-,10.6,p,0.938272088
0.307,-0.695,2.877,142.5,deg,88,d4SigUU,0.0032905,nb GeV^-4,0.00057418,0.0013241,CLAS,e-,10.6,p,0.938272088
0.307,-0.695,2.877,157.5,deg,88,d4SigUU,0.0028464,nb GeV^-4,0.00052751,0.0010355,CLAS,e-,10.6,p,0.938272088
0.307,-0.695,2.877,180,deg,88,d4SigUU,0.0022273,nb GeV^-4,0.00042749,0.00073064,CLAS,e-,10.6,p,0.938272088
0.307,-0.695,2.877,202.5,deg,88,d4SigUU,0.0029489,nb GeV^-4,0.00058656,0.00098494,CLAS,e-,10.6,p,0.938272088
0.307,-0.695,2.877,316.5,deg,88,d4SigUU,0.0091761,nb GeV^-4,0.0018771,0.0037745,CLAS,e-,10.6,p,0.938272088
0.307,-0.695,2.877,346.4,deg,88,d4SigUU,0.018473,nb GeV^-4,0.0022572,0.0071335,CLAS,e-,10.6,p,0.938272088
0.307,-0.897,2.872,12.6,deg,89,d4SigUU,0.012902,nb GeV^-4,0.0015376,0.004755,CLAS,e-,10.6,p,0.938272088
0.307,-0.897,2.872,164.9,deg,89,d4SigUU,0.0013029,nb GeV^-4,0.00034619,0.00051107,CLAS,e-,10.6,p,0.938272088
0.307,-0.897,2.872,285.8,deg,89,d4SigUU,0.0035484,nb GeV^-4,0.00077847,0.0013527,CLAS,e-,10.6,p,0.938272088
0.307,-0.897,2.872,316.9,deg,89,d4SigUU,0.0033709,nb GeV^-4,0.00078098,0.0012232,CLAS,e-,10.6,p,0.938272088
0.307,-0.897,2.872,347.3,deg,89,d4SigUU,0.015678,nb GeV^-4,0.0016695,0.0051821,CLAS,e-,10.6,p,0.938272088
0.303,-0.318,3.829,7.4,deg,90,d4SigUU,0.033142,nb GeV^-4,0.0023872,0.010967,CLAS,e-,10.6,p,0.938272088
0.303,-0.318,3.829,22.3,deg,90,d4SigUU,0.02778,nb GeV^-4,0.0019869,0.0094216,CLAS,e-,10.6,p,0.938272088
0.303,-0.318,3.829,37.2,deg,90,d4SigUU,0.025997,nb GeV^-4,0.0020822,0.0089921,CLAS,e-,10.6,p,0.938272088
0.303,-0.318,3.829,52.2,deg,90,d4SigUU,0.017493,nb GeV^-4,0.0020185,0.0058957,CLAS,e-,10.6,p,0.938272088
0.303,-0.318,3.829,67.2,deg,90,d4SigUU,0.012005,nb GeV^-4,0.0019553,0.0044841,CLAS,e-,10.6,p,0.938272088
0.303,-0.318,3.829,82.3,deg,90,d4SigUU,0.0083377,nb GeV^-4,0.0016423,0.0031213,CLAS,e-,10.6,p,0.938272088
0.303,-0.318,3.829,104.3,deg,90,d4SigUU,0.0087761,nb GeV^-4,0.0013173,0.0030707,CLAS,e-,10.6,p,0.938272088
0.303,-0.318,3.829,127.4,deg,90,d4SigUU,0.0066608,nb GeV^-4,0.001104,0.0021812,CLAS,e-,10.6,p,0.938272088
0.303,-0.318,3.829,142.4,deg,90,d4SigUU,0.0070679,nb GeV^-4,0.0011995,0.0023406,CLAS,e-,10.6,p,0.938272088
0.303,-0.318,3.829,157.5,deg,90,d4SigUU,0.0064936,nb GeV^-4,0.001531,0.0021107,CLAS,e-,10.6,p,0.938272088
0.303,-0.318,3.829,172.5,deg,90,d4SigUU,0.0064315,nb GeV^-4,0.0010005,0.0020675,CLAS,e-,10.6,p,0.938272088
0.303,-0.318,3.829,187.5,deg,90,d4SigUU,0.0061301,nb GeV^-4,0.0010147,0.0021479,CLAS,e-,10.6,p,0.938272088
0.303,-0.318,3.829,210.3,deg,90,d4SigUU,0.0056534,nb GeV^-4,0.0011331,0.001813,CLAS,e-,10.6,p,0.938272088
0.303,-0.318,3.829,232.6,deg,90,d4SigUU,0.0083586,nb GeV^-4,0.001661,0.0030274,CLAS,e-,10.6,p,0.938272088
0.303,-0.318,3.829,264.2,deg,90,d4SigUU,0.0048172,nb GeV^-4,0.0014753,0.0016097,CLAS,e-,10.6,p,0.938272088
0.303,-0.318,3.829,309.9,deg,90,d4SigUU,0.020418,nb GeV^-4,0.0027001,0.0072124,CLAS,e-,10.6,p,0.938272088
0.303,-0.318,3.829,337.7,deg,90,d4SigUU,0.038327,nb GeV^-4,0.0033266,0.013332,CLAS,e-,10.6,p,0.938272088
0.303,-0.318,3.829,352.6,deg,90,d4SigUU,0.033971,nb GeV^-4,0.0023735,0.011322,CLAS,e-,10.6,p,0.938272088
0.303,-0.492,3.826,7.3,deg,91,d4SigUU,0.026986,nb GeV^-4,0.0016679,0.008739,CLAS,e-,10.6,p,0.938272088
0.303,-0.492,3.826,22.2,deg,91,d4SigUU,0.022251,nb GeV^-4,0.00143,0.0073338,CLAS,e-,10.6,p,0.938272088
0.303,-0.492,3.826,37.1,deg,91,d4SigUU,0.016446,nb GeV^-4,0.0014239,0.0055589,CLAS,e-,10.6,p,0.938272088
0.303,-0.492,3.826,52.2,deg,91,d4SigUU,0.011112,nb GeV^-4,0.0014527,0.0036714,CLAS,e-,10.6,p,0.938272088
0.303,-0.492,3.826,67.2,deg,91,d4SigUU,0.0087476,nb GeV^-4,0.001463,0.002973,CLAS,e-,10.6,p,0.938272088
0.303,-0.492,3.826,82.3,deg,91,d4SigUU,0.0049748,nb GeV^-4,0.00092484,0.0017122,CLAS,e-,10.6,p,0.938272088
0.303,-0.492,3.826,104.3,deg,91,d4SigUU,0.0050823,nb GeV^-4,0.00075044,0.0020688,CLAS,e-,10.6,p,0.938272088
0.303,-0.492,3.826,127.4,deg,91,d4SigUU,0.0027103,nb GeV^-4,0.0005268,0.00099783,CLAS,e-,10.6,p,0.938272088
0.303,-0.492,3.826,142.5,deg,91,d4SigUU,0.0037595,nb GeV^-4,0.00048702,0.00121,CLAS,e-,10.6,p,0.938272088
0.303,-0.492,3.826,157.5,deg,91,d4SigUU,0.0039348,nb GeV^-4,0.00062187,0.0012672,CLAS,e-,10.6,p,0.938272088
0.303,-0.492,3.826,172.5,deg,91,d4SigUU,0.0023103,nb GeV^-4,0.00048695,0.00075013,CLAS,e-,10.6,p,0.938272088
0.303,-0.492,3.826,187.5,deg,91,d4SigUU,0.0028243,nb GeV^-4,0.00041334,0.00092638,CLAS,e-,10.6,p,0.938272088
0.303,-0.492,3.826,202.5,deg,91,d4SigUU,0.0034955,nb GeV^-4,0.00057089,0.0011898,CLAS,e-,10.6,p,0.938272088
0.303,-0.492,3.826,255.7,deg,91,d4SigUU,0.0027348,nb GeV^-4,0.00081144,0.00095318,CLAS,e-,10.6,p,0.938272088
0.303,-0.492,3.826,286.1,deg,91,d4SigUU,0.006778,nb GeV^-4,0.0011209,0.0026285,CLAS,e-,10.6,p,0.938272088
0.303,-0.492,3.826,316.6,deg,91,d4SigUU,0.013057,nb GeV^-4,0.0016806,0.0044891,CLAS,e-,10.6,p,0.938272088
0.303,-0.492,3.826,337.8,deg,91,d4SigUU,0.025937,nb GeV^-4,0.0020469,0.0087085,CLAS,e-,10.6,p,0.938272088
0.303,-0.492,3.826,352.7,deg,91,d4SigUU,0.029084,nb GeV^-4,0.0017551,0.0096989,CLAS,e-,10.6,p,0.938272088
0.303,-0.695,3.826,7.2,deg,92,d4SigUU,0.01751,nb GeV^-4,0.0012918,0.0058604,CLAS,e-,10.6,p,0.938272088
0.303,-0.695,3.826,21.9,deg,92,d4SigUU,0.016108,nb GeV^-4,0.00134,0.0053915,CLAS,e-,10.6,p,0.938272088
0.303,-0.695,3.826,43,deg,92,d4SigUU,0.0081033,nb GeV^-4,0.0010868,0.0029241,CLAS,e-,10.6,p,0.938272088
0.303,-0.695,3.826,104.4,deg,92,d4SigUU,0.002165,nb GeV^-4,0.00056892,0.0010083,CLAS,e-,10.6,p,0.938272088
0.303,-0.695,3.826,134.7,deg,92,d4SigUU,0.0013187,nb GeV^-4,0.00023707,0.00060371,CLAS,e-,10.6,p,0.938272088
0.303,-0.695,3.826,164.9,deg,92,d4SigUU,0.0010638,nb GeV^-4,0.00021472,0.00034765,CLAS,e-,10.6,p,0.938272088
0.303,-0.695,3.826,187.5,deg,92,d4SigUU,0.00084953,nb GeV^-4,0.00024125,0.00037108,CLAS,e-,10.6,p,0.938272088
0.303,-0.695,3.826,210.2,deg,92,d4SigUU,0.0012043,nb GeV^-4,0.00025794,0.00040259,CLAS,e-,10.6,p,0.938272088
0.303,-0.695,3.826,240.4,deg,92,d4SigUU,0.0014059,nb GeV^-4,0.0005163,0.00051295,CLAS,e-,10.6,p,0.938272088
0.303,-0.695,3.826,301.5,deg,92,d4SigUU,0.0057828,nb GeV^-4,0.00073572,0.0021607,CLAS,e-,10.6,p,0.938272088
0.303,-0.695,3.826,323,deg,92,d4SigUU,0.0074946,nb GeV^-4,0.0012996,0.0024739,CLAS,e-,10.6,p,0.938272088
0.303,-0.695,3.826,338.1,deg,92,d4SigUU,0.016065,nb GeV^-4,0.0013136,0.0053737,CLAS,e-,10.6,p,0.938272088
0.303,-0.695,3.826,352.8,deg,92,d4SigUU,0.023224,nb GeV^-4,0.0015886,0.011277,CLAS,e-,10.6,p,0.938272088
0.301,-0.898,3.836,6.8,deg,93,d4SigUU,0.021,nb GeV^-4,0.0018846,0.0071065,CLAS,e-,10.6,p,0.938272088
0.301,-0.898,3.836,27,deg,93,d4SigUU,0.010488,nb GeV^-4,0.00099709,0.0035579,CLAS,e-,10.6,p,0.938272088
0.301,-0.898,3.836,126.8,deg,93,d4SigUU,0.0010265,nb GeV^-4,0.00020418,0.00037792,CLAS,e-,10.6,p,0.938272088
0.301,-0.898,3.836,164.9,deg,93,d4SigUU,0.00084263,nb GeV^-4,0.00017528,0.00028261,CLAS,e-,10.6,p,0.938272088
0.301,-0.898,3.836,195.1,deg,93,d4SigUU,0.00069148,nb GeV^-4,0.00015368,0.00030541,CLAS,e-,10.6,p,0.938272088
0.301,-0.898,3.836,225.2,deg,93,d4SigUU,0.0011398,nb GeV^-4,0.00033281,0.00051969,CLAS,e-,10.6,p,0.938272088
0.301,-0.898,3.836,255.5,deg,93,d4SigUU,0.0017549,nb GeV^-4,0.00050083,0.00067837,CLAS,e-,10.6,p,0.938272088
0.301,-0.898,3.836,317.3,deg,93,d4SigUU,0.0048511,nb GeV^-4,0.00062997,0.0017749,CLAS,e-,10.6,p,0.938272088
0.301,-0.898,3.836,338.3,deg,93,d4SigUU,0.012276,nb GeV^-4,0.0010786,0.0040273,CLAS,e-,10.6,p,0.938272088
0.301,-0.898,3.836,353.2,deg,93,d4SigUU,0.018245,nb GeV^-4,0.0015235,0.0060844,CLAS,e-,10.6,p,0.938272088
0.314,-0.318,4.856,7.4,deg,94,d4SigUU,0.045109,nb GeV^-4,0.0041876,0.016541,CLAS,e-,10.6,p,0.938272088
0.314,-0.318,4.856,22.2,deg,94,d4SigUU,0.042281,nb GeV^-4,0.0042551,0.013857,CLAS,e-,10.6,p,0.938272088
0.314,-0.318,4.856,43.8,deg,94,d4SigUU,0.030405,nb GeV^-4,0.0039585,0.010373,CLAS,e-,10.6,p,0.938272088
0.314,-0.318,4.856,73.9,deg,94,d4SigUU,0.0122,nb GeV^-4,0.0025832,0.0050711,CLAS,e-,10.6,p,0.938272088
0.314,-0.318,4.856,104.2,deg,94,d4SigUU,0.0127,nb GeV^-4,0.0023753,0.0047259,CLAS,e-,10.6,p,0.938272088
0.314,-0.318,4.856,134.6,deg,94,d4SigUU,0.010495,nb GeV^-4,0.0019268,0.0037083,CLAS,e-,10.6,p,0.938272088
0.314,-0.318,4.856,164.8,deg,94,d4SigUU,0.0057036,nb GeV^-4,0.0011342,0.0018256,CLAS,e-,10.6,p,0.938272088
0.314,-0.318,4.856,195.2,deg,94,d4SigUU,0.0077188,nb GeV^-4,0.0014124,0.0025116,CLAS,e-,10.6,p,0.938272088
0.314,-0.318,4.856,233.7,deg,94,d4SigUU,0.0061377,nb GeV^-4,0.0015558,0.0027369,CLAS,e-,10.6,p,0.938272088
0.314,-0.318,4.856,316.2,deg,94,d4SigUU,0.039061,nb GeV^-4,0.0060857,0.014681,CLAS,e-,10.6,p,0.938272088
0.314,-0.318,4.856,337.7,deg,94,d4SigUU,0.042416,nb GeV^-4,0.0043714,0.013969,CLAS,e-,10.6,p,0.938272088
0.314,-0.318,4.856,352.6,deg,94,d4SigUU,0.052635,nb GeV^-4,0.0044556,0.017902,CLAS,e-,10.6,p,0.938272088
0.313,-0.492,4.854,7.3,deg,95,d4SigUU,0.038249,nb GeV^-4,0.0024327,0.012378,CLAS,e-,10.6,p,0.938272088
0.313,-0.492,4.854,22.1,deg,95,d4SigUU,0.02984,nb GeV^-4,0.0020905,0.0097941,CLAS,e-,10.6,p,0.938272088
0.313,-0.492,4.854,37,deg,95,d4SigUU,0.024531,nb GeV^-4,0.002294,0.0087819,CLAS,e-,10.6,p,0.938272088
0.313,-0.492,4.854,58.4,deg,95,d4SigUU,0.0086465,nb GeV^-4,0.0016115,0.0033633,CLAS,e-,10.6,p,0.938272088
0.313,-0.492,4.854,119.4,deg,95,d4SigUU,0.0036344,nb GeV^-4,0.00061543,0.0011817,CLAS,e-,10.6,p,0.938272088
0.313,-0.492,4.854,149.7,deg,95,d4SigUU,0.0032362,nb GeV^-4,0.00053279,0.0010859,CLAS,e-,10.6,p,0.938272088
0.313,-0.492,4.854,180,deg,95,d4SigUU,0.0021057,nb GeV^-4,0.00039628,0.00087713,CLAS,e-,10.6,p,0.938272088
0.313,-0.492,4.854,210.3,deg,95,d4SigUU,0.0025524,nb GeV^-4,0.00062534,0.00089836,CLAS,e-,10.6,p,0.938272088
0.313,-0.492,4.854,249.2,deg,95,d4SigUU,0.0028752,nb GeV^-4,0.00082061,0.0012568,CLAS,e-,10.6,p,0.938272088
0.313,-0.492,4.854,286.3,deg,95,d4SigUU,0.0078063,nb GeV^-4,0.0016367,0.0034008,CLAS,e-,10.6,p,0.938272088
0.313,-0.492,4.854,316.8,deg,95,d4SigUU,0.017369,nb GeV^-4,0.0017432,0.0057261,CLAS,e-,10.6,p,0.938272088
0.313,-0.492,4.854,338,deg,95,d4SigUU,0.03017,nb GeV^-4,0.0020745,0.010115,CLAS,e-,10.6,p,0.938272088
0.313,-0.492,4.854,352.7,deg,95,d4SigUU,0.040165,nb GeV^-4,0.0025293,0.013509,CLAS,e-,10.6,p,0.938272088
0.395,-0.322,2.199,14.9,deg,96,d4SigUU,0.017268,nb GeV^-4,0.0029487,0.0076428,CLAS,e-,10.6,p,0.938272088
0.395,-0.322,2.199,44.8,deg,96,d4SigUU,0.010158,nb GeV^-4,0.0026107,0.0047724,CLAS,e-,10.6,p,0.938272088
0.395,-0.322,2.199,74.8,deg,96,d4SigUU,0.012887,nb GeV^-4,0.0044293,0.0050292,CLAS,e-,10.6,p,0.938272088
0.395,-0.322,2.199,247.5,deg,96,d4SigUU,0.019995,nb GeV^-4,0.0060963,0.0070095,CLAS,e-,10.6,p,0.938272088
0.395,-0.322,2.199,262.5,deg,96,d4SigUU,0.015073,nb GeV^-4,0.0051794,0.006722,CLAS,e-,10.6,p,0.938272088
0.395,-0.322,2.199,292.8,deg,96,d4SigUU,0.010682,nb GeV^-4,0.0039407,0.0041024,CLAS,e-,10.6,p,0.938272088
0.395,-0.322,2.199,337.6,deg,96,d4SigUU,0.012051,nb GeV^-4,0.0029671,0.0045495,CLAS,e-,10.6,p,0.938272088
0.395,-0.322,2.199,352.5,deg,96,d4SigUU,0.014134,nb GeV^-4,0.0031694,0.0053744,CLAS,e-,10.6,p,0.938272088
0.396,-0.495,2.198,7.5,deg,97,d4SigUU,0.013535,nb GeV^-4,0.0031159,0.0055761,CLAS,e-,10.6,p,0.938272088
0.396,-0.495,2.198,22.4,deg,97,d4SigUU,0.015167,nb GeV^-4,0.0035579,0.005633,CLAS,e-,10.6,p,0.938272088
0.396,-0.495,2.198,44.7,deg,97,d4SigUU,0.007193,nb GeV^-4,0.0018378,0.0030094,CLAS,e-,10.6,p,0.938272088
0.396,-0.495,2.198,127.5,deg,97,d4SigUU,0.016196,nb GeV^-4,0.0040958,0.0056125,CLAS,e-,10.6,p,0.938272088
0.396,-0.495,2.198,150,deg,97,d4SigUU,0.015193,nb GeV^-4,0.0044185,0.0053372,CLAS,e-,10.6,p,0.938272088
0.396,-0.495,2.198,337.6,deg,97,d4SigUU,0.013516,nb GeV^-4,0.0032027,0.0065428,CLAS,e-,10.6,p,0.938272088
0.396,-0.495,2.198,352.5,deg,97,d4SigUU,0.013563,nb GeV^-4,0.0027346,0.0050284,CLAS,e-,10.6,p,0.938272088
0.396,-0.696,2.195,14.4,deg,98,d4SigUU,0.00888,nb GeV^-4,0.0025192,0.0037448,CLAS,e-,10.6,p,0.938272088
0.396,-0.696,2.195,104.9,deg,98,d4SigUU,0.0053629,nb GeV^-4,0.0021209,0.0024994,CLAS,e-,10.6,p,0.938272088
0.396,-0.696,2.195,150,deg,98,d4SigUU,0.019048,nb GeV^-4,0.0055642,0.0069073,CLAS,e-,10.6,p,0.938272088
0.396,-0.898,2.193,134.9,deg,99,d4SigUU,0.014272,nb GeV^-4,0.0035779,0.0068811,CLAS,e-,10.6,p,0.938272088
0.398,-0.321,2.869,7.5,deg,100,d4SigUU,0.0094501,nb GeV^-4,0.0017397,0.0033596,CLAS,e-,10.6,p,0.938272088
0.398,-0.321,2.869,22.4,deg,100,d4SigUU,0.0098058,nb GeV^-4,0.0017845,0.0038975,CLAS,e-,10.6,p,0.938272088
0.398,-0.321,2.869,37.4,deg,100,d4SigUU,0.0090074,nb GeV^-4,0.0018428,0.0031567,CLAS,e-,10.6,p,0.938272088
0.398,-0.321,2.869,52.4,deg,100,d4SigUU,0.0057677,nb GeV^-4,0.0020705,0.0024156,CLAS,e-,10.6,p,0.938272088
0.398,-0.321,2.869,67.4,deg,100,d4SigUU,0.007518,nb GeV^-4,0.0025276,0.0027944,CLAS,e-,10.6,p,0.938272088
0.398,-0.321,2.869,82.4,deg,100,d4SigUU,0.0075144,nb GeV^-4,0.0018245,0.0025169,CLAS,e-,10.6,p,0.938272088
0.398,-0.321,2.869,97.4,deg,100,d4SigUU,0.0066243,nb GeV^-4,0.0015616,0.0022889,CLAS,e-,10.6,p,0.938272088
0.398,-0.321,2.869,112.5,deg,100,d4SigUU,0.0041479,nb GeV^-4,0.0016166,0.0015132,CLAS,e-,10.6,p,0.938272088
0.398,-0.321,2.869,142.3,deg,100,d4SigUU,0.0061169,nb GeV^-4,0.0016866,0.0019561,CLAS,e-,10.6,p,0.938272088
0.398,-0.321,2.869,210.1,deg,100,d4SigUU,0.0064617,nb GeV^-4,0.0017998,0.0021303,CLAS,e-,10.6,p,0.938272088
0.398,-0.321,2.869,247.6,deg,100,d4SigUU,0.0069616,nb GeV^-4,0.0022778,0.0025159,CLAS,e-,10.6,p,0.938272088
0.398,-0.321,2.869,262.5,deg,100,d4SigUU,0.0072535,nb GeV^-4,0.0021837,0.00265,CLAS,e-,10.6,p,0.938272088
0.398,-0.321,2.869,277.5,deg,100,d4SigUU,0.0107,nb GeV^-4,0.0025853,0.0036205,CLAS,e-,10.6,p,0.938272088
0.398,-0.321,2.869,337.6,deg,100,d4SigUU,0.010119,nb GeV^-4,0.0016844,0.0036764,CLAS,e-,10.6,p,0.938272088
0.398,-0.321,2.869,352.5,deg,100,d4SigUU,0.0080085,nb GeV^-4,0.0014103,0.0027963,CLAS,e-,10.6,p,0.938272088
0.399,-0.494,2.865,7.5,deg,101,d4SigUU,0.0064229,nb GeV^-4,0.00098625,0.0023506,CLAS,e-,10.6,p,0.938272088
0.399,-0.494,2.865,22.4,deg,101,d4SigUU,0.0080412,nb GeV^-4,0.0011888,0.0027886,CLAS,e-,10.6,p,0.938272088
0.399,-0.494,2.865,37.4,deg,101,d4SigUU,0.0085605,nb GeV^-4,0.0011674,0.0031526,CLAS,e-,10.6,p,0.938272088
0.399,-0.494,2.865,52.4,deg,101,d4SigUU,0.0044022,nb GeV^-4,0.0010697,0.0017096,CLAS,e-,10.6,p,0.938272088
0.399,-0.494,2.865,74.7,deg,101,d4SigUU,0.0026485,nb GeV^-4,0.0010492,0.0012392,CLAS,e-,10.6,p,0.938272088
0.399,-0.494,2.865,112.5,deg,101,d4SigUU,0.0041533,nb GeV^-4,0.00087814,0.0015085,CLAS,e-,10.6,p,0.938272088
0.399,-0.494,2.865,142.5,deg,101,d4SigUU,0.0048909,nb GeV^-4,0.0017618,0.0018377,CLAS,e-,10.6,p,0.938272088
0.399,-0.494,2.865,157.5,deg,101,d4SigUU,0.0049608,nb GeV^-4,0.0014544,0.0018694,CLAS,e-,10.6,p,0.938272088
0.399,-0.494,2.865,210,deg,101,d4SigUU,0.0065292,nb GeV^-4,0.0010993,0.0020576,CLAS,e-,10.6,p,0.938272088
0.399,-0.494,2.865,322.6,deg,101,d4SigUU,0.0061727,nb GeV^-4,0.0013369,0.0024095,CLAS,e-,10.6,p,0.938272088
0.399,-0.494,2.865,337.6,deg,101,d4SigUU,0.0080351,nb GeV^-4,0.0011966,0.002735,CLAS,e-,10.6,p,0.938272088
0.399,-0.494,2.865,352.5,deg,101,d4SigUU,0.0076742,nb GeV^-4,0.00099698,0.0026468,CLAS,e-,10.6,p,0.938272088
0.4,-0.696,2.86,7.4,deg,102,d4SigUU,0.0057894,nb GeV^-4,0.0010519,0.0020747,CLAS,e-,10.6,p,0.938272088
0.4,-0.696,2.86,22.3,deg,102,d4SigUU,0.0046358,nb GeV^-4,0.0012168,0.0018089,CLAS,e-,10.6,p,0.938272088
0.4,-0.696,2.86,97.5,deg,102,d4SigUU,0.0027417,nb GeV^-4,0.00089868,0.0011628,CLAS,e-,10.6,p,0.938272088
0.4,-0.696,2.86,112.5,deg,102,d4SigUU,0.0031724,nb GeV^-4,0.00074791,0.0011345,CLAS,e-,10.6,p,0.938272088
0.4,-0.696,2.86,127.5,deg,102,d4SigUU,0.0039026,nb GeV^-4,0.00092415,0.0015182,CLAS,e-,10.6,p,0.938272088
0.4,-0.696,2.86,157.5,deg,102,d4SigUU,0.0034617,nb GeV^-4,0.0009778,0.0010604,CLAS,e-,10.6,p,0.938272088
0.4,-0.696,2.86,180,deg,102,d4SigUU,0.0033707,nb GeV^-4,0.00084181,0.0010362,CLAS,e-,10.6,p,0.938272088
0.4,-0.696,2.86,202.5,deg,102,d4SigUU,0.0042881,nb GeV^-4,0.0014797,0.001637,CLAS,e-,10.6,p,0.938272088
0.4,-0.696,2.86,217.5,deg,102,d4SigUU,0.0035151,nb GeV^-4,0.0011071,0.001154,CLAS,e-,10.6,p,0.938272088
0.4,-0.696,2.86,337.7,deg,102,d4SigUU,0.0092538,nb GeV^-4,0.0021258,0.0039245,CLAS,e-,10.6,p,0.938272088
0.4,-0.696,2.86,352.6,deg,102,d4SigUU,0.0050356,nb GeV^-4,0.0010256,0.0019233,CLAS,e-,10.6,p,0.938272088
0.4,-0.897,2.858,7.4,deg,103,d4SigUU,0.0044373,nb GeV^-4,0.0010827,0.0016339,CLAS,e-,10.6,p,0.938272088
0.4,-0.897,2.858,127.5,deg,103,d4SigUU,0.0029615,nb GeV^-4,0.00074645,0.001099,CLAS,e-,10.6,p,0.938272088
0.4,-0.897,2.858,180,deg,103,d4SigUU,0.0028681,nb GeV^-4,0.00084387,0.00095827,CLAS,e-,10.6,p,0.938272088
0.396,-0.321,3.787,7.5,deg,104,d4SigUU,0.0073049,nb GeV^-4,0.0011936,0.0026612,CLAS,e-,10.6,p,0.938272088
0.396,-0.321,3.787,22.4,deg,104,d4SigUU,0.005571,nb GeV^-4,0.0011828,0.0021042,CLAS,e-,10.6,p,0.938272088
0.396,-0.321,3.787,37.4,deg,104,d4SigUU,0.0071131,nb GeV^-4,0.0016263,0.0031983,CLAS,e-,10.6,p,0.938272088
0.396,-0.321,3.787,52.4,deg,104,d4SigUU,0.0074091,nb GeV^-4,0.0017968,0.0028734,CLAS,e-,10.6,p,0.938272088
0.396,-0.321,3.787,67.4,deg,104,d4SigUU,0.0072174,nb GeV^-4,0.0013418,0.0024239,CLAS,e-,10.6,p,0.938272088
0.396,-0.321,3.787,82.4,deg,104,d4SigUU,0.0063518,nb GeV^-4,0.00104,0.0021568,CLAS,e-,10.6,p,0.938272088
0.396,-0.321,3.787,97.4,deg,104,d4SigUU,0.0042918,nb GeV^-4,0.00094934,0.001587,CLAS,e-,10.6,p,0.938272088
0.396,-0.321,3.787,112.4,deg,104,d4SigUU,0.004948,nb GeV^-4,0.0012835,0.0018832,CLAS,e-,10.6,p,0.938272088
0.396,-0.321,3.787,134.8,deg,104,d4SigUU,0.0027981,nb GeV^-4,0.0010231,0.00098275,CLAS,e-,10.6,p,0.938272088
0.396,-0.321,3.787,225.2,deg,104,d4SigUU,0.003132,nb GeV^-4,0.00083635,0.0011884,CLAS,e-,10.6,p,0.938272088
0.396,-0.321,3.787,255.3,deg,104,d4SigUU,0.0024954,nb GeV^-4,0.00085191,0.0010019,CLAS,e-,10.6,p,0.938272088
0.396,-0.321,3.787,277.6,deg,104,d4SigUU,0.0042748,nb GeV^-4,0.0011972,0.0016337,CLAS,e-,10.6,p,0.938272088
0.396,-0.321,3.787,292.6,deg,104,d4SigUU,0.0064968,nb GeV^-4,0.0017152,0.0023519,CLAS,e-,10.6,p,0.938272088
0.396,-0.321,3.787,307.6,deg,104,d4SigUU,0.012101,nb GeV^-4,0.0034437,0.0044183,CLAS,e-,10.6,p,0.938272088
0.396,-0.321,3.787,322.6,deg,104,d4SigUU,0.0049799,nb GeV^-4,0.0016563,0.0022876,CLAS,e-,10.6,p,0.938272088
0.396,-0.321,3.787,337.6,deg,104,d4SigUU,0.0058902,nb GeV^-4,0.0012611,0.0021262,CLAS,e-,10.6,p,0.938272088
0.396,-0.321,3.787,352.5,deg,104,d4SigUU,0.0066259,nb GeV^-4,0.0010998,0.0028785,CLAS,e-,10.6,p,0.938272088
0.398,-0.493,3.781,7.4,deg,105,d4SigUU,0.0059754,nb GeV^-4,0.0006774,0.0021387,CLAS,e-,10.6,p,0.938272088
0.398,-0.493,3.781,22.4,deg,105,d4SigUU,0.0049447,nb GeV^-4,0.00062945,0.0016669,CLAS,e-,10.6,p,0.938272088
0.398,-0.493,3.781,37.3,deg,105,d4SigUU,0.0053408,nb GeV^-4,0.00073579,0.0020432,CLAS,e-,10.6,p,0.938272088
0.398,-0.493,3.781,52.4,deg,105,d4SigUU,0.0066316,nb GeV^-4,0.0011356,0.0030269,CLAS,e-,10.6,p,0.938272088
0.398,-0.493,3.781,82.4,deg,105,d4SigUU,0.0028186,nb GeV^-4,0.00057325,0.00095558,CLAS,e-,10.6,p,0.938272088
0.398,-0.493,3.781,97.4,deg,105,d4SigUU,0.002743,nb GeV^-4,0.00045938,0.00095052,CLAS,e-,10.6,p,0.938272088
0.398,-0.493,3.781,112.4,deg,105,d4SigUU,0.0020833,nb GeV^-4,0.00050703,0.00076908,CLAS,e-,10.6,p,0.938272088
0.398,-0.493,3.781,127.5,deg,105,d4SigUU,0.0024025,nb GeV^-4,0.00072823,0.00099571,CLAS,e-,10.6,p,0.938272088
0.398,-0.493,3.781,142.5,deg,105,d4SigUU,0.0031229,nb GeV^-4,0.00066612,0.0010255,CLAS,e-,10.6,p,0.938272088
0.398,-0.493,3.781,157.5,deg,105,d4SigUU,0.0018174,nb GeV^-4,0.00064987,0.00083386,CLAS,e-,10.6,p,0.938272088
0.398,-0.493,3.781,180,deg,105,d4SigUU,0.00184,nb GeV^-4,0.00042381,0.0006192,CLAS,e-,10.6,p,0.938272088
0.398,-0.493,3.781,210.1,deg,105,d4SigUU,0.002275,nb GeV^-4,0.00053416,0.00074251,CLAS,e-,10.6,p,0.938272088
0.398,-0.493,3.781,232.5,deg,105,d4SigUU,0.0027133,nb GeV^-4,0.00057131,0.0010017,CLAS,e-,10.6,p,0.938272088
0.398,-0.493,3.781,270.4,deg,105,d4SigUU,0.0026841,nb GeV^-4,0.00089007,0.00091526,CLAS,e-,10.6,p,0.938272088
0.398,-0.493,3.781,300.6,deg,105,d4SigUU,0.0032116,nb GeV^-4,0.0011025,0.0016036,CLAS,e-,10.6,p,0.938272088
0.398,-0.493,3.781,337.6,deg,105,d4SigUU,0.0045199,nb GeV^-4,0.00076064,0.0020648,CLAS,e-,10.6,p,0.938272088
0.398,-0.493,3.781,352.6,deg,105,d4SigUU,0.0055731,nb GeV^-4,0.00064372,0.0019019,CLAS,e-,10.6,p,0.938272088
0.398,-0.695,3.774,7.4,deg,106,d4SigUU,0.0045889,nb GeV^-4,0.00060339,0.0020217,CLAS,e-,10.6,p,0.938272088
0.398,-0.695,3.774,22.3,deg,106,d4SigUU,0.003147,nb GeV^-4,0.00056328,0.0010811,CLAS,e-,10.6,p,0.938272088
0.398,-0.695,3.774,37.3,deg,106,d4SigUU,0.0029019,nb GeV^-4,0.00057903,0.0010199,CLAS,e-,10.6,p,0.938272088
0.398,-0.695,3.774,82.4,deg,106,d4SigUU,0.0020544,nb GeV^-4,0.00071193,0.0008424,CLAS,e-,10.6,p,0.938272088
0.398,-0.695,3.774,97.4,deg,106,d4SigUU,0.0015703,nb GeV^-4,0.00039994,0.00055159,CLAS,e-,10.6,p,0.938272088
0.398,-0.695,3.774,142.4,deg,106,d4SigUU,0.0014638,nb GeV^-4,0.00041903,0.00050521,CLAS,e-,10.6,p,0.938272088
0.398,-0.695,3.774,165,deg,106,d4SigUU,0.0012051,nb GeV^-4,0.00031079,0.00043545,CLAS,e-,10.6,p,0.938272088
0.398,-0.695,3.774,187.5,deg,106,d4SigUU,0.0013252,nb GeV^-4,0.00034469,0.00043629,CLAS,e-,10.6,p,0.938272088
0.398,-0.695,3.774,202.5,deg,106,d4SigUU,0.00094518,nb GeV^-4,0.0003605,0.00033856,CLAS,e-,10.6,p,0.938272088
0.398,-0.695,3.774,352.6,deg,106,d4SigUU,0.0033633,nb GeV^-4,0.00055873,0.0011723,CLAS,e-,10.6,p,0.938272088
0.398,-0.896,3.767,7.4,deg,107,d4SigUU,0.0025811,nb GeV^-4,0.00055602,0.00089807,CLAS,e-,10.6,p,0.938272088
0.398,-0.896,3.767,22.2,deg,107,d4SigUU,0.0021814,nb GeV^-4,0.00066078,0.00084436,CLAS,e-,10.6,p,0.938272088
0.398,-0.896,3.767,37.2,deg,107,d4SigUU,0.0030825,nb GeV^-4,0.00085809,0.0014976,CLAS,e-,10.6,p,0.938272088
0.398,-0.896,3.767,112.5,deg,107,d4SigUU,0.00076502,nb GeV^-4,0.00030372,0.00035266,CLAS,e-,10.6,p,0.938272088
0.398,-0.896,3.767,225.1,deg,107,d4SigUU,0.0008725,nb GeV^-4,0.00033693,0.00039315,CLAS,e-,10.6,p,0.938272088
0.398,-0.896,3.767,345.9,deg,107,d4SigUU,0.0020942,nb GeV^-4,0.00052805,0.00079814,CLAS,e-,10.6,p,0.938272088
0.393,-0.321,5.069,7.5,deg,108,d4SigUU,0.0087877,nb GeV^-4,0.0012116,0.0029483,CLAS,e-,10.6,p,0.938272088
0.393,-0.321,5.069,22.4,deg,108,d4SigUU,0.0059497,nb GeV^-4,0.0011941,0.0021071,CLAS,e-,10.6,p,0.938272088
0.393,-0.321,5.069,37.4,deg,108,d4SigUU,0.0067746,nb GeV^-4,0.0016361,0.0024627,CLAS,e-,10.6,p,0.938272088
0.393,-0.321,5.069,52.3,deg,108,d4SigUU,0.0077448,nb GeV^-4,0.0013327,0.0026317,CLAS,e-,10.6,p,0.938272088
0.393,-0.321,5.069,67.4,deg,108,d4SigUU,0.0055239,nb GeV^-4,0.00086665,0.0021711,CLAS,e-,10.6,p,0.938272088
0.393,-0.321,5.069,82.4,deg,108,d4SigUU,0.0052162,nb GeV^-4,0.00088742,0.0017617,CLAS,e-,10.6,p,0.938272088
0.393,-0.321,5.069,104.5,deg,108,d4SigUU,0.0035738,nb GeV^-4,0.0006878,0.0011771,CLAS,e-,10.6,p,0.938272088
0.393,-0.321,5.069,134.7,deg,108,d4SigUU,0.0022423,nb GeV^-4,0.0006355,0.001055,CLAS,e-,10.6,p,0.938272088
0.393,-0.321,5.069,164.9,deg,108,d4SigUU,0.0029363,nb GeV^-4,0.00087525,0.0010111,CLAS,e-,10.6,p,0.938272088
0.393,-0.321,5.069,195.1,deg,108,d4SigUU,0.0025174,nb GeV^-4,0.00074463,0.00083804,CLAS,e-,10.6,p,0.938272088
0.393,-0.321,5.069,225.3,deg,108,d4SigUU,0.0026296,nb GeV^-4,0.00066227,0.00088042,CLAS,e-,10.6,p,0.938272088
0.393,-0.321,5.069,255.5,deg,108,d4SigUU,0.0042077,nb GeV^-4,0.0010632,0.0014216,CLAS,e-,10.6,p,0.938272088
0.393,-0.321,5.069,277.6,deg,108,d4SigUU,0.0052483,nb GeV^-4,0.0013501,0.0019683,CLAS,e-,10.6,p,0.938272088
0.393,-0.321,5.069,292.6,deg,108,d4SigUU,0.0057119,nb GeV^-4,0.0014216,0.0020678,CLAS,e-,10.6,p,0.938272088
0.393,-0.321,5.069,315.6,deg,108,d4SigUU,0.0068304,nb GeV^-4,0.0016418,0.0023485,CLAS,e-,10.6,p,0.938272088
0.393,-0.321,5.069,337.6,deg,108,d4SigUU,0.0065433,nb GeV^-4,0.0016786,0.0022797,CLAS,e-,10.6,p,0.938272088
0.393,-0.321,5.069,352.6,deg,108,d4SigUU,0.0072087,nb GeV^-4,0.0011519,0.002398,CLAS,e-,10.6,p,0.938272088
0.394,-0.491,5.062,7.4,deg,109,d4SigUU,0.0053768,nb GeV^-4,0.0007841,0.0018687,CLAS,e-,10.6,p,0.938272088
0.394,-0.491,5.062,22.3,deg,109,d4SigUU,0.0040096,nb GeV^-4,0.00065281,0.0016286,CLAS,e-,10.6,p,0.938272088
0.394,-0.491,5.062,37.3,deg,109,d4SigUU,0.003876,nb GeV^-4,0.00080856,0.0013201,CLAS,e-,10.6,p,0.938272088
0.394,-0.491,5.062,52.3,deg,109,d4SigUU,0.0030752,nb GeV^-4,0.0007737,0.0011557,CLAS,e-,10.6,p,0.938272088
0.394,-0.491,5.062,67.3,deg,109,d4SigUU,0.0026248,nb GeV^-4,0.00049222,0.0010983,CLAS,e-,10.6,p,0.938272088
0.394,-0.491,5.062,82.3,deg,109,d4SigUU,0.0029179,nb GeV^-4,0.00041,0.00095951,CLAS,e-,10.6,p,0.938272088
0.394,-0.491,5.062,97.3,deg,109,d4SigUU,0.001325,nb GeV^-4,0.00032411,0.00048127,CLAS,e-,10.6,p,0.938272088
0.394,-0.491,5.062,112.4,deg,109,d4SigUU,0.0015549,nb GeV^-4,0.0004288,0.00053478,CLAS,e-,10.6,p,0.938272088
0.394,-0.491,5.062,127.4,deg,109,d4SigUU,0.0020055,nb GeV^-4,0.00047495,0.00067451,CLAS,e-,10.6,p,0.938272088
0.394,-0.491,5.062,142.4,deg,109,d4SigUU,0.0019418,nb GeV^-4,0.00047165,0.00063812,CLAS,e-,10.6,p,0.938272088
0.394,-0.491,5.062,164.9,deg,109,d4SigUU,0.0013519,nb GeV^-4,0.00033848,0.00044728,CLAS,e-,10.6,p,0.938272088
0.394,-0.491,5.062,187.5,deg,109,d4SigUU,0.0016664,nb GeV^-4,0.00031957,0.0005602,CLAS,e-,10.6,p,0.938272088
0.394,-0.491,5.062,202.5,deg,109,d4SigUU,0.0015275,nb GeV^-4,0.00041874,0.0005483,CLAS,e-,10.6,p,0.938272088
0.394,-0.491,5.062,225.3,deg,109,d4SigUU,0.0016342,nb GeV^-4,0.00035294,0.00055629,CLAS,e-,10.6,p,0.938272088
0.394,-0.491,5.062,247.6,deg,109,d4SigUU,0.0020832,nb GeV^-4,0.0004989,0.0007541,CLAS,e-,10.6,p,0.938272088
0.394,-0.491,5.062,262.7,deg,109,d4SigUU,0.0016679,nb GeV^-4,0.00063664,0.0006288,CLAS,e-,10.6,p,0.938272088
0.394,-0.491,5.062,315.9,deg,109,d4SigUU,0.0024289,nb GeV^-4,0.00092028,0.001162,CLAS,e-,10.6,p,0.938272088
0.394,-0.491,5.062,337.7,deg,109,d4SigUU,0.0050455,nb GeV^-4,0.0012344,0.0020478,CLAS,e-,10.6,p,0.938272088
0.394,-0.491,5.062,352.6,deg,109,d4SigUU,0.0057856,nb GeV^-4,0.00084015,0.0026016,CLAS,e-,10.6,p,0.938272088
0.395,-0.693,5.054,7.4,deg,110,d4SigUU,0.0051482,nb GeV^-4,0.00063739,0.0016991,CLAS,e-,10.6,p,0.938272088
0.395,-0.693,5.054,22.2,deg,110,d4SigUU,0.0032272,nb GeV^-4,0.00050416,0.0011637,CLAS,e-,10.6,p,0.938272088
0.395,-0.693,5.054,43.7,deg,110,d4SigUU,0.0014868,nb GeV^-4,0.00032605,0.00048636,CLAS,e-,10.6,p,0.938272088
0.395,-0.693,5.054,74.1,deg,110,d4SigUU,0.0006264,nb GeV^-4,0.00023782,0.00023352,CLAS,e-,10.6,p,0.938272088
0.395,-0.693,5.054,97.3,deg,110,d4SigUU,0.0012186,nb GeV^-4,0.00025816,0.00041243,CLAS,e-,10.6,p,0.938272088
0.395,-0.693,5.054,112.4,deg,110,d4SigUU,0.00089977,nb GeV^-4,0.00027318,0.00030113,CLAS,e-,10.6,p,0.938272088
0.395,-0.693,5.054,127.4,deg,110,d4SigUU,0.0011696,nb GeV^-4,0.00029917,0.00037754,CLAS,e-,10.6,p,0.938272088
0.395,-0.693,5.054,142.4,deg,110,d4SigUU,0.00077176,nb GeV^-4,0.00021404,0.00025919,CLAS,e-,10.6,p,0.938272088
0.395,-0.693,5.054,157.5,deg,110,d4SigUU,0.00079346,nb GeV^-4,0.00024122,0.00025879,CLAS,e-,10.6,p,0.938272088
0.395,-0.693,5.054,180,deg,110,d4SigUU,0.00055344,nb GeV^-4,0.00014984,0.00018595,CLAS,e-,10.6,p,0.938272088
0.395,-0.693,5.054,202.5,deg,110,d4SigUU,0.00044479,nb GeV^-4,0.00016155,0.00015001,CLAS,e-,10.6,p,0.938272088
0.395,-0.693,5.054,247.6,deg,110,d4SigUU,0.00077003,nb GeV^-4,0.00027011,0.00034789,CLAS,e-,10.6,p,0.938272088
0.395,-0.693,5.054,262.6,deg,110,d4SigUU,0.0013023,nb GeV^-4,0.00045171,0.00046591,CLAS,e-,10.6,p,0.938272088
0.395,-0.693,5.054,337.8,deg,110,d4SigUU,0.0042394,nb GeV^-4,0.00080057,0.0016926,CLAS,e-,10.6,p,0.938272088
0.395,-0.693,5.054,352.6,deg,110,d4SigUU,0.0054268,nb GeV^-4,0.0006531,0.0021023,CLAS,e-,10.6,p,0.938272088
0.48,-0.496,2.92,14.9,deg,111,d4SigUU,0.0044366,nb GeV^-4,0.0012469,0.0019241,CLAS,e-,10.6,p,0.938272088
0.48,-0.496,2.92,74.9,deg,111,d4SigUU,0.0070532,nb GeV^-4,0.0026282,0.0026312,CLAS,e-,10.6,p,0.938272088
0.48,-0.496,2.92,97.5,deg,111,d4SigUU,0.0088536,nb GeV^-4,0.002648,0.0036306,CLAS,e-,10.6,p,0.938272088
0.48,-0.496,2.92,112.5,deg,111,d4SigUU,0.0056296,nb GeV^-4,0.0019081,0.0021586,CLAS,e-,10.6,p,0.938272088
0.48,-0.496,2.92,352.5,deg,111,d4SigUU,0.0045088,nb GeV^-4,0.0014705,0.0022648,CLAS,e-,10.6,p,0.938272088
0.48,-0.696,2.92,14.8,deg,112,d4SigUU,0.0033103,nb GeV^-4,0.0010358,0.0014962,CLAS,e-,10.6,p,0.938272088
0.48,-0.696,2.92,112.5,deg,112,d4SigUU,0.0040096,nb GeV^-4,0.0013774,0.0014506,CLAS,e-,10.6,p,0.938272088
0.48,-0.696,2.92,127.5,deg,112,d4SigUU,0.0059331,nb GeV^-4,0.0015063,0.0020171,CLAS,e-,10.6,p,0.938272088
0.48,-0.696,2.92,240,deg,112,d4SigUU,0.0055186,nb GeV^-4,0.0020377,0.002127,CLAS,e-,10.6,p,0.938272088
0.48,-0.696,2.92,352.5,deg,112,d4SigUU,0.00445,nb GeV^-4,0.0014085,0.0017294,CLAS,e-,10.6,p,0.938272088
0.496,-0.503,3.765,14.9,deg,113,d4SigUU,0.0018956,nb GeV^-4,0.00035716,0.00070843,CLAS,e-,10.6,p,0.938272088
0.496,-0.503,3.765,44.8,deg,113,d4SigUU,0.0016123,nb GeV^-4,0.00038873,0.00068262,CLAS,e-,10.6,p,0.938272088
0.496,-0.503,3.765,82.2,deg,113,d4SigUU,0.0020813,nb GeV^-4,0.0004479,0.0007336,CLAS,e-,10.6,p,0.938272088
0.496,-0.503,3.765,112.5,deg,113,d4SigUU,0.0021036,nb GeV^-4,0.00061107,0.00074715,CLAS,e-,10.6,p,0.938272088
0.496,-0.503,3.765,270.2,deg,113,d4SigUU,0.0020086,nb GeV^-4,0.00055189,0.00073079,CLAS,e-,10.6,p,0.938272088
0.496,-0.503,3.765,292.5,deg,113,d4SigUU,0.0031904,nb GeV^-4,0.00095638,0.0014892,CLAS,e-,10.6,p,0.938272088
0.496,-0.503,3.765,352.5,deg,113,d4SigUU,0.0012276,nb GeV^-4,0.00045466,0.00051357,CLAS,e-,10.6,p,0.938272088
0.506,-0.696,3.777,7.5,deg,114,d4SigUU,0.0017814,nb GeV^-4,0.00044007,0.00065133,CLAS,e-,10.6,p,0.938272088
0.506,-0.696,3.777,22.5,deg,114,d4SigUU,0.0011375,nb GeV^-4,0.00044838,0.00040997,CLAS,e-,10.6,p,0.938272088
0.506,-0.696,3.777,97.5,deg,114,d4SigUU,0.0017945,nb GeV^-4,0.0004956,0.00071994,CLAS,e-,10.6,p,0.938272088
0.506,-0.696,3.777,112.5,deg,114,d4SigUU,0.0011327,nb GeV^-4,0.00037437,0.00042838,CLAS,e-,10.6,p,0.938272088
0.506,-0.696,3.777,127.5,deg,114,d4SigUU,0.0020109,nb GeV^-4,0.00045654,0.00069574,CLAS,e-,10.6,p,0.938272088
0.506,-0.696,3.777,337.6,deg,114,d4SigUU,0.0023538,nb GeV^-4,0.00060101,0.00097481,CLAS,e-,10.6,p,0.938272088
0.506,-0.696,3.777,352.6,deg,114,d4SigUU,0.0025566,nb GeV^-4,0.00047274,0.0010227,CLAS,e-,10.6,p,0.938272088
0.506,-0.896,3.774,97.5,deg,115,d4SigUU,0.0013918,nb GeV^-4,0.00048424,0.00060518,CLAS,e-,10.6,p,0.938272088
0.506,-0.896,3.774,112.5,deg,115,d4SigUU,0.0012164,nb GeV^-4,0.00036701,0.00048672,CLAS,e-,10.6,p,0.938272088
0.506,-0.896,3.774,142.5,deg,115,d4SigUU,0.0019245,nb GeV^-4,0.00052418,0.0005921,CLAS,e-,10.6,p,0.938272088
0.492,-0.503,4.998,7.5,deg,116,d4SigUU,0.0013273,nb GeV^-4,0.00024669,0.00045191,CLAS,e-,10.6,p,0.938272088
0.492,-0.503,4.998,22.4,deg,116,d4SigUU,0.0016591,nb GeV^-4,0.00027191,0.00057408,CLAS,e-,10.6,p,0.938272088
0.492,-0.503,4.998,37.4,deg,116,d4SigUU,0.0014175,nb GeV^-4,0.00029202,0.00054723,CLAS,e-,10.6,p,0.938272088
0.492,-0.503,4.998,52.4,deg,116,d4SigUU,0.0012499,nb GeV^-4,0.0003302,0.00045859,CLAS,e-,10.6,p,0.938272088
0.492,-0.503,4.998,67.4,deg,116,d4SigUU,0.0012793,nb GeV^-4,0.00040123,0.00048864,CLAS,e-,10.6,p,0.938272088
0.492,-0.503,4.998,82.4,deg,116,d4SigUU,0.0017037,nb GeV^-4,0.00041949,0.00066719,CLAS,e-,10.6,p,0.938272088
0.492,-0.503,4.998,97.4,deg,116,d4SigUU,0.0016869,nb GeV^-4,0.00036924,0.00065963,CLAS,e-,10.6,p,0.938272088
0.492,-0.503,4.998,112.4,deg,116,d4SigUU,0.00085063,nb GeV^-4,0.00029325,0.00032105,CLAS,e-,10.6,p,0.938272088
0.492,-0.503,4.998,134.9,deg,116,d4SigUU,0.0015149,nb GeV^-4,0.00033847,0.00062261,CLAS,e-,10.6,p,0.938272088
0.492,-0.503,4.998,217.7,deg,116,d4SigUU,0.00077242,nb GeV^-4,0.00027241,0.00026942,CLAS,e-,10.6,p,0.938272088
0.492,-0.503,4.998,255.2,deg,116,d4SigUU,0.0011987,nb GeV^-4,0.00036602,0.00042183,CLAS,e-,10.6,p,0.938272088
0.492,-0.503,4.998,285.3,deg,116,d4SigUU,0.00097009,nb GeV^-4,0.00028516,0.00035545,CLAS,e-,10.6,p,0.938272088
0.492,-0.503,4.998,315.3,deg,116,d4SigUU,0.002317,nb GeV^-4,0.00047675,0.00091707,CLAS,e-,10.6,p,0.938272088
0.492,-0.503,4.998,345.1,deg,116,d4SigUU,0.0012844,nb GeV^-4,0.00027231,0.00048132,CLAS,e-,10.6,p,0.938272088
0.507,-0.694,4.99,7.5,deg,117,d4SigUU,0.00064295,nb GeV^-4,0.00020016,0.00025023,CLAS,e-,10.6,p,0.938272088
0.507,-0.694,4.99,22.4,deg,117,d4SigUU,0.00078467,nb GeV^-4,0.00019738,0.00031206,CLAS,e-,10.6,p,0.938272088
0.507,-0.694,4.99,37.4,deg,117,d4SigUU,0.00080213,nb GeV^-4,0.00020241,0.00029754,CLAS,e-,10.6,p,0.938272088
0.507,-0.694,4.99,52.4,deg,117,d4SigUU,0.00057048,nb GeV^-4,0.00018397,0.00020804,CLAS,e-,10.6,p,0.938272088
0.507,-0.694,4.99,67.4,deg,117,d4SigUU,0.00082559,nb GeV^-4,0.00023785,0.00028941,CLAS,e-,10.6,p,0.938272088
0.507,-0.694,4.99,82.4,deg,117,d4SigUU,0.00078995,nb GeV^-4,0.00021915,0.00031389,CLAS,e-,10.6,p,0.938272088
0.507,-0.694,4.99,97.4,deg,117,d4SigUU,0.00066758,nb GeV^-4,0.0001807,0.00026293,CLAS,e-,10.6,p,0.938272088
0.507,-0.694,4.99,210.1,deg,117,d4SigUU,0.00077219,nb GeV^-4,0.00023977,0.00025804,CLAS,e-,10.6,p,0.938272088
0.507,-0.694,4.99,247.5,deg,117,d4SigUU,0.00089019,nb GeV^-4,0.00028397,0.00031866,CLAS,e-,10.6,p,0.938272088
0.507,-0.694,4.99,292.6,deg,117,d4SigUU,0.0013041,nb GeV^-4,0.00036932,0.00045425,CLAS,e-,10.6,p,0.938272088
0.507,-0.694,4.99,307.6,deg,117,d4SigUU,0.0009232,nb GeV^-4,0.00035425,0.00034805,CLAS,e-,10.6,p,0.938272088
0.507,-0.694,4.99,330.4,deg,117,d4SigUU,0.00089655,nb GeV^-4,0.00028081,0.00039122,CLAS,e-,10.6,p,0.938272088
0.507,-0.694,4.99,352.5,deg,117,d4SigUU,0.00086321,nb GeV^-4,0.0002731,0.00033402,CLAS,e-,10.6,p,0.938272088
0.509,-0.895,4.981,14.6,deg,118,d4SigUU,0.00050248,nb GeV^-4,0.00013509,0.00021718,CLAS,e-,10.6,p,0.938272088
0.509,-0.895,4.981,44.5,deg,118,d4SigUU,0.00033703,nb GeV^-4,0.00013434,0.00015259,CLAS,e-,10.6,p,0.938272088
0.509,-0.895,4.981,247.5,deg,118,d4SigUU,0.00047157,nb GeV^-4,0.00017742,0.00017512,CLAS,e-,10.6,p,0.938272088