,xB,t,Q2,phi,bin,deg/rad,obs,value,units,stat_u,syst_u,col,lepton,E_lepton,hadron,E_hadron
0,0.125,-0.108,1.129,67.2,0,deg,d4SigUU,4.8336,nb GeV^-4,0.331067,0.869408,CLAS,e-,5.88,p,0.938272088
1,0.124,-0.108,1.128,82.1,0,deg,d4SigUU,4.48089,nb GeV^-4,0.230636,0.26792,CLAS,e-,5.88,p,0.938272088
2,0.124,-0.108,1.128,97.1,0,deg,d4SigUU,3.67356,nb GeV^-4,0.19945,0.259276,CLAS,e-,5.88,p,0.938272088
3,0.124,-0.108,1.128,112.2,0,deg,d4SigUU,2.72219,nb GeV^-4,0.174966,0.288682,CLAS,e-,5.88,p,0.938272088
4,0.124,-0.108,1.129,127.3,0,deg,d4SigUU,2.60113,nb GeV^-4,0.188421,0.235225,CLAS,e-,5.88,p,0.938272088
5,0.124,-0.108,1.129,142.3,0,deg,d4SigUU,2.22732,nb GeV^-4,0.139138,0.165856,CLAS,e-,5.88,p,0.938272088
6,0.124,-0.108,1.129,157.4,0,deg,d4SigUU,2.54805,nb GeV^-4,0.174241,0.194695,CLAS,e-,5.88,p,0.938272088
7,0.124,-0.108,1.129,172.5,0,deg,d4SigUU,2.01117,nb GeV^-4,0.173697,0.123878,CLAS,e-,5.88,p,0.938272088
8,0.124,-0.108,1.129,187.5,0,deg,d4SigUU,1.66588,nb GeV^-4,0.128305,0.11428,CLAS,e-,5.88,p,0.938272088
9,0.124,-0.108,1.129,202.6,0,deg,d4SigUU,1.86272,nb GeV^-4,0.124161,0.132976,CLAS,e-,5.88,p,0.938272088
10,0.124,-0.108,1.129,217.7,0,deg,d4SigUU,2.34963,nb GeV^-4,0.151554,0.226496,CLAS,e-,5.88,p,0.938272088
11,0.124,-0.108,1.129,232.7,0,deg,d4SigUU,2.44595,nb GeV^-4,0.187047,0.175893,CLAS,e-,5.88,p,0.938272088
12,0.124,-0.108,1.128,247.8,0,deg,d4SigUU,2.6125,nb GeV^-4,0.158756,0.175341,CLAS,e-,5.88,p,0.938272088
13,0.124,-0.108,1.128,262.9,0,deg,d4SigUU,3.55218,nb GeV^-4,0.177906,0.242733,CLAS,e-,5.88,p,0.938272088
14,0.124,-0.108,1.128,277.9,0,deg,d4SigUU,4.96439,nb GeV^-4,0.23777,0.338018,CLAS,e-,5.88,p,0.938272088
15,0.125,-0.108,1.129,292.8,0,deg,d4SigUU,6.39821,nb GeV^-4,0.4466,0.580949,CLAS,e-,5.88,p,0.938272088
16,0.124,-0.153,1.128,66.9,1,deg,d4SigUU,3.80592,nb GeV^-4,0.219598,0.240585,CLAS,e-,5.88,p,0.938272088
17,0.124,-0.153,1.129,82,1,deg,d4SigUU,2.63145,nb GeV^-4,0.122765,0.165785,CLAS,e-,5.88,p,0.938272088
18,0.124,-0.152,1.129,97.1,1,deg,d4SigUU,1.75876,nb GeV^-4,0.081886,0.131429,CLAS,e-,5.88,p,0.938272088
19,0.125,-0.152,1.129,112.2,1,deg,d4SigUU,1.42657,nb GeV^-4,0.0803615,0.0981944,CLAS,e-,5.88,p,0.938272088
20,0.125,-0.152,1.129,127.3,1,deg,d4SigUU,1.24548,nb GeV^-4,0.0820918,0.202015,CLAS,e-,5.88,p,0.938272088
21,0.124,-0.152,1.13,142.3,1,deg,d4SigUU,1.12764,nb GeV^-4,0.0663176,0.0780655,CLAS,e-,5.88,p,0.938272088
22,0.124,-0.152,1.13,157.4,1,deg,d4SigUU,1.19873,nb GeV^-4,0.0720936,0.0906194,CLAS,e-,5.88,p,0.938272088
23,0.124,-0.152,1.13,172.5,1,deg,d4SigUU,0.963089,nb GeV^-4,0.0669704,0.0692636,CLAS,e-,5.88,p,0.938272088
24,0.124,-0.152,1.13,187.5,1,deg,d4SigUU,1.27667,nb GeV^-4,0.0983519,0.12839,CLAS,e-,5.88,p,0.938272088
25,0.124,-0.152,1.13,202.6,1,deg,d4SigUU,1.12918,nb GeV^-4,0.0682252,0.0785955,CLAS,e-,5.88,p,0.938272088
26,0.124,-0.152,1.13,217.7,1,deg,d4SigUU,1.05369,nb GeV^-4,0.0571811,0.0751182,CLAS,e-,5.88,p,0.938272088
27,0.125,-0.152,1.129,232.7,1,deg,d4SigUU,1.39869,nb GeV^-4,0.0913579,0.122185,CLAS,e-,5.88,p,0.938272088
28,0.125,-0.152,1.129,247.8,1,deg,d4SigUU,1.72504,nb GeV^-4,0.101823,0.134458,CLAS,e-,5.88,p,0.938272088
29,0.124,-0.152,1.129,262.9,1,deg,d4SigUU,1.76737,nb GeV^-4,0.0789149,0.11684,CLAS,e-,5.88,p,0.938272088
30,0.124,-0.153,1.129,278,1,deg,d4SigUU,2.52607,nb GeV^-4,0.108515,0.151675,CLAS,e-,5.88,p,0.938272088
31,0.124,-0.153,1.128,293.1,1,deg,d4SigUU,3.70304,nb GeV^-4,0.200294,0.252744,CLAS,e-,5.88,p,0.938272088
32,0.125,-0.203,1.129,66.9,2,deg,d4SigUU,2.13446,nb GeV^-4,0.129663,0.299184,CLAS,e-,5.88,p,0.938272088
33,0.125,-0.203,1.129,82,2,deg,d4SigUU,1.88119,nb GeV^-4,0.110114,0.214335,CLAS,e-,5.88,p,0.938272088
34,0.125,-0.203,1.129,97.1,2,deg,d4SigUU,1.09051,nb GeV^-4,0.0606343,0.070694,CLAS,e-,5.88,p,0.938272088
35,0.125,-0.203,1.13,112.2,2,deg,d4SigUU,1.13044,nb GeV^-4,0.0769841,0.0883188,CLAS,e-,5.88,p,0.938272088
36,0.125,-0.203,1.13,127.3,2,deg,d4SigUU,0.886268,nb GeV^-4,0.076002,0.0534695,CLAS,e-,5.88,p,0.938272088
37,0.125,-0.203,1.13,142.3,2,deg,d4SigUU,0.851656,nb GeV^-4,0.067449,0.0597237,CLAS,e-,5.88,p,0.938272088
38,0.125,-0.203,1.13,172.5,2,deg,d4SigUU,0.781567,nb GeV^-4,0.0726934,0.0573084,CLAS,e-,5.88,p,0.938272088
39,0.125,-0.203,1.13,187.5,2,deg,d4SigUU,0.643847,nb GeV^-4,0.0602339,0.0731341,CLAS,e-,5.88,p,0.938272088
40,0.125,-0.203,1.13,202.6,2,deg,d4SigUU,0.625088,nb GeV^-4,0.0465682,0.0552798,CLAS,e-,5.88,p,0.938272088
41,0.125,-0.203,1.13,217.7,2,deg,d4SigUU,0.780167,nb GeV^-4,0.0560316,0.0568255,CLAS,e-,5.88,p,0.938272088
42,0.125,-0.203,1.13,232.7,2,deg,d4SigUU,0.921865,nb GeV^-4,0.0762841,0.064901,CLAS,e-,5.88,p,0.938272088
43,0.125,-0.203,1.13,247.8,2,deg,d4SigUU,0.923924,nb GeV^-4,0.0663036,0.0620536,CLAS,e-,5.88,p,0.938272088
44,0.125,-0.203,1.129,262.9,2,deg,d4SigUU,1.23309,nb GeV^-4,0.0692748,0.080133,CLAS,e-,5.88,p,0.938272088
45,0.125,-0.203,1.129,278,2,deg,d4SigUU,1.47586,nb GeV^-4,0.0738111,0.100911,CLAS,e-,5.88,p,0.938272088
46,0.125,-0.203,1.129,293.1,2,deg,d4SigUU,2.88643,nb GeV^-4,0.165375,0.181995,CLAS,e-,5.88,p,0.938272088
47,0.125,-0.263,1.129,52.1,3,deg,d4SigUU,3.32365,nb GeV^-4,0.237301,0.204194,CLAS,e-,5.88,p,0.938272088
48,0.125,-0.262,1.129,66.9,3,deg,d4SigUU,1.67023,nb GeV^-4,0.0980865,0.102681,CLAS,e-,5.88,p,0.938272088
49,0.125,-0.261,1.13,82,3,deg,d4SigUU,1.06913,nb GeV^-4,0.061701,0.0765821,CLAS,e-,5.88,p,0.938272088
50,0.125,-0.261,1.13,97.1,3,deg,d4SigUU,0.780458,nb GeV^-4,0.0434604,0.0487859,CLAS,e-,5.88,p,0.938272088
51,0.125,-0.261,1.13,112.2,3,deg,d4SigUU,0.720677,nb GeV^-4,0.0504269,0.050215,CLAS,e-,5.88,p,0.938272088
52,0.125,-0.261,1.13,127.2,3,deg,d4SigUU,0.590171,nb GeV^-4,0.055665,0.0448401,CLAS,e-,5.88,p,0.938272088
53,0.125,-0.261,1.13,142.3,3,deg,d4SigUU,0.604116,nb GeV^-4,0.0532185,0.0414793,CLAS,e-,5.88,p,0.938272088
54,0.125,-0.261,1.131,157.4,3,deg,d4SigUU,0.453047,nb GeV^-4,0.0367427,0.0311532,CLAS,e-,5.88,p,0.938272088
55,0.125,-0.261,1.131,172.5,3,deg,d4SigUU,0.430993,nb GeV^-4,0.0393336,0.0369379,CLAS,e-,5.88,p,0.938272088
56,0.125,-0.261,1.131,187.5,3,deg,d4SigUU,0.461143,nb GeV^-4,0.0482433,0.039574,CLAS,e-,5.88,p,0.938272088
57,0.125,-0.261,1.131,202.6,3,deg,d4SigUU,0.40646,nb GeV^-4,0.0338901,0.0299776,CLAS,e-,5.88,p,0.938272088
58,0.125,-0.261,1.13,217.7,3,deg,d4SigUU,0.47978,nb GeV^-4,0.0370265,0.034939,CLAS,e-,5.88,p,0.938272088
59,0.125,-0.261,1.13,232.8,3,deg,d4SigUU,0.516162,nb GeV^-4,0.0400076,0.0575079,CLAS,e-,5.88,p,0.938272088
60,0.125,-0.261,1.13,247.8,3,deg,d4SigUU,0.640022,nb GeV^-4,0.0514851,0.048953,CLAS,e-,5.88,p,0.938272088
61,0.125,-0.261,1.13,262.9,3,deg,d4SigUU,0.75071,nb GeV^-4,0.043088,0.0490769,CLAS,e-,5.88,p,0.938272088
62,0.125,-0.261,1.13,278,3,deg,d4SigUU,1.11892,nb GeV^-4,0.0588015,0.0791653,CLAS,e-,5.88,p,0.938272088
63,0.125,-0.262,1.129,293.1,3,deg,d4SigUU,1.58164,nb GeV^-4,0.0803197,0.0977619,CLAS,e-,5.88,p,0.938272088
64,0.125,-0.263,1.129,307.9,3,deg,d4SigUU,1.95523,nb GeV^-4,0.144641,0.200922,CLAS,e-,5.88,p,0.938272088
65,0.125,-0.34,1.13,51.7,4,deg,d4SigUU,1.46259,nb GeV^-4,0.0723992,0.0918339,CLAS,e-,5.88,p,0.938272088
66,0.125,-0.34,1.13,66.9,4,deg,d4SigUU,0.888656,nb GeV^-4,0.0488724,0.0557754,CLAS,e-,5.88,p,0.938272088
67,0.125,-0.34,1.13,82,4,deg,d4SigUU,0.673452,nb GeV^-4,0.0424445,0.0501536,CLAS,e-,5.88,p,0.938272088
68,0.125,-0.34,1.13,97.1,4,deg,d4SigUU,0.395096,nb GeV^-4,0.0245319,0.0266732,CLAS,e-,5.88,p,0.938272088
69,0.125,-0.34,1.131,112.2,4,deg,d4SigUU,0.352406,nb GeV^-4,0.0256813,0.0246702,CLAS,e-,5.88,p,0.938272088
70,0.125,-0.34,1.131,127.2,4,deg,d4SigUU,0.260838,nb GeV^-4,0.0249399,0.0264029,CLAS,e-,5.88,p,0.938272088
71,0.125,-0.34,1.131,142.3,4,deg,d4SigUU,0.246555,nb GeV^-4,0.0241467,0.0199389,CLAS,e-,5.88,p,0.938272088
72,0.125,-0.34,1.131,157.4,4,deg,d4SigUU,0.234094,nb GeV^-4,0.021329,0.0216625,CLAS,e-,5.88,p,0.938272088
73,0.125,-0.34,1.131,172.5,4,deg,d4SigUU,0.270297,nb GeV^-4,0.0268189,0.0185106,CLAS,e-,5.88,p,0.938272088
74,0.125,-0.34,1.131,187.5,4,deg,d4SigUU,0.191583,nb GeV^-4,0.0206747,0.0379855,CLAS,e-,5.88,p,0.938272088
75,0.125,-0.34,1.131,217.7,4,deg,d4SigUU,0.293611,nb GeV^-4,0.0265269,0.0178094,CLAS,e-,5.88,p,0.938272088
76,0.125,-0.34,1.131,232.8,4,deg,d4SigUU,0.333625,nb GeV^-4,0.0321128,0.0336783,CLAS,e-,5.88,p,0.938272088
77,0.125,-0.34,1.131,247.8,4,deg,d4SigUU,0.341955,nb GeV^-4,0.0342719,0.0277578,CLAS,e-,5.88,p,0.938272088
78,0.125,-0.34,1.13,262.9,4,deg,d4SigUU,0.371941,nb GeV^-4,0.025089,0.0277056,CLAS,e-,5.88,p,0.938272088
79,0.125,-0.34,1.13,278,4,deg,d4SigUU,0.695075,nb GeV^-4,0.0400256,0.0448194,CLAS,e-,5.88,p,0.938272088
80,0.125,-0.34,1.13,293.1,4,deg,d4SigUU,0.963737,nb GeV^-4,0.0495937,0.0655101,CLAS,e-,5.88,p,0.938272088
81,0.125,-0.34,1.13,308.3,4,deg,d4SigUU,1.22134,nb GeV^-4,0.0695217,0.0814237,CLAS,e-,5.88,p,0.938272088
82,0.125,-0.451,1.126,37.5,5,deg,d4SigUU,1.41373,nb GeV^-4,0.0928492,0.0944686,CLAS,e-,5.88,p,0.938272088
83,0.125,-0.446,1.13,51.8,5,deg,d4SigUU,0.817795,nb GeV^-4,0.0369567,0.0509095,CLAS,e-,5.88,p,0.938272088
84,0.125,-0.446,1.13,66.9,5,deg,d4SigUU,0.496174,nb GeV^-4,0.0333689,0.032749,CLAS,e-,5.88,p,0.938272088
85,0.125,-0.446,1.131,82,5,deg,d4SigUU,0.307991,nb GeV^-4,0.0248439,0.0292446,CLAS,e-,5.88,p,0.938272088
86,0.125,-0.446,1.131,97.1,5,deg,d4SigUU,0.218145,nb GeV^-4,0.01602,0.0176416,CLAS,e-,5.88,p,0.938272088
87,0.125,-0.446,1.131,112.2,5,deg,d4SigUU,0.188129,nb GeV^-4,0.0146499,0.0199989,CLAS,e-,5.88,p,0.938272088
88,0.125,-0.446,1.131,127.2,5,deg,d4SigUU,0.179253,nb GeV^-4,0.0188259,0.0132623,CLAS,e-,5.88,p,0.938272088
89,0.125,-0.446,1.131,142.3,5,deg,d4SigUU,0.136888,nb GeV^-4,0.0154402,0.0153123,CLAS,e-,5.88,p,0.938272088
90,0.125,-0.446,1.131,157.4,5,deg,d4SigUU,0.153828,nb GeV^-4,0.015122,0.0115283,CLAS,e-,5.88,p,0.938272088
91,0.125,-0.446,1.131,172.5,5,deg,d4SigUU,0.133635,nb GeV^-4,0.0132071,0.0114296,CLAS,e-,5.88,p,0.938272088
92,0.125,-0.446,1.131,187.5,5,deg,d4SigUU,0.118516,nb GeV^-4,0.014544,0.0116298,CLAS,e-,5.88,p,0.938272088
93,0.125,-0.446,1.131,202.6,5,deg,d4SigUU,0.108608,nb GeV^-4,0.0115807,0.0110748,CLAS,e-,5.88,p,0.938272088
94,0.125,-0.446,1.131,217.7,5,deg,d4SigUU,0.176032,nb GeV^-4,0.0173846,0.0163141,CLAS,e-,5.88,p,0.938272088
95,0.125,-0.446,1.131,232.8,5,deg,d4SigUU,0.151473,nb GeV^-4,0.0151737,0.0110768,CLAS,e-,5.88,p,0.938272088
96,0.125,-0.446,1.131,247.8,5,deg,d4SigUU,0.145533,nb GeV^-4,0.0145597,0.0124714,CLAS,e-,5.88,p,0.938272088
97,0.125,-0.446,1.131,262.9,5,deg,d4SigUU,0.228118,nb GeV^-4,0.0176657,0.0165579,CLAS,e-,5.88,p,0.938272088
98,0.125,-0.446,1.131,278,5,deg,d4SigUU,0.293826,nb GeV^-4,0.0185736,0.0190362,CLAS,e-,5.88,p,0.938272088
99,0.125,-0.446,1.13,293.1,5,deg,d4SigUU,0.386997,nb GeV^-4,0.0220016,0.0246834,CLAS,e-,5.88,p,0.938272088
100,0.125,-0.446,1.13,308.2,5,deg,d4SigUU,0.662957,nb GeV^-4,0.0385868,0.0421323,CLAS,e-,5.88,p,0.938272088
101,0.125,-0.451,1.126,322.5,5,deg,d4SigUU,1.39112,nb GeV^-4,0.0997755,0.0852932,CLAS,e-,5.88,p,0.938272088
102,0.125,-0.615,1.125,22.9,6,deg,d4SigUU,0.910076,nb GeV^-4,0.0689247,0.0603692,CLAS,e-,5.88,p,0.938272088
103,0.126,-0.602,1.131,36.7,6,deg,d4SigUU,0.499811,nb GeV^-4,0.0211358,0.0310921,CLAS,e-,5.88,p,0.938272088
104,0.125,-0.603,1.131,51.8,6,deg,d4SigUU,0.352064,nb GeV^-4,0.0192146,0.0227523,CLAS,e-,5.88,p,0.938272088
105,0.125,-0.603,1.131,82,6,deg,d4SigUU,0.155004,nb GeV^-4,0.016645,0.0143458,CLAS,e-,5.88,p,0.938272088
106,0.125,-0.603,1.131,97.1,6,deg,d4SigUU,0.0851452,nb GeV^-4,0.00785534,0.00994675,CLAS,e-,5.88,p,0.938272088
107,0.125,-0.603,1.131,112.1,6,deg,d4SigUU,0.0902671,nb GeV^-4,0.00872615,0.00895172,CLAS,e-,5.88,p,0.938272088
108,0.125,-0.603,1.132,127.2,6,deg,d4SigUU,0.0692883,nb GeV^-4,0.00821155,0.0104882,CLAS,e-,5.88,p,0.938272088
109,0.125,-0.603,1.132,142.3,6,deg,d4SigUU,0.0594447,nb GeV^-4,0.00959979,0.00758292,CLAS,e-,5.88,p,0.938272088
110,0.125,-0.603,1.132,157.4,6,deg,d4SigUU,0.0694979,nb GeV^-4,0.00836366,0.00453562,CLAS,e-,5.88,p,0.938272088
111,0.125,-0.603,1.132,172.5,6,deg,d4SigUU,0.0780492,nb GeV^-4,0.012202,0.00543417,CLAS,e-,5.88,p,0.938272088
112,0.125,-0.603,1.132,187.5,6,deg,d4SigUU,0.0549715,nb GeV^-4,0.0101629,0.00650007,CLAS,e-,5.88,p,0.938272088
113,0.125,-0.603,1.132,202.6,6,deg,d4SigUU,0.0451041,nb GeV^-4,0.00672662,0.00355275,CLAS,e-,5.88,p,0.938272088
114,0.125,-0.603,1.132,217.7,6,deg,d4SigUU,0.0612732,nb GeV^-4,0.00656281,0.00646752,CLAS,e-,5.88,p,0.938272088
115,0.125,-0.603,1.132,232.8,6,deg,d4SigUU,0.06267,nb GeV^-4,0.0068332,0.00651844,CLAS,e-,5.88,p,0.938272088
116,0.125,-0.603,1.131,262.9,6,deg,d4SigUU,0.0960418,nb GeV^-4,0.00958596,0.00765408,CLAS,e-,5.88,p,0.938272088
117,0.125,-0.603,1.131,278,6,deg,d4SigUU,0.185771,nb GeV^-4,0.0150603,0.0135877,CLAS,e-,5.88,p,0.938272088
118,0.125,-0.603,1.131,293.1,6,deg,d4SigUU,0.215698,nb GeV^-4,0.0158616,0.0198476,CLAS,e-,5.88,p,0.938272088
119,0.125,-0.603,1.131,308.2,6,deg,d4SigUU,0.282977,nb GeV^-4,0.0203607,0.0193214,CLAS,e-,5.88,p,0.938272088
120,0.126,-0.602,1.131,323.3,6,deg,d4SigUU,0.647805,nb GeV^-4,0.032533,0.0387197,CLAS,e-,5.88,p,0.938272088
121,0.125,-0.615,1.125,337.1,6,deg,d4SigUU,0.801775,nb GeV^-4,0.052835,0.0502224,CLAS,e-,5.88,p,0.938272088
122,0.126,-0.859,1.13,7.3,7,deg,d4SigUU,0.329197,nb GeV^-4,0.0188547,0.0208522,CLAS,e-,5.88,p,0.938272088
123,0.126,-0.86,1.13,21.9,7,deg,d4SigUU,0.255241,nb GeV^-4,0.0145719,0.015907,CLAS,e-,5.88,p,0.938272088
124,0.126,-0.862,1.13,36.8,7,deg,d4SigUU,0.154395,nb GeV^-4,0.00837983,0.0104128,CLAS,e-,5.88,p,0.938272088
125,0.125,-0.863,1.131,51.8,7,deg,d4SigUU,0.0900297,nb GeV^-4,0.0060773,0.00786958,CLAS,e-,5.88,p,0.938272088
126,0.125,-0.864,1.131,66.9,7,deg,d4SigUU,0.067338,nb GeV^-4,0.00630898,0.00555511,CLAS,e-,5.88,p,0.938272088
127,0.125,-0.864,1.131,82,7,deg,d4SigUU,0.048208,nb GeV^-4,0.00604392,0.00386852,CLAS,e-,5.88,p,0.938272088
128,0.125,-0.864,1.132,97.1,7,deg,d4SigUU,0.0362127,nb GeV^-4,0.00428624,0.00376946,CLAS,e-,5.88,p,0.938272088
129,0.125,-0.864,1.132,112.1,7,deg,d4SigUU,0.0291899,nb GeV^-4,0.00392509,0.00276145,CLAS,e-,5.88,p,0.938272088
130,0.125,-0.864,1.132,127.2,7,deg,d4SigUU,0.0260556,nb GeV^-4,0.00499986,0.00216858,CLAS,e-,5.88,p,0.938272088
131,0.125,-0.864,1.132,157.4,7,deg,d4SigUU,0.0208541,nb GeV^-4,0.00645693,0.00397682,CLAS,e-,5.88,p,0.938272088
132,0.125,-0.864,1.132,187.5,7,deg,d4SigUU,0.0135793,nb GeV^-4,0.0131094,0.000791803,CLAS,e-,5.88,p,0.938272088
133,0.125,-0.864,1.132,202.6,7,deg,d4SigUU,0.0167727,nb GeV^-4,0.00924293,0.00436696,CLAS,e-,5.88,p,0.938272088
134,0.125,-0.864,1.132,217.7,7,deg,d4SigUU,0.00847254,nb GeV^-4,0.00288071,0.00147468,CLAS,e-,5.88,p,0.938272088
135,0.125,-0.864,1.132,232.8,7,deg,d4SigUU,0.0256329,nb GeV^-4,0.0046791,0.00187016,CLAS,e-,5.88,p,0.938272088
136,0.125,-0.864,1.132,262.9,7,deg,d4SigUU,0.0324644,nb GeV^-4,0.0043757,0.00318831,CLAS,e-,5.88,p,0.938272088
137,0.125,-0.864,1.131,278,7,deg,d4SigUU,0.0495266,nb GeV^-4,0.00453731,0.00526502,CLAS,e-,5.88,p,0.938272088
138,0.125,-0.864,1.131,293.1,7,deg,d4SigUU,0.0727991,nb GeV^-4,0.00680726,0.00567375,CLAS,e-,5.88,p,0.938272088
139,0.125,-0.863,1.131,308.2,7,deg,d4SigUU,0.107006,nb GeV^-4,0.0107861,0.0085556,CLAS,e-,5.88,p,0.938272088
140,0.126,-0.862,1.13,323.2,7,deg,d4SigUU,0.172341,nb GeV^-4,0.0123425,0.0111001,CLAS,e-,5.88,p,0.938272088
141,0.126,-0.86,1.13,338.1,7,deg,d4SigUU,0.266052,nb GeV^-4,0.0131964,0.0171265,CLAS,e-,5.88,p,0.938272088
142,0.126,-0.859,1.13,352.7,7,deg,d4SigUU,0.300045,nb GeV^-4,0.0140718,0.0181897,CLAS,e-,5.88,p,0.938272088
143,0.126,-1.398,1.127,7.3,8,deg,d4SigUU,0.0498203,nb GeV^-4,0.00390924,0.00351328,CLAS,e-,5.88,p,0.938272088
144,0.126,-1.39,1.128,21.9,8,deg,d4SigUU,0.0447819,nb GeV^-4,0.00497646,0.00420731,CLAS,e-,5.88,p,0.938272088
145,0.126,-1.382,1.13,36.8,8,deg,d4SigUU,0.0264628,nb GeV^-4,0.00264436,0.00187297,CLAS,e-,5.88,p,0.938272088
146,0.125,-1.379,1.131,51.8,8,deg,d4SigUU,0.0161826,nb GeV^-4,0.00203871,0.003093,CLAS,e-,5.88,p,0.938272088
147,0.125,-1.377,1.132,66.9,8,deg,d4SigUU,0.0084851,nb GeV^-4,0.00152066,0.00185801,CLAS,e-,5.88,p,0.938272088
148,0.125,-1.376,1.132,82,8,deg,d4SigUU,0.0101125,nb GeV^-4,0.00348003,0.00184189,CLAS,e-,5.88,p,0.938272088
149,0.125,-1.377,1.133,97.1,8,deg,d4SigUU,0.00708365,nb GeV^-4,0.00283992,0.000984961,CLAS,e-,5.88,p,0.938272088
150,0.125,-1.377,1.132,157.3,8,deg,d4SigUU,0.0191967,nb GeV^-4,0.0170112,0.00205979,CLAS,e-,5.88,p,0.938272088
151,0.125,-1.377,1.133,172.5,8,deg,d4SigUU,0.00272545,nb GeV^-4,0.00245686,0.000955398,CLAS,e-,5.88,p,0.938272088
152,0.125,-1.377,1.133,262.9,8,deg,d4SigUU,0.0156057,nb GeV^-4,0.00751085,0.0044364,CLAS,e-,5.88,p,0.938272088
153,0.125,-1.376,1.132,278,8,deg,d4SigUU,0.00922965,nb GeV^-4,0.00195526,0.000595421,CLAS,e-,5.88,p,0.938272088
154,0.125,-1.377,1.132,293.1,8,deg,d4SigUU,0.00710834,nb GeV^-4,0.00119029,0.000742781,CLAS,e-,5.88,p,0.938272088
155,0.125,-1.379,1.131,308.2,8,deg,d4SigUU,0.0142573,nb GeV^-4,0.0026114,0.00217306,CLAS,e-,5.88,p,0.938272088
156,0.126,-1.382,1.13,323.2,8,deg,d4SigUU,0.0172014,nb GeV^-4,0.00230947,0.0013493,CLAS,e-,5.88,p,0.938272088
157,0.126,-1.39,1.128,338.1,8,deg,d4SigUU,0.0403827,nb GeV^-4,0.00321457,0.00303246,CLAS,e-,5.88,p,0.938272088
158,0.126,-1.398,1.127,352.7,8,deg,d4SigUU,0.048442,nb GeV^-4,0.00321058,0.00364823,CLAS,e-,5.88,p,0.938272088
159,0.155,-0.108,1.302,37.7,9,deg,d4SigUU,8.23678,nb GeV^-4,0.598119,0.578312,CLAS,e-,5.88,p,0.938272088
160,0.154,-0.109,1.298,52,9,deg,d4SigUU,5.00441,nb GeV^-4,0.266678,0.323862,CLAS,e-,5.88,p,0.938272088
161,0.154,-0.109,1.299,67,9,deg,d4SigUU,2.64773,nb GeV^-4,0.167406,0.39268,CLAS,e-,5.88,p,0.938272088
162,0.154,-0.108,1.3,82.1,9,deg,d4SigUU,2.07881,nb GeV^-4,0.117202,0.183145,CLAS,e-,5.88,p,0.938272088
163,0.154,-0.108,1.3,97.1,9,deg,d4SigUU,1.67811,nb GeV^-4,0.105728,0.12441,CLAS,e-,5.88,p,0.938272088
164,0.154,-0.108,1.301,112.2,9,deg,d4SigUU,1.40981,nb GeV^-4,0.110559,0.104538,CLAS,e-,5.88,p,0.938272088
165,0.154,-0.108,1.301,127.3,9,deg,d4SigUU,1.0984,nb GeV^-4,0.12855,0.149692,CLAS,e-,5.88,p,0.938272088
166,0.154,-0.108,1.301,142.3,9,deg,d4SigUU,0.980573,nb GeV^-4,0.0970792,0.0793515,CLAS,e-,5.88,p,0.938272088
167,0.154,-0.108,1.301,157.4,9,deg,d4SigUU,1.25728,nb GeV^-4,0.122743,0.0956927,CLAS,e-,5.88,p,0.938272088
168,0.154,-0.108,1.301,172.5,9,deg,d4SigUU,1.04651,nb GeV^-4,0.124711,0.194367,CLAS,e-,5.88,p,0.938272088
169,0.154,-0.108,1.301,202.6,9,deg,d4SigUU,1.11702,nb GeV^-4,0.10238,0.0794058,CLAS,e-,5.88,p,0.938272088
170,0.154,-0.108,1.301,217.7,9,deg,d4SigUU,1.45178,nb GeV^-4,0.137546,0.0997436,CLAS,e-,5.88,p,0.938272088
171,0.154,-0.108,1.301,232.7,9,deg,d4SigUU,1.36759,nb GeV^-4,0.148592,0.13621,CLAS,e-,5.88,p,0.938272088
172,0.154,-0.108,1.301,247.8,9,deg,d4SigUU,1.56236,nb GeV^-4,0.136763,0.127669,CLAS,e-,5.88,p,0.938272088
173,0.154,-0.108,1.3,262.9,9,deg,d4SigUU,2.01608,nb GeV^-4,0.142367,0.262953,CLAS,e-,5.88,p,0.938272088
174,0.154,-0.108,1.3,277.9,9,deg,d4SigUU,2.17606,nb GeV^-4,0.129938,0.164348,CLAS,e-,5.88,p,0.938272088
175,0.154,-0.109,1.299,293,9,deg,d4SigUU,3.3178,nb GeV^-4,0.212158,0.66454,CLAS,e-,5.88,p,0.938272088
176,0.154,-0.109,1.298,308,9,deg,d4SigUU,4.54306,nb GeV^-4,0.231901,0.314016,CLAS,e-,5.88,p,0.938272088
177,0.155,-0.108,1.302,322.3,9,deg,d4SigUU,5.52355,nb GeV^-4,0.374576,0.408638,CLAS,e-,5.88,p,0.938272088
178,0.154,-0.153,1.299,51.9,10,deg,d4SigUU,3.04542,nb GeV^-4,0.133277,0.187298,CLAS,e-,5.88,p,0.938272088
179,0.154,-0.153,1.3,67,10,deg,d4SigUU,2.38881,nb GeV^-4,0.138971,0.147224,CLAS,e-,5.88,p,0.938272088
180,0.154,-0.153,1.301,82,10,deg,d4SigUU,1.73407,nb GeV^-4,0.0946582,0.133813,CLAS,e-,5.88,p,0.938272088
181,0.154,-0.153,1.301,97.1,10,deg,d4SigUU,1.20052,nb GeV^-4,0.0765157,0.0765496,CLAS,e-,5.88,p,0.938272088
182,0.154,-0.153,1.301,112.2,10,deg,d4SigUU,0.794147,nb GeV^-4,0.0541113,0.051129,CLAS,e-,5.88,p,0.938272088
183,0.154,-0.153,1.301,127.3,10,deg,d4SigUU,0.643021,nb GeV^-4,0.0629005,0.0513932,CLAS,e-,5.88,p,0.938272088
184,0.154,-0.152,1.301,142.3,10,deg,d4SigUU,0.902898,nb GeV^-4,0.0863848,0.0621506,CLAS,e-,5.88,p,0.938272088
185,0.154,-0.152,1.302,157.4,10,deg,d4SigUU,0.617603,nb GeV^-4,0.0513603,0.0443181,CLAS,e-,5.88,p,0.938272088
186,0.154,-0.152,1.302,172.5,10,deg,d4SigUU,0.43107,nb GeV^-4,0.0398198,0.0401371,CLAS,e-,5.88,p,0.938272088
187,0.154,-0.152,1.302,187.5,10,deg,d4SigUU,0.647892,nb GeV^-4,0.0719001,0.0834562,CLAS,e-,5.88,p,0.938272088
188,0.154,-0.152,1.302,202.6,10,deg,d4SigUU,0.530371,nb GeV^-4,0.0452344,0.0324491,CLAS,e-,5.88,p,0.938272088
189,0.154,-0.152,1.301,217.7,10,deg,d4SigUU,0.721772,nb GeV^-4,0.0585051,0.0538252,CLAS,e-,5.88,p,0.938272088
190,0.154,-0.153,1.301,232.7,10,deg,d4SigUU,0.895296,nb GeV^-4,0.0871091,0.080821,CLAS,e-,5.88,p,0.938272088
191,0.154,-0.153,1.301,247.8,10,deg,d4SigUU,1.06988,nb GeV^-4,0.0886476,0.0654768,CLAS,e-,5.88,p,0.938272088
192,0.154,-0.153,1.301,262.9,10,deg,d4SigUU,1.02235,nb GeV^-4,0.0601738,0.0768817,CLAS,e-,5.88,p,0.938272088
193,0.154,-0.153,1.301,278,10,deg,d4SigUU,1.46553,nb GeV^-4,0.0763453,0.112081,CLAS,e-,5.88,p,0.938272088
194,0.154,-0.153,1.3,293,10,deg,d4SigUU,2.16854,nb GeV^-4,0.115588,0.146495,CLAS,e-,5.88,p,0.938272088
195,0.154,-0.153,1.299,308.1,10,deg,d4SigUU,3.50918,nb GeV^-4,0.170362,0.251043,CLAS,e-,5.88,p,0.938272088
196,0.154,-0.203,1.3,51.8,11,deg,d4SigUU,1.92326,nb GeV^-4,0.0927964,0.120819,CLAS,e-,5.88,p,0.938272088
197,0.154,-0.203,1.301,66.9,11,deg,d4SigUU,1.27982,nb GeV^-4,0.0835183,0.0814912,CLAS,e-,5.88,p,0.938272088
198,0.154,-0.203,1.301,82,11,deg,d4SigUU,0.92037,nb GeV^-4,0.0619325,0.0733856,CLAS,e-,5.88,p,0.938272088
199,0.154,-0.203,1.301,97.1,11,deg,d4SigUU,0.717826,nb GeV^-4,0.0516958,0.0493281,CLAS,e-,5.88,p,0.938272088
200,0.154,-0.203,1.302,112.2,11,deg,d4SigUU,0.445147,nb GeV^-4,0.0368982,0.028653,CLAS,e-,5.88,p,0.938272088
201,0.154,-0.203,1.302,127.2,11,deg,d4SigUU,0.378148,nb GeV^-4,0.0437365,0.039268,CLAS,e-,5.88,p,0.938272088
202,0.154,-0.203,1.302,142.3,11,deg,d4SigUU,0.650709,nb GeV^-4,0.0739084,0.0502457,CLAS,e-,5.88,p,0.938272088
203,0.154,-0.203,1.302,157.4,11,deg,d4SigUU,0.528961,nb GeV^-4,0.0595839,0.0598631,CLAS,e-,5.88,p,0.938272088
204,0.154,-0.203,1.302,172.5,11,deg,d4SigUU,0.405984,nb GeV^-4,0.0445942,0.0425617,CLAS,e-,5.88,p,0.938272088
205,0.154,-0.203,1.302,187.5,11,deg,d4SigUU,0.234842,nb GeV^-4,0.0295124,0.0209214,CLAS,e-,5.88,p,0.938272088
206,0.154,-0.203,1.302,202.6,11,deg,d4SigUU,0.360737,nb GeV^-4,0.032653,0.0262366,CLAS,e-,5.88,p,0.938272088
207,0.154,-0.203,1.302,217.7,11,deg,d4SigUU,0.387786,nb GeV^-4,0.0372327,0.0266276,CLAS,e-,5.88,p,0.938272088
208,0.154,-0.203,1.302,232.8,11,deg,d4SigUU,0.378168,nb GeV^-4,0.0382321,0.0331296,CLAS,e-,5.88,p,0.938272088
209,0.154,-0.203,1.302,247.8,11,deg,d4SigUU,0.593759,nb GeV^-4,0.0584935,0.0423708,CLAS,e-,5.88,p,0.938272088
210,0.154,-0.203,1.301,262.9,11,deg,d4SigUU,0.650234,nb GeV^-4,0.0505554,0.0490593,CLAS,e-,5.88,p,0.938272088
211,0.154,-0.203,1.301,278,11,deg,d4SigUU,0.957218,nb GeV^-4,0.0569282,0.0577243,CLAS,e-,5.88,p,0.938272088
212,0.154,-0.203,1.301,293.1,11,deg,d4SigUU,1.24123,nb GeV^-4,0.0761994,0.0826356,CLAS,e-,5.88,p,0.938272088
213,0.154,-0.203,1.3,308.2,11,deg,d4SigUU,2.2424,nb GeV^-4,0.121742,0.141373,CLAS,e-,5.88,p,0.938272088
214,0.154,-0.262,1.301,51.7,12,deg,d4SigUU,1.53278,nb GeV^-4,0.0695335,0.0926794,CLAS,e-,5.88,p,0.938272088
215,0.154,-0.262,1.301,66.9,12,deg,d4SigUU,0.913208,nb GeV^-4,0.0606019,0.0783132,CLAS,e-,5.88,p,0.938272088
216,0.154,-0.262,1.302,82,12,deg,d4SigUU,0.672708,nb GeV^-4,0.0496651,0.0445721,CLAS,e-,5.88,p,0.938272088
217,0.154,-0.262,1.302,97.1,12,deg,d4SigUU,0.375769,nb GeV^-4,0.0276074,0.0285795,CLAS,e-,5.88,p,0.938272088
218,0.154,-0.262,1.302,112.2,12,deg,d4SigUU,0.370044,nb GeV^-4,0.033206,0.0239508,CLAS,e-,5.88,p,0.938272088
219,0.154,-0.261,1.302,127.2,12,deg,d4SigUU,0.24269,nb GeV^-4,0.0268083,0.0335581,CLAS,e-,5.88,p,0.938272088
220,0.154,-0.261,1.302,142.3,12,deg,d4SigUU,0.30076,nb GeV^-4,0.0355549,0.0395689,CLAS,e-,5.88,p,0.938272088
221,0.154,-0.261,1.302,157.4,12,deg,d4SigUU,0.200858,nb GeV^-4,0.0207694,0.0192229,CLAS,e-,5.88,p,0.938272088
222,0.154,-0.261,1.302,187.5,12,deg,d4SigUU,0.312629,nb GeV^-4,0.0389378,0.0350999,CLAS,e-,5.88,p,0.938272088
223,0.154,-0.261,1.302,202.6,12,deg,d4SigUU,0.209222,nb GeV^-4,0.0239926,0.0168379,CLAS,e-,5.88,p,0.938272088
224,0.154,-0.261,1.302,217.7,12,deg,d4SigUU,0.320872,nb GeV^-4,0.0331118,0.0202316,CLAS,e-,5.88,p,0.938272088
225,0.154,-0.261,1.302,232.8,12,deg,d4SigUU,0.231506,nb GeV^-4,0.0224299,0.0213894,CLAS,e-,5.88,p,0.938272088
226,0.154,-0.262,1.302,247.8,12,deg,d4SigUU,0.326688,nb GeV^-4,0.0375406,0.0519339,CLAS,e-,5.88,p,0.938272088
227,0.154,-0.262,1.302,262.9,12,deg,d4SigUU,0.385419,nb GeV^-4,0.0323011,0.0279262,CLAS,e-,5.88,p,0.938272088
228,0.154,-0.262,1.302,278,12,deg,d4SigUU,0.546762,nb GeV^-4,0.0342543,0.0438313,CLAS,e-,5.88,p,0.938272088
229,0.154,-0.262,1.301,293.1,12,deg,d4SigUU,1.08592,nb GeV^-4,0.0718922,0.0740264,CLAS,e-,5.88,p,0.938272088
230,0.154,-0.262,1.301,308.3,12,deg,d4SigUU,1.73319,nb GeV^-4,0.0954195,0.134289,CLAS,e-,5.88,p,0.938272088
231,0.154,-0.341,1.301,51.7,13,deg,d4SigUU,1.03533,nb GeV^-4,0.051244,0.0637237,CLAS,e-,5.88,p,0.938272088
232,0.154,-0.34,1.302,66.8,13,deg,d4SigUU,0.767788,nb GeV^-4,0.059961,0.0494418,CLAS,e-,5.88,p,0.938272088
233,0.154,-0.34,1.302,82,13,deg,d4SigUU,0.390278,nb GeV^-4,0.0347768,0.0326337,CLAS,e-,5.88,p,0.938272088
234,0.154,-0.34,1.302,97.1,13,deg,d4SigUU,0.299122,nb GeV^-4,0.0288089,0.0204049,CLAS,e-,5.88,p,0.938272088
235,0.154,-0.34,1.302,112.1,13,deg,d4SigUU,0.232821,nb GeV^-4,0.0220438,0.0173623,CLAS,e-,5.88,p,0.938272088
236,0.154,-0.34,1.302,127.2,13,deg,d4SigUU,0.22463,nb GeV^-4,0.0296766,0.0224717,CLAS,e-,5.88,p,0.938272088
237,0.154,-0.34,1.303,157.4,13,deg,d4SigUU,0.115737,nb GeV^-4,0.0131172,0.0147249,CLAS,e-,5.88,p,0.938272088
238,0.154,-0.34,1.303,172.5,13,deg,d4SigUU,0.176171,nb GeV^-4,0.0236054,0.0135921,CLAS,e-,5.88,p,0.938272088
239,0.154,-0.34,1.303,187.5,13,deg,d4SigUU,0.162216,nb GeV^-4,0.0240617,0.0118788,CLAS,e-,5.88,p,0.938272088
240,0.154,-0.34,1.303,202.6,13,deg,d4SigUU,0.143983,nb GeV^-4,0.0191744,0.0112453,CLAS,e-,5.88,p,0.938272088
241,0.154,-0.34,1.302,232.8,13,deg,d4SigUU,0.20964,nb GeV^-4,0.0247616,0.0247162,CLAS,e-,5.88,p,0.938272088
242,0.154,-0.34,1.302,247.9,13,deg,d4SigUU,0.148182,nb GeV^-4,0.0182736,0.0347388,CLAS,e-,5.88,p,0.938272088
243,0.154,-0.34,1.302,262.9,13,deg,d4SigUU,0.314255,nb GeV^-4,0.0314885,0.0293429,CLAS,e-,5.88,p,0.938272088
244,0.154,-0.34,1.302,278,13,deg,d4SigUU,0.375011,nb GeV^-4,0.0296679,0.0261161,CLAS,e-,5.88,p,0.938272088
245,0.154,-0.34,1.302,293.2,13,deg,d4SigUU,0.525216,nb GeV^-4,0.0352624,0.0357399,CLAS,e-,5.88,p,0.938272088
246,0.154,-0.341,1.301,308.3,13,deg,d4SigUU,0.905625,nb GeV^-4,0.0534223,0.055223,CLAS,e-,5.88,p,0.938272088
247,0.155,-0.451,1.301,37.1,14,deg,d4SigUU,1.20687,nb GeV^-4,0.0750503,0.0730471,CLAS,e-,5.88,p,0.938272088
248,0.155,-0.447,1.302,51.7,14,deg,d4SigUU,0.549634,nb GeV^-4,0.029232,0.0341149,CLAS,e-,5.88,p,0.938272088
249,0.154,-0.447,1.302,66.8,14,deg,d4SigUU,0.357128,nb GeV^-4,0.0290899,0.0231815,CLAS,e-,5.88,p,0.938272088
250,0.154,-0.447,1.302,81.9,14,deg,d4SigUU,0.157985,nb GeV^-4,0.0172354,0.0181289,CLAS,e-,5.88,p,0.938272088
251,0.154,-0.447,1.302,97,14,deg,d4SigUU,0.194583,nb GeV^-4,0.0200787,0.0178971,CLAS,e-,5.88,p,0.938272088
252,0.154,-0.447,1.303,112.1,14,deg,d4SigUU,0.128523,nb GeV^-4,0.0137205,0.00951269,CLAS,e-,5.88,p,0.938272088
253,0.154,-0.446,1.303,127.2,14,deg,d4SigUU,0.0773009,nb GeV^-4,0.0105058,0.00642293,CLAS,e-,5.88,p,0.938272088
254,0.154,-0.446,1.303,142.3,14,deg,d4SigUU,0.089831,nb GeV^-4,0.0163454,0.0264651,CLAS,e-,5.88,p,0.938272088
255,0.154,-0.446,1.303,157.4,14,deg,d4SigUU,0.0661417,nb GeV^-4,0.00993307,0.0112755,CLAS,e-,5.88,p,0.938272088
256,0.154,-0.446,1.303,172.5,14,deg,d4SigUU,0.0833066,nb GeV^-4,0.0144984,0.0174502,CLAS,e-,5.88,p,0.938272088
257,0.154,-0.446,1.303,187.5,14,deg,d4SigUU,0.0459527,nb GeV^-4,0.0120442,0.0346729,CLAS,e-,5.88,p,0.938272088
258,0.154,-0.446,1.303,202.6,14,deg,d4SigUU,0.0940719,nb GeV^-4,0.0153131,0.00911323,CLAS,e-,5.88,p,0.938272088
259,0.154,-0.446,1.303,217.7,14,deg,d4SigUU,0.0960258,nb GeV^-4,0.0125409,0.0123656,CLAS,e-,5.88,p,0.938272088
260,0.154,-0.446,1.303,232.8,14,deg,d4SigUU,0.113579,nb GeV^-4,0.0138965,0.0126808,CLAS,e-,5.88,p,0.938272088
261,0.154,-0.447,1.303,247.9,14,deg,d4SigUU,0.0912273,nb GeV^-4,0.0125585,0.00829873,CLAS,e-,5.88,p,0.938272088
262,0.154,-0.447,1.302,263,14,deg,d4SigUU,0.113791,nb GeV^-4,0.0124586,0.0103722,CLAS,e-,5.88,p,0.938272088
263,0.154,-0.447,1.302,278.1,14,deg,d4SigUU,0.195157,nb GeV^-4,0.0186998,0.0195955,CLAS,e-,5.88,p,0.938272088
264,0.154,-0.447,1.302,293.2,14,deg,d4SigUU,0.294484,nb GeV^-4,0.0233359,0.0197115,CLAS,e-,5.88,p,0.938272088
265,0.155,-0.447,1.302,308.3,14,deg,d4SigUU,0.498781,nb GeV^-4,0.0363163,0.0562029,CLAS,e-,5.88,p,0.938272088
266,0.155,-0.451,1.301,322.9,14,deg,d4SigUU,0.879012,nb GeV^-4,0.0589743,0.0901319,CLAS,e-,5.88,p,0.938272088
267,0.155,-0.603,1.303,36.5,15,deg,d4SigUU,0.46254,nb GeV^-4,0.0226012,0.0345653,CLAS,e-,5.88,p,0.938272088
268,0.155,-0.604,1.302,51.7,15,deg,d4SigUU,0.264482,nb GeV^-4,0.0176579,0.019098,CLAS,e-,5.88,p,0.938272088
269,0.155,-0.604,1.303,66.8,15,deg,d4SigUU,0.165504,nb GeV^-4,0.0156075,0.0106255,CLAS,e-,5.88,p,0.938272088
270,0.155,-0.604,1.303,81.9,15,deg,d4SigUU,0.0901792,nb GeV^-4,0.012959,0.00699878,CLAS,e-,5.88,p,0.938272088
271,0.154,-0.604,1.303,97,15,deg,d4SigUU,0.0528898,nb GeV^-4,0.00689474,0.0071713,CLAS,e-,5.88,p,0.938272088
272,0.154,-0.604,1.303,112.1,15,deg,d4SigUU,0.055294,nb GeV^-4,0.00736304,0.00810639,CLAS,e-,5.88,p,0.938272088
273,0.154,-0.604,1.303,127.2,15,deg,d4SigUU,0.0619639,nb GeV^-4,0.0116761,0.00556272,CLAS,e-,5.88,p,0.938272088
274,0.154,-0.603,1.303,142.3,15,deg,d4SigUU,0.0554564,nb GeV^-4,0.0174486,0.00621147,CLAS,e-,5.88,p,0.938272088
275,0.154,-0.603,1.303,157.4,15,deg,d4SigUU,0.00684517,nb GeV^-4,0.00557979,0.000810919,CLAS,e-,5.88,p,0.938272088
276,0.154,-0.603,1.303,172.5,15,deg,d4SigUU,0.0438729,nb GeV^-4,0.0180498,0.00702362,CLAS,e-,5.88,p,0.938272088
277,0.154,-0.603,1.303,202.6,15,deg,d4SigUU,0.00864919,nb GeV^-4,0.00722376,0.00106831,CLAS,e-,5.88,p,0.938272088
278,0.154,-0.603,1.303,217.7,15,deg,d4SigUU,0.0128564,nb GeV^-4,0.00426661,0.00386682,CLAS,e-,5.88,p,0.938272088
279,0.154,-0.604,1.303,232.8,15,deg,d4SigUU,0.0881453,nb GeV^-4,0.0158923,0.00769157,CLAS,e-,5.88,p,0.938272088
280,0.154,-0.604,1.303,247.9,15,deg,d4SigUU,0.0497213,nb GeV^-4,0.0080992,0.00763803,CLAS,e-,5.88,p,0.938272088
281,0.154,-0.604,1.303,263,15,deg,d4SigUU,0.0703013,nb GeV^-4,0.00826247,0.0077991,CLAS,e-,5.88,p,0.938272088
282,0.155,-0.604,1.303,278.1,15,deg,d4SigUU,0.0789998,nb GeV^-4,0.00826805,0.00686753,CLAS,e-,5.88,p,0.938272088
283,0.155,-0.604,1.303,293.2,15,deg,d4SigUU,0.11508,nb GeV^-4,0.010744,0.0088116,CLAS,e-,5.88,p,0.938272088
284,0.155,-0.604,1.302,308.3,15,deg,d4SigUU,0.167129,nb GeV^-4,0.0151466,0.01011,CLAS,e-,5.88,p,0.938272088
285,0.155,-0.603,1.303,323.5,15,deg,d4SigUU,0.505368,nb GeV^-4,0.029064,0.032086,CLAS,e-,5.88,p,0.938272088
286,0.154,-0.895,1.295,7.8,16,deg,d4SigUU,0.297623,nb GeV^-4,0.0228228,0.0194808,CLAS,e-,5.88,p,0.938272088
287,0.155,-0.86,1.303,21.7,16,deg,d4SigUU,0.240773,nb GeV^-4,0.015708,0.0147172,CLAS,e-,5.88,p,0.938272088
288,0.155,-0.863,1.303,36.6,16,deg,d4SigUU,0.131945,nb GeV^-4,0.00817487,0.00933729,CLAS,e-,5.88,p,0.938272088
289,0.155,-0.865,1.303,51.7,16,deg,d4SigUU,0.0785729,nb GeV^-4,0.00624859,0.00788187,CLAS,e-,5.88,p,0.938272088
290,0.155,-0.865,1.303,66.8,16,deg,d4SigUU,0.0457166,nb GeV^-4,0.00480811,0.0033478,CLAS,e-,5.88,p,0.938272088
291,0.155,-0.865,1.303,81.9,16,deg,d4SigUU,0.0372079,nb GeV^-4,0.0063076,0.00780646,CLAS,e-,5.88,p,0.938272088
292,0.155,-0.865,1.303,97,16,deg,d4SigUU,0.0178489,nb GeV^-4,0.00386669,0.00315304,CLAS,e-,5.88,p,0.938272088
293,0.155,-0.865,1.303,112.1,16,deg,d4SigUU,0.0217724,nb GeV^-4,0.00762392,1417.41,CLAS,e-,5.88,p,0.938272088
294,0.155,-0.864,1.303,232.8,16,deg,d4SigUU,0.0442843,nb GeV^-4,0.0267133,0.00905925,CLAS,e-,5.88,p,0.938272088
295,0.155,-0.865,1.303,247.9,16,deg,d4SigUU,0.0126624,nb GeV^-4,0.00488425,0.00179616,CLAS,e-,5.88,p,0.938272088
296,0.155,-0.865,1.303,263,16,deg,d4SigUU,0.0118711,nb GeV^-4,0.0025508,0.00147562,CLAS,e-,5.88,p,0.938272088
297,0.155,-0.865,1.303,293.2,16,deg,d4SigUU,0.040989,nb GeV^-4,0.00413441,0.00362938,CLAS,e-,5.88,p,0.938272088
298,0.155,-0.865,1.303,308.3,16,deg,d4SigUU,0.0842836,nb GeV^-4,0.00895746,0.00595083,CLAS,e-,5.88,p,0.938272088
299,0.155,-0.863,1.303,323.4,16,deg,d4SigUU,0.138197,nb GeV^-4,0.0104815,0.00974688,CLAS,e-,5.88,p,0.938272088
300,0.155,-0.86,1.303,338.3,16,deg,d4SigUU,0.275412,nb GeV^-4,0.0154478,0.0209641,CLAS,e-,5.88,p,0.938272088
301,0.154,-0.895,1.295,352.2,16,deg,d4SigUU,0.330772,nb GeV^-4,0.0224264,0.021252,CLAS,e-,5.88,p,0.938272088
302,0.155,-1.392,1.302,7.2,17,deg,d4SigUU,0.0492117,nb GeV^-4,0.0039346,0.00460428,CLAS,e-,5.88,p,0.938272088
303,0.155,-1.386,1.302,21.8,17,deg,d4SigUU,0.032678,nb GeV^-4,0.00364768,0.00246506,CLAS,e-,5.88,p,0.938272088
304,0.155,-1.382,1.303,36.7,17,deg,d4SigUU,0.0177387,nb GeV^-4,0.00212656,0.00139446,CLAS,e-,5.88,p,0.938272088
305,0.155,-1.38,1.303,51.7,17,deg,d4SigUU,0.0125552,nb GeV^-4,0.0016838,0.00127872,CLAS,e-,5.88,p,0.938272088
306,0.155,-1.379,1.304,66.8,17,deg,d4SigUU,0.00726499,nb GeV^-4,0.00136195,0.00124719,CLAS,e-,5.88,p,0.938272088
307,0.155,-1.379,1.304,81.9,17,deg,d4SigUU,0.0152121,nb GeV^-4,0.0101632,0.00863173,CLAS,e-,5.88,p,0.938272088
308,0.154,-1.378,1.303,157.3,17,deg,d4SigUU,0.00932424,nb GeV^-4,0.00398533,0.00292388,CLAS,e-,5.88,p,0.938272088
309,0.155,-1.38,1.305,172.5,17,deg,d4SigUU,0.0194574,nb GeV^-4,0.0168569,0.00786826,CLAS,e-,5.88,p,0.938272088
310,0.155,-1.379,1.304,278.1,17,deg,d4SigUU,0.00692336,nb GeV^-4,0.00182273,0.000959419,CLAS,e-,5.88,p,0.938272088
311,0.155,-1.379,1.304,293.2,17,deg,d4SigUU,0.010458,nb GeV^-4,0.00212204,0.00170103,CLAS,e-,5.88,p,0.938272088
312,0.155,-1.38,1.303,308.3,17,deg,d4SigUU,0.00914745,nb GeV^-4,0.0017518,0.000667835,CLAS,e-,5.88,p,0.938272088
313,0.155,-1.382,1.303,323.3,17,deg,d4SigUU,0.0261152,nb GeV^-4,0.00344275,0.00210412,CLAS,e-,5.88,p,0.938272088
314,0.155,-1.386,1.302,338.2,17,deg,d4SigUU,0.0405635,nb GeV^-4,0.00340624,0.00254957,CLAS,e-,5.88,p,0.938272088
315,0.155,-1.392,1.302,352.8,17,deg,d4SigUU,0.0570741,nb GeV^-4,0.00389871,0.00403532,CLAS,e-,5.88,p,0.938272088
316,0.155,-0.108,1.423,67,18,deg,d4SigUU,3.60818,nb GeV^-4,0.196878,0.452549,CLAS,e-,5.88,p,0.938272088
317,0.155,-0.108,1.424,82.1,18,deg,d4SigUU,2.67534,nb GeV^-4,0.129183,0.196792,CLAS,e-,5.88,p,0.938272088
318,0.155,-0.108,1.424,97.2,18,deg,d4SigUU,2.04188,nb GeV^-4,0.110815,0.161646,CLAS,e-,5.88,p,0.938272088
319,0.155,-0.108,1.425,112.2,18,deg,d4SigUU,1.76345,nb GeV^-4,0.121499,0.125281,CLAS,e-,5.88,p,0.938272088
320,0.155,-0.108,1.425,127.3,18,deg,d4SigUU,1.67797,nb GeV^-4,0.158384,0.227288,CLAS,e-,5.88,p,0.938272088
321,0.155,-0.108,1.425,142.3,18,deg,d4SigUU,1.24277,nb GeV^-4,0.0933727,0.11086,CLAS,e-,5.88,p,0.938272088
322,0.155,-0.108,1.425,157.4,18,deg,d4SigUU,1.36766,nb GeV^-4,0.104608,0.0863413,CLAS,e-,5.88,p,0.938272088
323,0.155,-0.108,1.425,172.5,18,deg,d4SigUU,1.60414,nb GeV^-4,0.164408,0.206836,CLAS,e-,5.88,p,0.938272088
324,0.155,-0.108,1.425,187.5,18,deg,d4SigUU,1.08367,nb GeV^-4,0.103562,0.169325,CLAS,e-,5.88,p,0.938272088
325,0.155,-0.108,1.425,202.6,18,deg,d4SigUU,1.30869,nb GeV^-4,0.0996404,0.0914483,CLAS,e-,5.88,p,0.938272088
326,0.155,-0.108,1.425,217.7,18,deg,d4SigUU,1.34743,nb GeV^-4,0.102123,0.116348,CLAS,e-,5.88,p,0.938272088
327,0.155,-0.108,1.425,232.7,18,deg,d4SigUU,1.45696,nb GeV^-4,0.120319,0.171626,CLAS,e-,5.88,p,0.938272088
328,0.155,-0.108,1.425,247.8,18,deg,d4SigUU,2.1151,nb GeV^-4,0.157706,0.256049,CLAS,e-,5.88,p,0.938272088
329,0.155,-0.108,1.424,262.8,18,deg,d4SigUU,1.98686,nb GeV^-4,0.10661,0.136836,CLAS,e-,5.88,p,0.938272088
330,0.155,-0.108,1.424,277.9,18,deg,d4SigUU,2.75836,nb GeV^-4,0.140637,0.165172,CLAS,e-,5.88,p,0.938272088
331,0.155,-0.108,1.423,293,18,deg,d4SigUU,3.25549,nb GeV^-4,0.173048,0.231474,CLAS,e-,5.88,p,0.938272088
332,0.155,-0.153,1.424,67,19,deg,d4SigUU,2.5201,nb GeV^-4,0.12035,0.153511,CLAS,e-,5.88,p,0.938272088
333,0.155,-0.153,1.425,82,19,deg,d4SigUU,1.89842,nb GeV^-4,0.0903877,0.120915,CLAS,e-,5.88,p,0.938272088
334,0.155,-0.153,1.425,97.1,19,deg,d4SigUU,1.28642,nb GeV^-4,0.0623681,0.0898401,CLAS,e-,5.88,p,0.938272088
335,0.155,-0.153,1.426,112.2,19,deg,d4SigUU,1.08657,nb GeV^-4,0.0668316,0.0832358,CLAS,e-,5.88,p,0.938272088
336,0.155,-0.152,1.426,127.3,19,deg,d4SigUU,0.976484,nb GeV^-4,0.0808912,0.074425,CLAS,e-,5.88,p,0.938272088
337,0.155,-0.152,1.426,142.3,19,deg,d4SigUU,0.804274,nb GeV^-4,0.0591217,0.0504248,CLAS,e-,5.88,p,0.938272088
338,0.155,-0.152,1.426,157.4,19,deg,d4SigUU,0.74043,nb GeV^-4,0.0521409,0.0591512,CLAS,e-,5.88,p,0.938272088
339,0.155,-0.152,1.426,172.5,19,deg,d4SigUU,0.666662,nb GeV^-4,0.0560798,0.0541383,CLAS,e-,5.88,p,0.938272088
340,0.155,-0.152,1.426,187.5,19,deg,d4SigUU,0.990763,nb GeV^-4,0.0936949,0.0606937,CLAS,e-,5.88,p,0.938272088
341,0.155,-0.152,1.426,202.6,19,deg,d4SigUU,0.764119,nb GeV^-4,0.0552265,0.0679876,CLAS,e-,5.88,p,0.938272088
342,0.155,-0.152,1.426,217.7,19,deg,d4SigUU,0.862088,nb GeV^-4,0.0584965,0.0822863,CLAS,e-,5.88,p,0.938272088
343,0.155,-0.152,1.426,232.7,19,deg,d4SigUU,0.907844,nb GeV^-4,0.0696649,0.0866151,CLAS,e-,5.88,p,0.938272088
344,0.155,-0.153,1.426,247.8,19,deg,d4SigUU,0.921401,nb GeV^-4,0.0587086,0.0706746,CLAS,e-,5.88,p,0.938272088
345,0.155,-0.153,1.425,262.9,19,deg,d4SigUU,1.25498,nb GeV^-4,0.0629038,0.0851765,CLAS,e-,5.88,p,0.938272088
346,0.155,-0.153,1.425,278,19,deg,d4SigUU,1.51248,nb GeV^-4,0.0655081,0.117002,CLAS,e-,5.88,p,0.938272088
347,0.155,-0.153,1.424,293,19,deg,d4SigUU,2.44785,nb GeV^-4,0.110498,0.256852,CLAS,e-,5.88,p,0.938272088
348,0.155,-0.203,1.425,66.9,20,deg,d4SigUU,1.46978,nb GeV^-4,0.0785751,0.110543,CLAS,e-,5.88,p,0.938272088
349,0.155,-0.203,1.425,82,20,deg,d4SigUU,1.23574,nb GeV^-4,0.0730575,0.12156,CLAS,e-,5.88,p,0.938272088
350,0.155,-0.203,1.426,97.1,20,deg,d4SigUU,0.871081,nb GeV^-4,0.0502323,0.0575197,CLAS,e-,5.88,p,0.938272088
351,0.155,-0.203,1.426,112.2,20,deg,d4SigUU,0.673936,nb GeV^-4,0.0486245,0.043386,CLAS,e-,5.88,p,0.938272088
352,0.155,-0.203,1.426,127.3,20,deg,d4SigUU,0.513631,nb GeV^-4,0.0506593,0.0357745,CLAS,e-,5.88,p,0.938272088
353,0.155,-0.203,1.426,142.3,20,deg,d4SigUU,0.373888,nb GeV^-4,0.0328808,0.0296374,CLAS,e-,5.88,p,0.938272088
354,0.155,-0.203,1.426,157.4,20,deg,d4SigUU,0.346519,nb GeV^-4,0.0283429,0.0241273,CLAS,e-,5.88,p,0.938272088
355,0.155,-0.203,1.426,172.5,20,deg,d4SigUU,0.394738,nb GeV^-4,0.0402249,0.0362869,CLAS,e-,5.88,p,0.938272088
356,0.155,-0.203,1.426,187.5,20,deg,d4SigUU,0.537792,nb GeV^-4,0.0584703,0.0741305,CLAS,e-,5.88,p,0.938272088
357,0.155,-0.203,1.426,202.6,20,deg,d4SigUU,0.512076,nb GeV^-4,0.0449962,0.0345722,CLAS,e-,5.88,p,0.938272088
358,0.155,-0.203,1.426,217.7,20,deg,d4SigUU,0.404218,nb GeV^-4,0.0319905,0.0411958,CLAS,e-,5.88,p,0.938272088
359,0.155,-0.203,1.426,232.7,20,deg,d4SigUU,0.500808,nb GeV^-4,0.044045,0.063177,CLAS,e-,5.88,p,0.938272088
360,0.155,-0.203,1.426,247.8,20,deg,d4SigUU,0.791379,nb GeV^-4,0.0700252,0.0622993,CLAS,e-,5.88,p,0.938272088
361,0.155,-0.203,1.426,262.9,20,deg,d4SigUU,0.71606,nb GeV^-4,0.0430029,0.0503432,CLAS,e-,5.88,p,0.938272088
362,0.155,-0.203,1.425,278,20,deg,d4SigUU,0.992932,nb GeV^-4,0.0519774,0.0728702,CLAS,e-,5.88,p,0.938272088
363,0.155,-0.203,1.425,293.1,20,deg,d4SigUU,1.4292,nb GeV^-4,0.0696286,0.130279,CLAS,e-,5.88,p,0.938272088
364,0.155,-0.263,1.424,52.1,21,deg,d4SigUU,2.03627,nb GeV^-4,0.127089,0.122819,CLAS,e-,5.88,p,0.938272088
365,0.155,-0.262,1.425,66.9,21,deg,d4SigUU,1.14692,nb GeV^-4,0.0628929,0.0925145,CLAS,e-,5.88,p,0.938272088
366,0.155,-0.262,1.426,82,21,deg,d4SigUU,0.699096,nb GeV^-4,0.044346,0.0466898,CLAS,e-,5.88,p,0.938272088
367,0.155,-0.262,1.426,97.1,21,deg,d4SigUU,0.431229,nb GeV^-4,0.0271237,0.032861,CLAS,e-,5.88,p,0.938272088
368,0.155,-0.261,1.426,112.2,21,deg,d4SigUU,0.45818,nb GeV^-4,0.0344225,0.0311496,CLAS,e-,5.88,p,0.938272088
369,0.155,-0.261,1.427,127.3,21,deg,d4SigUU,0.298908,nb GeV^-4,0.0275944,0.0277003,CLAS,e-,5.88,p,0.938272088
370,0.155,-0.261,1.427,142.3,21,deg,d4SigUU,0.254777,nb GeV^-4,0.0246406,0.0188254,CLAS,e-,5.88,p,0.938272088
371,0.155,-0.261,1.427,157.4,21,deg,d4SigUU,0.267747,nb GeV^-4,0.0237329,0.0203952,CLAS,e-,5.88,p,0.938272088
372,0.155,-0.261,1.427,172.5,21,deg,d4SigUU,0.261289,nb GeV^-4,0.0260519,0.0163849,CLAS,e-,5.88,p,0.938272088
373,0.155,-0.261,1.427,187.5,21,deg,d4SigUU,0.31149,nb GeV^-4,0.0349352,0.0228307,CLAS,e-,5.88,p,0.938272088
374,0.155,-0.261,1.427,202.6,21,deg,d4SigUU,0.240681,nb GeV^-4,0.0206255,0.0145671,CLAS,e-,5.88,p,0.938272088
375,0.155,-0.261,1.427,217.7,21,deg,d4SigUU,0.263387,nb GeV^-4,0.0206149,0.0208818,CLAS,e-,5.88,p,0.938272088
376,0.155,-0.261,1.427,232.7,21,deg,d4SigUU,0.249315,nb GeV^-4,0.0207743,0.026927,CLAS,e-,5.88,p,0.938272088
377,0.155,-0.261,1.426,247.8,21,deg,d4SigUU,0.453696,nb GeV^-4,0.0420063,0.0609696,CLAS,e-,5.88,p,0.938272088
378,0.155,-0.262,1.426,262.9,21,deg,d4SigUU,0.504702,nb GeV^-4,0.034417,0.0355343,CLAS,e-,5.88,p,0.938272088
379,0.155,-0.262,1.426,278,21,deg,d4SigUU,0.668085,nb GeV^-4,0.0353229,0.0486178,CLAS,e-,5.88,p,0.938272088
380,0.155,-0.262,1.425,293.1,21,deg,d4SigUU,1.1574,nb GeV^-4,0.0593645,0.0780668,CLAS,e-,5.88,p,0.938272088
381,0.155,-0.263,1.424,307.9,21,deg,d4SigUU,1.39109,nb GeV^-4,0.0909332,0.108055,CLAS,e-,5.88,p,0.938272088
382,0.155,-0.34,1.426,51.7,22,deg,d4SigUU,0.993066,nb GeV^-4,0.0484351,0.0583576,CLAS,e-,5.88,p,0.938272088
383,0.155,-0.34,1.426,66.9,22,deg,d4SigUU,0.914262,nb GeV^-4,0.0337559,0.0571956,CLAS,e-,5.88,p,0.938272088
384,0.155,-0.34,1.426,82,22,deg,d4SigUU,0.414815,nb GeV^-4,0.0327325,0.040156,CLAS,e-,5.88,p,0.938272088
385,0.155,-0.34,1.426,97.1,22,deg,d4SigUU,0.249216,nb GeV^-4,0.0176477,0.0208718,CLAS,e-,5.88,p,0.938272088
386,0.155,-0.34,1.427,112.2,22,deg,d4SigUU,0.264302,nb GeV^-4,0.0222853,0.0249503,CLAS,e-,5.88,p,0.938272088
387,0.155,-0.34,1.427,127.2,22,deg,d4SigUU,0.192965,nb GeV^-4,0.0214061,0.0166637,CLAS,e-,5.88,p,0.938272088
388,0.155,-0.34,1.427,142.3,22,deg,d4SigUU,0.157124,nb GeV^-4,0.0175883,0.0114665,CLAS,e-,5.88,p,0.938272088
389,0.155,-0.34,1.427,157.4,22,deg,d4SigUU,0.168577,nb GeV^-4,0.0170336,0.0140966,CLAS,e-,5.88,p,0.938272088
390,0.155,-0.34,1.427,172.5,22,deg,d4SigUU,0.110323,nb GeV^-4,0.012504,0.0129405,CLAS,e-,5.88,p,0.938272088
391,0.155,-0.34,1.427,187.5,22,deg,d4SigUU,0.136454,nb GeV^-4,0.0163379,0.0102636,CLAS,e-,5.88,p,0.938272088
392,0.155,-0.34,1.427,202.6,22,deg,d4SigUU,0.195048,nb GeV^-4,0.0220595,0.0182399,CLAS,e-,5.88,p,0.938272088
393,0.155,-0.34,1.427,217.7,22,deg,d4SigUU,0.200431,nb GeV^-4,0.0194796,0.0148885,CLAS,e-,5.88,p,0.938272088
394,0.155,-0.34,1.427,232.8,22,deg,d4SigUU,0.220722,nb GeV^-4,0.0249855,0.0168223,CLAS,e-,5.88,p,0.938272088
395,0.155,-0.34,1.427,247.8,22,deg,d4SigUU,0.20584,nb GeV^-4,0.0214153,0.0157092,CLAS,e-,5.88,p,0.938272088
396,0.155,-0.34,1.426,262.9,22,deg,d4SigUU,0.294111,nb GeV^-4,0.0248628,0.019759,CLAS,e-,5.88,p,0.938272088
397,0.155,-0.34,1.426,278,22,deg,d4SigUU,0.391512,nb GeV^-4,0.0251214,0.0301308,CLAS,e-,5.88,p,0.938272088
398,0.155,-0.34,1.426,293.1,22,deg,d4SigUU,0.952458,nb GeV^-4,0.0336666,0.0588659,CLAS,e-,5.88,p,0.938272088
399,0.155,-0.34,1.426,308.3,22,deg,d4SigUU,0.950557,nb GeV^-4,0.05497,1.42664,CLAS,e-,5.88,p,0.938272088
400,0.156,-0.446,1.426,51.7,23,deg,d4SigUU,0.507045,nb GeV^-4,0.0249148,0.0355768,CLAS,e-,5.88,p,0.938272088
401,0.156,-0.447,1.426,66.9,23,deg,d4SigUU,0.272047,nb GeV^-4,0.020855,0.0220961,CLAS,e-,5.88,p,0.938272088
402,0.156,-0.447,1.426,82,23,deg,d4SigUU,0.181337,nb GeV^-4,0.0159076,0.0135874,CLAS,e-,5.88,p,0.938272088
403,0.155,-0.447,1.427,97.1,23,deg,d4SigUU,0.15271,nb GeV^-4,0.0125529,0.0136201,CLAS,e-,5.88,p,0.938272088
404,0.155,-0.446,1.427,112.2,23,deg,d4SigUU,0.126937,nb GeV^-4,0.0119653,0.0139795,CLAS,e-,5.88,p,0.938272088
405,0.155,-0.446,1.427,127.2,23,deg,d4SigUU,0.107699,nb GeV^-4,0.013514,0.0145908,CLAS,e-,5.88,p,0.938272088
406,0.155,-0.446,1.427,142.3,23,deg,d4SigUU,0.0989797,nb GeV^-4,0.013264,0.00848328,CLAS,e-,5.88,p,0.938272088
407,0.155,-0.446,1.427,157.4,23,deg,d4SigUU,0.0664119,nb GeV^-4,0.00738954,0.00693788,CLAS,e-,5.88,p,0.938272088
408,0.155,-0.446,1.427,172.5,23,deg,d4SigUU,0.0659137,nb GeV^-4,0.00770858,0.00499137,CLAS,e-,5.88,p,0.938272088
409,0.155,-0.446,1.427,187.5,23,deg,d4SigUU,0.0868681,nb GeV^-4,0.0118706,0.00806714,CLAS,e-,5.88,p,0.938272088
410,0.155,-0.446,1.427,202.6,23,deg,d4SigUU,0.0786564,nb GeV^-4,0.00885618,0.00613743,CLAS,e-,5.88,p,0.938272088
411,0.155,-0.446,1.427,217.7,23,deg,d4SigUU,0.0592269,nb GeV^-4,0.00605579,0.0063258,CLAS,e-,5.88,p,0.938272088
412,0.155,-0.446,1.427,232.8,23,deg,d4SigUU,0.0899648,nb GeV^-4,0.00986578,0.00914338,CLAS,e-,5.88,p,0.938272088
413,0.155,-0.446,1.427,247.8,23,deg,d4SigUU,0.111063,nb GeV^-4,0.0118468,0.0117802,CLAS,e-,5.88,p,0.938272088
414,0.155,-0.447,1.427,262.9,23,deg,d4SigUU,0.160876,nb GeV^-4,0.0152929,0.0101518,CLAS,e-,5.88,p,0.938272088
415,0.156,-0.447,1.426,278,23,deg,d4SigUU,0.217777,nb GeV^-4,0.017132,0.0146346,CLAS,e-,5.88,p,0.938272088
416,0.156,-0.447,1.426,293.1,23,deg,d4SigUU,0.321328,nb GeV^-4,0.0220352,0.0233856,CLAS,e-,5.88,p,0.938272088
417,0.156,-0.446,1.426,308.3,23,deg,d4SigUU,0.502965,nb GeV^-4,0.029428,0.0477298,CLAS,e-,5.88,p,0.938272088
418,0.156,-0.602,1.426,36.7,24,deg,d4SigUU,0.385558,nb GeV^-4,0.0203532,0.0244297,CLAS,e-,5.88,p,0.938272088
419,0.156,-0.603,1.426,51.8,24,deg,d4SigUU,0.200129,nb GeV^-4,0.0119956,0.0122675,CLAS,e-,5.88,p,0.938272088
420,0.156,-0.604,1.426,66.9,24,deg,d4SigUU,0.139191,nb GeV^-4,0.0120302,0.00914265,CLAS,e-,5.88,p,0.938272088
421,0.156,-0.604,1.427,82,24,deg,d4SigUU,0.0900062,nb GeV^-4,0.0097928,0.00680402,CLAS,e-,5.88,p,0.938272088
422,0.156,-0.604,1.427,97.1,24,deg,d4SigUU,0.0756153,nb GeV^-4,0.00753639,0.00501161,CLAS,e-,5.88,p,0.938272088
423,0.156,-0.604,1.427,112.2,24,deg,d4SigUU,0.0485741,nb GeV^-4,0.00534508,0.00461505,CLAS,e-,5.88,p,0.938272088
424,0.156,-0.603,1.427,127.2,24,deg,d4SigUU,0.0596739,nb GeV^-4,0.00826087,0.00746494,CLAS,e-,5.88,p,0.938272088
425,0.156,-0.603,1.428,142.3,24,deg,d4SigUU,0.0489849,nb GeV^-4,0.00841074,0.0116793,CLAS,e-,5.88,p,0.938272088
426,0.156,-0.603,1.428,157.4,24,deg,d4SigUU,0.0239735,nb GeV^-4,0.0034767,0.00283872,CLAS,e-,5.88,p,0.938272088
427,0.156,-0.603,1.428,172.5,24,deg,d4SigUU,0.0369919,nb GeV^-4,0.00580484,0.00317484,CLAS,e-,5.88,p,0.938272088
428,0.156,-0.603,1.428,187.5,24,deg,d4SigUU,0.0442136,nb GeV^-4,0.00864085,0.00372065,CLAS,e-,5.88,p,0.938272088
429,0.156,-0.603,1.428,202.6,24,deg,d4SigUU,0.0319285,nb GeV^-4,0.00527373,0.00374261,CLAS,e-,5.88,p,0.938272088
430,0.156,-0.603,1.428,217.7,24,deg,d4SigUU,0.0389343,nb GeV^-4,0.00545653,0.00403791,CLAS,e-,5.88,p,0.938272088
431,0.156,-0.603,1.427,232.8,24,deg,d4SigUU,0.0499872,nb GeV^-4,0.00635881,0.00662136,CLAS,e-,5.88,p,0.938272088
432,0.156,-0.604,1.427,247.8,24,deg,d4SigUU,0.0492752,nb GeV^-4,0.00757416,0.00425845,CLAS,e-,5.88,p,0.938272088
433,0.156,-0.604,1.427,262.9,24,deg,d4SigUU,0.0555062,nb GeV^-4,0.00610488,0.00531406,CLAS,e-,5.88,p,0.938272088
434,0.156,-0.604,1.427,278,24,deg,d4SigUU,0.100235,nb GeV^-4,0.00844004,0.00753623,CLAS,e-,5.88,p,0.938272088
435,0.156,-0.604,1.426,293.1,24,deg,d4SigUU,0.168816,nb GeV^-4,0.015084,0.0110989,CLAS,e-,5.88,p,0.938272088
436,0.156,-0.603,1.426,308.2,24,deg,d4SigUU,0.206922,nb GeV^-4,0.0157931,0.0129,CLAS,e-,5.88,p,0.938272088
437,0.156,-0.602,1.426,323.3,24,deg,d4SigUU,0.337753,nb GeV^-4,0.0202602,0.0571339,CLAS,e-,5.88,p,0.938272088
438,0.156,-0.869,1.422,7.5,25,deg,d4SigUU,0.214642,nb GeV^-4,0.0150695,0.0135819,CLAS,e-,5.88,p,0.938272088
439,0.156,-0.858,1.426,21.9,25,deg,d4SigUU,0.194786,nb GeV^-4,0.0126277,0.012779,CLAS,e-,5.88,p,0.938272088
440,0.156,-0.862,1.426,36.8,25,deg,d4SigUU,0.0876772,nb GeV^-4,0.00584765,0.00525416,CLAS,e-,5.88,p,0.938272088
441,0.156,-0.864,1.426,51.8,25,deg,d4SigUU,0.0593512,nb GeV^-4,0.00433243,0.00573046,CLAS,e-,5.88,p,0.938272088
442,0.156,-0.864,1.427,66.9,25,deg,d4SigUU,0.0591082,nb GeV^-4,0.00619091,0.00397661,CLAS,e-,5.88,p,0.938272088
443,0.156,-0.865,1.427,82,25,deg,d4SigUU,0.0349561,nb GeV^-4,0.00459457,0.00298795,CLAS,e-,5.88,p,0.938272088
444,0.156,-0.865,1.427,97.1,25,deg,d4SigUU,0.0243995,nb GeV^-4,0.00363224,0.00155198,CLAS,e-,5.88,p,0.938272088
445,0.156,-0.865,1.428,112.2,25,deg,d4SigUU,0.00922085,nb GeV^-4,0.0015201,0.000840437,CLAS,e-,5.88,p,0.938272088
446,0.156,-0.864,1.428,127.2,25,deg,d4SigUU,0.0115157,nb GeV^-4,0.00304403,0.00112042,CLAS,e-,5.88,p,0.938272088
447,0.156,-0.864,1.428,142.3,25,deg,d4SigUU,0.0081791,nb GeV^-4,0.0033029,0.00315904,CLAS,e-,5.88,p,0.938272088
448,0.155,-0.864,1.428,172.5,25,deg,d4SigUU,0.0123051,nb GeV^-4,0.00511247,0.00419238,CLAS,e-,5.88,p,0.938272088
449,0.155,-0.864,1.428,202.6,25,deg,d4SigUU,0.00754683,nb GeV^-4,0.00517272,0.00313872,CLAS,e-,5.88,p,0.938272088
450,0.156,-0.864,1.428,217.7,25,deg,d4SigUU,0.00797954,nb GeV^-4,0.00290502,0.000698303,CLAS,e-,5.88,p,0.938272088
451,0.156,-0.864,1.428,232.8,25,deg,d4SigUU,0.00748529,nb GeV^-4,0.0021696,0.00235297,CLAS,e-,5.88,p,0.938272088
452,0.156,-0.865,1.428,247.8,25,deg,d4SigUU,0.0133572,nb GeV^-4,0.00231703,0.00451402,CLAS,e-,5.88,p,0.938272088
453,0.156,-0.865,1.427,262.9,25,deg,d4SigUU,0.0233869,nb GeV^-4,0.00347448,0.00187929,CLAS,e-,5.88,p,0.938272088
454,0.156,-0.865,1.427,278,25,deg,d4SigUU,0.0275822,nb GeV^-4,0.00298372,0.0023459,CLAS,e-,5.88,p,0.938272088
455,0.156,-0.864,1.427,293.1,25,deg,d4SigUU,0.0372962,nb GeV^-4,0.00378245,0.0038068,CLAS,e-,5.88,p,0.938272088
456,0.156,-0.864,1.426,308.2,25,deg,d4SigUU,0.0541785,nb GeV^-4,0.00494046,0.00508403,CLAS,e-,5.88,p,0.938272088
457,0.156,-0.862,1.426,323.2,25,deg,d4SigUU,0.103542,nb GeV^-4,0.00720686,0.00940181,CLAS,e-,5.88,p,0.938272088
458,0.156,-0.858,1.426,338.1,25,deg,d4SigUU,0.163527,nb GeV^-4,0.00860597,0.0105308,CLAS,e-,5.88,p,0.938272088
459,0.156,-0.869,1.422,352.5,25,deg,d4SigUU,0.176116,nb GeV^-4,0.0108913,0.0118132,CLAS,e-,5.88,p,0.938272088
460,0.156,-1.382,1.424,7.3,26,deg,d4SigUU,0.0301036,nb GeV^-4,0.00262102,0.00221759,CLAS,e-,5.88,p,0.938272088
461,0.156,-1.381,1.425,22,26,deg,d4SigUU,0.0227179,nb GeV^-4,0.0021818,0.00206423,CLAS,e-,5.88,p,0.938272088
462,0.156,-1.381,1.426,36.9,26,deg,d4SigUU,0.0160933,nb GeV^-4,0.00194145,0.00110962,CLAS,e-,5.88,p,0.938272088
463,0.156,-1.38,1.426,51.9,26,deg,d4SigUU,0.0103624,nb GeV^-4,0.001206,0.000753071,CLAS,e-,5.88,p,0.938272088
464,0.156,-1.38,1.427,66.9,26,deg,d4SigUU,0.00616011,nb GeV^-4,0.00128557,0.000561487,CLAS,e-,5.88,p,0.938272088
465,0.156,-1.38,1.428,82,26,deg,d4SigUU,0.0104516,nb GeV^-4,0.0031523,0.00122891,CLAS,e-,5.88,p,0.938272088
466,0.156,-1.379,1.428,97,26,deg,d4SigUU,0.00578335,nb GeV^-4,0.00195607,0.000961658,CLAS,e-,5.88,p,0.938272088
467,0.156,-1.379,1.428,247.9,26,deg,d4SigUU,0.00534491,nb GeV^-4,0.00293571,0.000497027,CLAS,e-,5.88,p,0.938272088
468,0.156,-1.379,1.428,263,26,deg,d4SigUU,0.0038741,nb GeV^-4,0.00115288,0.000512155,CLAS,e-,5.88,p,0.938272088
469,0.156,-1.38,1.428,278,26,deg,d4SigUU,0.00414561,nb GeV^-4,0.000881777,0.00160725,CLAS,e-,5.88,p,0.938272088
470,0.156,-1.38,1.427,293.1,26,deg,d4SigUU,0.00566156,nb GeV^-4,0.000940092,0.00078235,CLAS,e-,5.88,p,0.938272088
471,0.156,-1.381,1.426,323.1,26,deg,d4SigUU,0.0193211,nb GeV^-4,0.00228207,0.00161606,CLAS,e-,5.88,p,0.938272088
472,0.156,-1.381,1.425,338,26,deg,d4SigUU,0.0205561,nb GeV^-4,0.00181047,0.00177627,CLAS,e-,5.88,p,0.938272088
473,0.156,-1.382,1.424,352.7,26,deg,d4SigUU,0.0324469,nb GeV^-4,0.00243686,0.108316,CLAS,e-,5.88,p,0.938272088
474,0.184,-0.109,1.484,7.5,27,deg,d4SigUU,3.28944,nb GeV^-4,0.230949,0.410019,CLAS,e-,5.88,p,0.938272088
475,0.184,-0.109,1.483,22.3,27,deg,d4SigUU,3.75378,nb GeV^-4,0.179514,0.239285,CLAS,e-,5.88,p,0.938272088
476,0.184,-0.109,1.484,37.1,27,deg,d4SigUU,3.13625,nb GeV^-4,0.131461,0.188665,CLAS,e-,5.88,p,0.938272088
477,0.184,-0.109,1.485,52.1,27,deg,d4SigUU,2.39009,nb GeV^-4,0.123423,0.151942,CLAS,e-,5.88,p,0.938272088
478,0.184,-0.109,1.486,67.1,27,deg,d4SigUU,1.58261,nb GeV^-4,0.116797,0.29095,CLAS,e-,5.88,p,0.938272088
479,0.184,-0.109,1.486,82.1,27,deg,d4SigUU,1.31686,nb GeV^-4,0.10462,0.101274,CLAS,e-,5.88,p,0.938272088
480,0.184,-0.108,1.487,97.2,27,deg,d4SigUU,1.32584,nb GeV^-4,0.105013,0.103547,CLAS,e-,5.88,p,0.938272088
481,0.184,-0.108,1.487,112.2,27,deg,d4SigUU,1.01569,nb GeV^-4,0.0920484,0.0777663,CLAS,e-,5.88,p,0.938272088
482,0.184,-0.108,1.487,127.3,27,deg,d4SigUU,0.809564,nb GeV^-4,0.103675,0.0561801,CLAS,e-,5.88,p,0.938272088
483,0.184,-0.108,1.487,142.3,27,deg,d4SigUU,0.841645,nb GeV^-4,0.103523,0.0838599,CLAS,e-,5.88,p,0.938272088
484,0.184,-0.108,1.487,157.4,27,deg,d4SigUU,0.556645,nb GeV^-4,0.0585616,0.0544233,CLAS,e-,5.88,p,0.938272088
485,0.184,-0.108,1.487,172.5,27,deg,d4SigUU,0.727001,nb GeV^-4,0.1114,0.0717127,CLAS,e-,5.88,p,0.938272088
486,0.184,-0.108,1.487,187.5,27,deg,d4SigUU,0.545443,nb GeV^-4,0.0872943,0.0557602,CLAS,e-,5.88,p,0.938272088
487,0.184,-0.108,1.487,202.6,27,deg,d4SigUU,0.475303,nb GeV^-4,0.0529145,0.037258,CLAS,e-,5.88,p,0.938272088
488,0.184,-0.108,1.487,232.7,27,deg,d4SigUU,0.620703,nb GeV^-4,0.0690745,0.131646,CLAS,e-,5.88,p,0.938272088
489,0.184,-0.108,1.487,247.8,27,deg,d4SigUU,0.957045,nb GeV^-4,0.0866958,0.0731978,CLAS,e-,5.88,p,0.938272088
490,0.184,-0.108,1.487,262.8,27,deg,d4SigUU,0.968188,nb GeV^-4,0.0678608,0.0705122,CLAS,e-,5.88,p,0.938272088
491,0.184,-0.109,1.486,277.9,27,deg,d4SigUU,1.28689,nb GeV^-4,0.0909638,0.10627,CLAS,e-,5.88,p,0.938272088
492,0.184,-0.109,1.486,292.9,27,deg,d4SigUU,1.74508,nb GeV^-4,0.124364,0.141811,CLAS,e-,5.88,p,0.938272088
493,0.184,-0.109,1.485,307.9,27,deg,d4SigUU,2.41738,nb GeV^-4,0.134863,0.189211,CLAS,e-,5.88,p,0.938272088
494,0.184,-0.109,1.484,322.9,27,deg,d4SigUU,2.64329,nb GeV^-4,0.111599,0.242508,CLAS,e-,5.88,p,0.938272088
495,0.184,-0.109,1.483,337.7,27,deg,d4SigUU,3.8471,nb GeV^-4,0.191316,0.239917,CLAS,e-,5.88,p,0.938272088
496,0.186,-0.152,1.487,22.8,28,deg,d4SigUU,3.10962,nb GeV^-4,0.246056,0.185399,CLAS,e-,5.88,p,0.938272088
497,0.184,-0.154,1.485,37,28,deg,d4SigUU,2.08288,nb GeV^-4,0.0752912,0.12945,CLAS,e-,5.88,p,0.938272088
498,0.184,-0.154,1.486,52,28,deg,d4SigUU,1.52767,nb GeV^-4,0.0627883,0.0920675,CLAS,e-,5.88,p,0.938272088
499,0.184,-0.153,1.486,67,28,deg,d4SigUU,1.15675,nb GeV^-4,0.0694125,0.0754447,CLAS,e-,5.88,p,0.938272088
500,0.184,-0.153,1.487,82.1,28,deg,d4SigUU,0.817788,nb GeV^-4,0.0522498,0.0783697,CLAS,e-,5.88,p,0.938272088
501,0.184,-0.153,1.487,97.1,28,deg,d4SigUU,0.732793,nb GeV^-4,0.0472686,0.0571351,CLAS,e-,5.88,p,0.938272088
502,0.184,-0.153,1.488,112.2,28,deg,d4SigUU,0.487856,nb GeV^-4,0.0343118,0.0365552,CLAS,e-,5.88,p,0.938272088
503,0.184,-0.153,1.488,127.3,28,deg,d4SigUU,0.42553,nb GeV^-4,0.0435837,0.03417,CLAS,e-,5.88,p,0.938272088
504,0.184,-0.153,1.488,142.3,28,deg,d4SigUU,0.446953,nb GeV^-4,0.0462026,0.0418725,CLAS,e-,5.88,p,0.938272088
505,0.184,-0.153,1.488,157.4,28,deg,d4SigUU,0.362969,nb GeV^-4,0.0364586,0.0269081,CLAS,e-,5.88,p,0.938272088
506,0.184,-0.153,1.488,172.5,28,deg,d4SigUU,0.332098,nb GeV^-4,0.037159,0.0357996,CLAS,e-,5.88,p,0.938272088
507,0.184,-0.153,1.488,187.5,28,deg,d4SigUU,0.4918,nb GeV^-4,0.0675637,0.0882995,CLAS,e-,5.88,p,0.938272088
508,0.184,-0.153,1.488,202.6,28,deg,d4SigUU,0.40393,nb GeV^-4,0.0394029,0.0263862,CLAS,e-,5.88,p,0.938272088
509,0.184,-0.153,1.488,217.7,28,deg,d4SigUU,0.367013,nb GeV^-4,0.0310961,0.0355805,CLAS,e-,5.88,p,0.938272088
510,0.184,-0.153,1.488,232.7,28,deg,d4SigUU,0.578329,nb GeV^-4,0.0614431,0.0578508,CLAS,e-,5.88,p,0.938272088
511,0.184,-0.153,1.488,247.8,28,deg,d4SigUU,0.536947,nb GeV^-4,0.0444069,0.0464176,CLAS,e-,5.88,p,0.938272088
512,0.184,-0.153,1.487,262.9,28,deg,d4SigUU,0.807568,nb GeV^-4,0.0548771,0.0729691,CLAS,e-,5.88,p,0.938272088
513,0.184,-0.153,1.487,277.9,28,deg,d4SigUU,0.819479,nb GeV^-4,0.0495739,0.0731857,CLAS,e-,5.88,p,0.938272088
514,0.184,-0.153,1.486,293,28,deg,d4SigUU,1.25091,nb GeV^-4,0.0841325,0.08221,CLAS,e-,5.88,p,0.938272088
515,0.184,-0.154,1.486,308,28,deg,d4SigUU,1.73863,nb GeV^-4,0.0822552,0.106801,CLAS,e-,5.88,p,0.938272088
516,0.184,-0.154,1.485,323,28,deg,d4SigUU,2.20586,nb GeV^-4,0.0865837,0.176398,CLAS,e-,5.88,p,0.938272088
517,0.186,-0.152,1.487,337.2,28,deg,d4SigUU,2.65737,nb GeV^-4,0.196097,0.390994,CLAS,e-,5.88,p,0.938272088
518,0.184,-0.204,1.485,37,29,deg,d4SigUU,2.06926,nb GeV^-4,0.0885157,0.122799,CLAS,e-,5.88,p,0.938272088
519,0.184,-0.204,1.486,51.9,29,deg,d4SigUU,1.42709,nb GeV^-4,0.0666246,0.0860191,CLAS,e-,5.88,p,0.938272088
520,0.184,-0.203,1.487,67,29,deg,d4SigUU,0.923835,nb GeV^-4,0.0619946,0.0563769,CLAS,e-,5.88,p,0.938272088
521,0.184,-0.203,1.487,82,29,deg,d4SigUU,0.48685,nb GeV^-4,0.03603,0.0464621,CLAS,e-,5.88,p,0.938272088
522,0.184,-0.203,1.488,97.1,29,deg,d4SigUU,0.409777,nb GeV^-4,0.0324122,0.0370336,CLAS,e-,5.88,p,0.938272088
523,0.184,-0.203,1.488,112.2,29,deg,d4SigUU,0.295093,nb GeV^-4,0.0249324,0.0232547,CLAS,e-,5.88,p,0.938272088
524,0.184,-0.203,1.488,127.2,29,deg,d4SigUU,0.390845,nb GeV^-4,0.0471923,0.0351778,CLAS,e-,5.88,p,0.938272088
525,0.184,-0.203,1.488,142.3,29,deg,d4SigUU,0.319135,nb GeV^-4,0.0425409,0.0268692,CLAS,e-,5.88,p,0.938272088
526,0.184,-0.203,1.488,157.4,29,deg,d4SigUU,0.258765,nb GeV^-4,0.027938,0.0210493,CLAS,e-,5.88,p,0.938272088
527,0.184,-0.203,1.489,172.5,29,deg,d4SigUU,0.205677,nb GeV^-4,0.0287346,0.024005,CLAS,e-,5.88,p,0.938272088
528,0.184,-0.203,1.489,187.5,29,deg,d4SigUU,0.242818,nb GeV^-4,0.0373018,0.0317449,CLAS,e-,5.88,p,0.938272088
529,0.184,-0.203,1.488,202.6,29,deg,d4SigUU,0.175182,nb GeV^-4,0.0215793,0.0178006,CLAS,e-,5.88,p,0.938272088
530,0.184,-0.203,1.488,217.7,29,deg,d4SigUU,0.194034,nb GeV^-4,0.0185819,0.0206937,CLAS,e-,5.88,p,0.938272088
531,0.184,-0.203,1.488,232.8,29,deg,d4SigUU,0.284512,nb GeV^-4,0.0288521,0.0242733,CLAS,e-,5.88,p,0.938272088
532,0.184,-0.203,1.488,247.8,29,deg,d4SigUU,0.334776,nb GeV^-4,0.033267,0.0346595,CLAS,e-,5.88,p,0.938272088
533,0.184,-0.203,1.488,262.9,29,deg,d4SigUU,0.429924,nb GeV^-4,0.0338557,0.0324024,CLAS,e-,5.88,p,0.938272088
534,0.184,-0.203,1.487,278,29,deg,d4SigUU,0.67346,nb GeV^-4,0.0469023,0.0512429,CLAS,e-,5.88,p,0.938272088
535,0.184,-0.203,1.487,293,29,deg,d4SigUU,0.748798,nb GeV^-4,0.049752,0.0569677,CLAS,e-,5.88,p,0.938272088
536,0.184,-0.204,1.486,308.1,29,deg,d4SigUU,1.59171,nb GeV^-4,0.0917871,0.123409,CLAS,e-,5.88,p,0.938272088
537,0.184,-0.204,1.485,323,29,deg,d4SigUU,2.0552,nb GeV^-4,0.0922943,0.193016,CLAS,e-,5.88,p,0.938272088
538,0.185,-0.263,1.486,37.1,30,deg,d4SigUU,1.52515,nb GeV^-4,0.0706655,0.090277,CLAS,e-,5.88,p,0.938272088
539,0.184,-0.262,1.486,51.8,30,deg,d4SigUU,1.02187,nb GeV^-4,0.0475091,0.0661437,CLAS,e-,5.88,p,0.938272088
540,0.184,-0.262,1.487,66.9,30,deg,d4SigUU,0.453811,nb GeV^-4,0.0305706,0.0372858,CLAS,e-,5.88,p,0.938272088
541,0.184,-0.262,1.488,82,30,deg,d4SigUU,0.37782,nb GeV^-4,0.0299837,0.0300294,CLAS,e-,5.88,p,0.938272088
542,0.184,-0.262,1.488,97.1,30,deg,d4SigUU,0.300346,nb GeV^-4,0.0240259,0.0190453,CLAS,e-,5.88,p,0.938272088
543,0.184,-0.262,1.488,112.2,30,deg,d4SigUU,0.171282,nb GeV^-4,0.0160219,0.0165287,CLAS,e-,5.88,p,0.938272088
544,0.184,-0.262,1.488,127.2,30,deg,d4SigUU,0.25257,nb GeV^-4,0.0291516,0.0251537,CLAS,e-,5.88,p,0.938272088
545,0.184,-0.262,1.489,142.3,30,deg,d4SigUU,0.160696,nb GeV^-4,0.0208445,0.0207225,CLAS,e-,5.88,p,0.938272088
546,0.184,-0.262,1.489,157.4,30,deg,d4SigUU,0.124948,nb GeV^-4,0.0158302,0.0139334,CLAS,e-,5.88,p,0.938272088
547,0.184,-0.262,1.489,172.5,30,deg,d4SigUU,0.135011,nb GeV^-4,0.0177096,0.0137982,CLAS,e-,5.88,p,0.938272088
548,0.184,-0.262,1.489,187.5,30,deg,d4SigUU,0.209902,nb GeV^-4,0.0418919,0.0231595,CLAS,e-,5.88,p,0.938272088
549,0.184,-0.262,1.489,202.6,30,deg,d4SigUU,0.170095,nb GeV^-4,0.0208185,0.0104481,CLAS,e-,5.88,p,0.938272088
550,0.184,-0.262,1.489,217.7,30,deg,d4SigUU,0.181883,nb GeV^-4,0.0176753,0.0145713,CLAS,e-,5.88,p,0.938272088
551,0.184,-0.262,1.488,232.8,30,deg,d4SigUU,0.187333,nb GeV^-4,0.0206391,0.0181577,CLAS,e-,5.88,p,0.938272088
552,0.184,-0.262,1.488,247.8,30,deg,d4SigUU,0.223142,nb GeV^-4,0.0249743,0.0332882,CLAS,e-,5.88,p,0.938272088
553,0.184,-0.262,1.488,262.9,30,deg,d4SigUU,0.25233,nb GeV^-4,0.0208095,0.0189814,CLAS,e-,5.88,p,0.938272088
554,0.184,-0.262,1.488,278,30,deg,d4SigUU,0.309024,nb GeV^-4,0.0222433,0.0213872,CLAS,e-,5.88,p,0.938272088
555,0.184,-0.262,1.487,293.1,30,deg,d4SigUU,0.482578,nb GeV^-4,0.0333866,0.0359799,CLAS,e-,5.88,p,0.938272088
556,0.184,-0.262,1.486,308.2,30,deg,d4SigUU,0.896217,nb GeV^-4,0.0510642,0.0565576,CLAS,e-,5.88,p,0.938272088
557,0.185,-0.263,1.486,322.9,30,deg,d4SigUU,1.36954,nb GeV^-4,0.0695186,5.59949,CLAS,e-,5.88,p,0.938272088
558,0.185,-0.342,1.486,37,31,deg,d4SigUU,1.19535,nb GeV^-4,0.06268,0.0707411,CLAS,e-,5.88,p,0.938272088
559,0.184,-0.341,1.487,51.7,31,deg,d4SigUU,0.557466,nb GeV^-4,0.0270412,0.033659,CLAS,e-,5.88,p,0.938272088
560,0.184,-0.341,1.487,66.8,31,deg,d4SigUU,0.389085,nb GeV^-4,0.0301257,0.0276135,CLAS,e-,5.88,p,0.938272088
561,0.184,-0.341,1.488,82,31,deg,d4SigUU,0.25907,nb GeV^-4,0.0244906,0.0184454,CLAS,e-,5.88,p,0.938272088
562,0.184,-0.34,1.488,97.1,31,deg,d4SigUU,0.163882,nb GeV^-4,0.0156267,0.0102981,CLAS,e-,5.88,p,0.938272088
563,0.184,-0.34,1.489,112.1,31,deg,d4SigUU,0.128182,nb GeV^-4,0.012521,0.0105091,CLAS,e-,5.88,p,0.938272088
564,0.184,-0.34,1.489,127.2,31,deg,d4SigUU,0.0980256,nb GeV^-4,0.0130917,0.017962,CLAS,e-,5.88,p,0.938272088
565,0.184,-0.34,1.489,142.3,31,deg,d4SigUU,0.118775,nb GeV^-4,0.0217824,0.0282944,CLAS,e-,5.88,p,0.938272088
566,0.184,-0.34,1.489,157.4,31,deg,d4SigUU,0.0612371,nb GeV^-4,0.0124094,0.00869434,CLAS,e-,5.88,p,0.938272088
567,0.184,-0.34,1.489,172.5,31,deg,d4SigUU,0.0682383,nb GeV^-4,0.0144192,0.00538046,CLAS,e-,5.88,p,0.938272088
568,0.184,-0.34,1.489,187.5,31,deg,d4SigUU,0.0804228,nb GeV^-4,0.0220481,0.0594533,CLAS,e-,5.88,p,0.938272088
569,0.184,-0.34,1.489,202.6,31,deg,d4SigUU,0.0954823,nb GeV^-4,0.0166632,0.0110706,CLAS,e-,5.88,p,0.938272088
570,0.184,-0.34,1.489,217.7,31,deg,d4SigUU,0.104906,nb GeV^-4,0.0136349,0.00808048,CLAS,e-,5.88,p,0.938272088
571,0.184,-0.34,1.489,232.8,31,deg,d4SigUU,0.104819,nb GeV^-4,0.0115922,0.00748625,CLAS,e-,5.88,p,0.938272088
572,0.184,-0.34,1.489,247.9,31,deg,d4SigUU,0.110471,nb GeV^-4,0.0129672,0.0180182,CLAS,e-,5.88,p,0.938272088
573,0.184,-0.34,1.488,262.9,31,deg,d4SigUU,0.206697,nb GeV^-4,0.02087,0.0174241,CLAS,e-,5.88,p,0.938272088
574,0.184,-0.341,1.488,278,31,deg,d4SigUU,0.277298,nb GeV^-4,0.0257022,0.0173225,CLAS,e-,5.88,p,0.938272088
575,0.184,-0.341,1.487,293.2,31,deg,d4SigUU,0.306109,nb GeV^-4,0.0231713,0.0201424,CLAS,e-,5.88,p,0.938272088
576,0.184,-0.341,1.487,308.3,31,deg,d4SigUU,0.60408,nb GeV^-4,0.0384046,0.0470825,CLAS,e-,5.88,p,0.938272088
577,0.185,-0.342,1.486,323,31,deg,d4SigUU,1.1944,nb GeV^-4,0.0701252,0.0816872,CLAS,e-,5.88,p,0.938272088
578,0.185,-0.449,1.486,36.6,32,deg,d4SigUU,0.715606,nb GeV^-4,0.0363825,0.0477631,CLAS,e-,5.88,p,0.938272088
579,0.184,-0.448,1.487,51.6,32,deg,d4SigUU,0.297769,nb GeV^-4,0.0161807,0.0208697,CLAS,e-,5.88,p,0.938272088
580,0.184,-0.447,1.488,66.8,32,deg,d4SigUU,0.221993,nb GeV^-4,0.0180009,0.0150444,CLAS,e-,5.88,p,0.938272088
581,0.184,-0.447,1.488,81.9,32,deg,d4SigUU,0.223873,nb GeV^-4,0.0272361,0.0137797,CLAS,e-,5.88,p,0.938272088
582,0.184,-0.447,1.488,97,32,deg,d4SigUU,0.105894,nb GeV^-4,0.01154,0.00746317,CLAS,e-,5.88,p,0.938272088
583,0.184,-0.447,1.489,112.1,32,deg,d4SigUU,0.0579954,nb GeV^-4,0.00674124,0.00485468,CLAS,e-,5.88,p,0.938272088
584,0.184,-0.447,1.489,127.2,32,deg,d4SigUU,0.0414588,nb GeV^-4,0.00696707,0.00587451,CLAS,e-,5.88,p,0.938272088
585,0.184,-0.447,1.489,142.3,32,deg,d4SigUU,0.0339362,nb GeV^-4,0.0111152,0.00375045,CLAS,e-,5.88,p,0.938272088
586,0.184,-0.447,1.489,157.4,32,deg,d4SigUU,0.0465566,nb GeV^-4,0.0165111,0.00306094,CLAS,e-,5.88,p,0.938272088
587,0.184,-0.447,1.489,172.5,32,deg,d4SigUU,0.0478106,nb GeV^-4,0.028732,0.0247833,CLAS,e-,5.88,p,0.938272088
588,0.184,-0.447,1.489,187.5,32,deg,d4SigUU,0.171243,nb GeV^-4,0.141428,0.0666976,CLAS,e-,5.88,p,0.938272088
589,0.184,-0.447,1.489,202.6,32,deg,d4SigUU,0.0357088,nb GeV^-4,0.0131957,0.0028992,CLAS,e-,5.88,p,0.938272088
590,0.184,-0.447,1.489,217.7,32,deg,d4SigUU,0.0394791,nb GeV^-4,0.00836473,0.0090769,CLAS,e-,5.88,p,0.938272088
591,0.184,-0.447,1.489,232.8,32,deg,d4SigUU,0.0637464,nb GeV^-4,0.0109257,0.00530031,CLAS,e-,5.88,p,0.938272088
592,0.184,-0.447,1.489,247.9,32,deg,d4SigUU,0.074471,nb GeV^-4,0.0105654,0.0119762,CLAS,e-,5.88,p,0.938272088
593,0.184,-0.447,1.488,263,32,deg,d4SigUU,0.0928379,nb GeV^-4,0.0108062,0.0108868,CLAS,e-,5.88,p,0.938272088
594,0.184,-0.447,1.488,278.1,32,deg,d4SigUU,0.142844,nb GeV^-4,0.0142544,0.009403,CLAS,e-,5.88,p,0.938272088
595,0.184,-0.447,1.488,293.2,32,deg,d4SigUU,0.173117,nb GeV^-4,0.0145249,0.0129338,CLAS,e-,5.88,p,0.938272088
596,0.184,-0.448,1.487,308.4,32,deg,d4SigUU,0.334097,nb GeV^-4,0.0251787,0.0265193,CLAS,e-,5.88,p,0.938272088
597,0.185,-0.449,1.486,323.4,32,deg,d4SigUU,0.659438,nb GeV^-4,0.0373938,0.0509001,CLAS,e-,5.88,p,0.938272088
598,0.185,-0.604,1.487,36.4,33,deg,d4SigUU,0.330055,nb GeV^-4,0.016408,0.0195907,CLAS,e-,5.88,p,0.938272088
599,0.185,-0.605,1.487,51.6,33,deg,d4SigUU,0.180894,nb GeV^-4,0.0114855,0.0120836,CLAS,e-,5.88,p,0.938272088
600,0.185,-0.605,1.488,66.8,33,deg,d4SigUU,0.107257,nb GeV^-4,0.0103484,0.0106089,CLAS,e-,5.88,p,0.938272088
601,0.185,-0.604,1.488,81.9,33,deg,d4SigUU,0.0624621,nb GeV^-4,0.00791255,0.0070787,CLAS,e-,5.88,p,0.938272088
602,0.185,-0.604,1.489,97,33,deg,d4SigUU,0.0434268,nb GeV^-4,0.00559205,0.00473662,CLAS,e-,5.88,p,0.938272088
603,0.185,-0.604,1.489,112.1,33,deg,d4SigUU,0.0382704,nb GeV^-4,0.00691336,0.006402,CLAS,e-,5.88,p,0.938272088
604,0.185,-0.604,1.489,127.2,33,deg,d4SigUU,0.0152251,nb GeV^-4,0.00670513,0.00295987,CLAS,e-,5.88,p,0.938272088
605,0.185,-0.604,1.489,232.8,33,deg,d4SigUU,0.0366838,nb GeV^-4,0.0134555,0.00349622,CLAS,e-,5.88,p,0.938272088
606,0.185,-0.604,1.489,247.9,33,deg,d4SigUU,0.046155,nb GeV^-4,0.0124082,0.00692869,CLAS,e-,5.88,p,0.938272088
607,0.185,-0.604,1.489,263,33,deg,d4SigUU,0.0372058,nb GeV^-4,0.00545785,0.00381901,CLAS,e-,5.88,p,0.938272088
608,0.185,-0.604,1.488,278.1,33,deg,d4SigUU,0.0790464,nb GeV^-4,0.00816828,0.00656794,CLAS,e-,5.88,p,0.938272088
609,0.185,-0.605,1.488,293.2,33,deg,d4SigUU,0.122315,nb GeV^-4,0.0109594,0.00823685,CLAS,e-,5.88,p,0.938272088
610,0.185,-0.605,1.487,308.4,33,deg,d4SigUU,0.195961,nb GeV^-4,0.0165785,0.0170588,CLAS,e-,5.88,p,0.938272088
611,0.185,-0.604,1.487,323.6,33,deg,d4SigUU,0.335623,nb GeV^-4,0.0198152,0.147649,CLAS,e-,5.88,p,0.938272088
612,0.185,-0.875,1.484,22.2,34,deg,d4SigUU,0.217187,nb GeV^-4,0.0153666,0.0241194,CLAS,e-,5.88,p,0.938272088
613,0.185,-0.864,1.487,36.5,34,deg,d4SigUU,0.111586,nb GeV^-4,0.00706337,0.00811829,CLAS,e-,5.88,p,0.938272088
614,0.185,-0.866,1.488,51.6,34,deg,d4SigUU,0.0728857,nb GeV^-4,0.00627601,0.00476842,CLAS,e-,5.88,p,0.938272088
615,0.185,-0.866,1.488,66.8,34,deg,d4SigUU,0.0388885,nb GeV^-4,0.00426788,0.00264114,CLAS,e-,5.88,p,0.938272088
616,0.185,-0.866,1.489,81.9,34,deg,d4SigUU,0.0231184,nb GeV^-4,0.00502535,0.00250383,CLAS,e-,5.88,p,0.938272088
617,0.185,-0.866,1.489,97,34,deg,d4SigUU,0.0219298,nb GeV^-4,0.00651636,0.00130649,CLAS,e-,5.88,p,0.938272088
618,0.184,-0.865,1.489,112.1,34,deg,d4SigUU,0.0040231,nb GeV^-4,0.0034112,0.00169495,CLAS,e-,5.88,p,0.938272088
619,0.185,-0.865,1.49,187.5,34,deg,d4SigUU,0.0186404,nb GeV^-4,0.0115521,0.00108691,CLAS,e-,5.88,p,0.938272088
620,0.184,-0.865,1.489,247.9,34,deg,d4SigUU,0.0353135,nb GeV^-4,0.0311351,0.0029905,CLAS,e-,5.88,p,0.938272088
621,0.185,-0.866,1.489,263,34,deg,d4SigUU,0.0276868,nb GeV^-4,0.00790741,0.00353932,CLAS,e-,5.88,p,0.938272088
622,0.185,-0.866,1.489,278.1,34,deg,d4SigUU,0.022447,nb GeV^-4,0.00273102,0.00219766,CLAS,e-,5.88,p,0.938272088
623,0.185,-0.866,1.488,293.2,34,deg,d4SigUU,0.03003,nb GeV^-4,0.00317366,0.00290714,CLAS,e-,5.88,p,0.938272088
624,0.185,-0.866,1.488,308.4,34,deg,d4SigUU,0.0795325,nb GeV^-4,0.0086881,0.00584131,CLAS,e-,5.88,p,0.938272088
625,0.185,-0.864,1.487,323.5,34,deg,d4SigUU,0.116053,nb GeV^-4,0.0083238,0.00824489,CLAS,e-,5.88,p,0.938272088
626,0.185,-0.875,1.484,337.8,34,deg,d4SigUU,0.194939,nb GeV^-4,0.0114455,0.0160233,CLAS,e-,5.88,p,0.938272088
627,0.186,-1.38,1.485,7.1,35,deg,d4SigUU,0.0594428,nb GeV^-4,0.00415642,0.00396321,CLAS,e-,5.88,p,0.938272088
628,0.185,-1.381,1.486,21.7,35,deg,d4SigUU,0.0325479,nb GeV^-4,0.00322424,0.00261504,CLAS,e-,5.88,p,0.938272088
629,0.185,-1.382,1.487,36.6,35,deg,d4SigUU,0.0233379,nb GeV^-4,0.00290519,0.00180037,CLAS,e-,5.88,p,0.938272088
630,0.185,-1.382,1.488,51.6,35,deg,d4SigUU,0.0091347,nb GeV^-4,0.00123394,0.000860202,CLAS,e-,5.88,p,0.938272088
631,0.185,-1.382,1.489,66.8,35,deg,d4SigUU,0.00534475,nb GeV^-4,0.00102807,0.000464668,CLAS,e-,5.88,p,0.938272088
632,0.185,-1.382,1.489,293.2,35,deg,d4SigUU,0.0049328,nb GeV^-4,0.00138763,0.000392729,CLAS,e-,5.88,p,0.938272088
633,0.185,-1.382,1.488,308.4,35,deg,d4SigUU,0.0115206,nb GeV^-4,0.00231011,0.00085681,CLAS,e-,5.88,p,0.938272088
634,0.185,-1.382,1.487,323.4,35,deg,d4SigUU,0.0186015,nb GeV^-4,0.00214003,0.00159873,CLAS,e-,5.88,p,0.938272088
635,0.185,-1.381,1.486,338.3,35,deg,d4SigUU,0.0291869,nb GeV^-4,0.00214552,0.00211244,CLAS,e-,5.88,p,0.938272088
636,0.186,-1.38,1.485,352.9,35,deg,d4SigUU,0.0512286,nb GeV^-4,0.00317188,8.44786,CLAS,e-,5.88,p,0.938272088
637,0.185,-0.109,1.667,52.3,35,deg,d4SigUU,2.9335,nb GeV^-4,0.146793,0.194202,CLAS,e-,5.88,p,0.938272088
638,0.185,-0.109,1.669,67.1,35,deg,d4SigUU,2.35012,nb GeV^-4,0.126924,0.307378,CLAS,e-,5.88,p,0.938272088
639,0.185,-0.109,1.67,82.1,35,deg,d4SigUU,1.47206,nb GeV^-4,0.0760767,0.0931836,CLAS,e-,5.88,p,0.938272088
640,0.185,-0.108,1.67,97.2,35,deg,d4SigUU,1.37317,nb GeV^-4,0.0722658,0.103467,CLAS,e-,5.88,p,0.938272088
641,0.185,-0.108,1.671,112.2,35,deg,d4SigUU,1.11989,nb GeV^-4,0.0737046,0.0694658,CLAS,e-,5.88,p,0.938272088
642,0.185,-0.108,1.671,127.3,35,deg,d4SigUU,0.798638,nb GeV^-4,0.0693409,0.0499972,CLAS,e-,5.88,p,0.938272088
643,0.185,-0.108,1.671,142.3,35,deg,d4SigUU,0.751271,nb GeV^-4,0.0610523,0.051182,CLAS,e-,5.88,p,0.938272088
644,0.185,-0.108,1.672,157.4,35,deg,d4SigUU,0.744428,nb GeV^-4,0.0614999,0.0585948,CLAS,e-,5.88,p,0.938272088
645,0.185,-0.108,1.672,172.5,35,deg,d4SigUU,0.77178,nb GeV^-4,0.0817304,0.0850125,CLAS,e-,5.88,p,0.938272088
646,0.185,-0.108,1.672,187.5,35,deg,d4SigUU,0.765986,nb GeV^-4,0.0759959,0.0601771,CLAS,e-,5.88,p,0.938272088
647,0.185,-0.108,1.672,202.6,35,deg,d4SigUU,0.665393,nb GeV^-4,0.0485559,0.0463355,CLAS,e-,5.88,p,0.938272088
648,0.185,-0.108,1.671,217.7,35,deg,d4SigUU,0.681043,nb GeV^-4,0.0488079,0.0580324,CLAS,e-,5.88,p,0.938272088
649,0.185,-0.108,1.671,232.7,35,deg,d4SigUU,0.927411,nb GeV^-4,0.0763691,0.0727462,CLAS,e-,5.88,p,0.938272088
650,0.185,-0.108,1.671,247.8,35,deg,d4SigUU,1.0287,nb GeV^-4,0.0703141,0.0709518,CLAS,e-,5.88,p,0.938272088
651,0.185,-0.108,1.67,262.8,35,deg,d4SigUU,1.24106,nb GeV^-4,0.0638951,0.0845553,CLAS,e-,5.88,p,0.938272088
652,0.185,-0.109,1.67,277.9,35,deg,d4SigUU,1.55128,nb GeV^-4,0.0772477,0.108676,CLAS,e-,5.88,p,0.938272088
653,0.185,-0.109,1.669,292.9,35,deg,d4SigUU,2.48029,nb GeV^-4,0.131378,0.268988,CLAS,e-,5.88,p,0.938272088
654,0.185,-0.109,1.667,307.7,35,deg,d4SigUU,2.5311,nb GeV^-4,0.134524,0.192935,CLAS,e-,5.88,p,0.938272088
655,0.185,-0.153,1.666,52.3,36,deg,d4SigUU,1.86628,nb GeV^-4,0.0748847,0.128229,CLAS,e-,5.88,p,0.938272088
656,0.185,-0.153,1.67,67,36,deg,d4SigUU,1.61887,nb GeV^-4,0.0716432,0.120118,CLAS,e-,5.88,p,0.938272088
657,0.185,-0.153,1.67,82.1,36,deg,d4SigUU,1.02129,nb GeV^-4,0.0466724,0.063148,CLAS,e-,5.88,p,0.938272088
658,0.185,-0.153,1.671,97.1,36,deg,d4SigUU,0.837898,nb GeV^-4,0.0416132,0.0579342,CLAS,e-,5.88,p,0.938272088
659,0.185,-0.153,1.671,112.2,36,deg,d4SigUU,0.661163,nb GeV^-4,0.037215,0.0419562,CLAS,e-,5.88,p,0.938272088
660,0.185,-0.153,1.672,127.3,36,deg,d4SigUU,0.520166,nb GeV^-4,0.0359908,0.0719567,CLAS,e-,5.88,p,0.938272088
661,0.185,-0.153,1.672,142.3,36,deg,d4SigUU,0.566751,nb GeV^-4,0.0409774,0.0371843,CLAS,e-,5.88,p,0.938272088
662,0.185,-0.153,1.672,157.4,36,deg,d4SigUU,0.372035,nb GeV^-4,0.0248005,0.031254,CLAS,e-,5.88,p,0.938272088
663,0.185,-0.153,1.672,172.5,36,deg,d4SigUU,0.43972,nb GeV^-4,0.0347317,0.0329519,CLAS,e-,5.88,p,0.938272088
664,0.185,-0.153,1.672,187.5,36,deg,d4SigUU,0.379414,nb GeV^-4,0.0325393,0.0440421,CLAS,e-,5.88,p,0.938272088
665,0.185,-0.153,1.672,202.6,36,deg,d4SigUU,0.37607,nb GeV^-4,0.0245616,0.0289513,CLAS,e-,5.88,p,0.938272088
666,0.185,-0.153,1.672,217.7,36,deg,d4SigUU,0.50044,nb GeV^-4,0.0312663,0.0330754,CLAS,e-,5.88,p,0.938272088
667,0.185,-0.153,1.672,232.7,36,deg,d4SigUU,0.511246,nb GeV^-4,0.0327245,0.0419853,CLAS,e-,5.88,p,0.938272088
668,0.185,-0.153,1.671,247.8,36,deg,d4SigUU,0.793048,nb GeV^-4,0.0491951,0.0795481,CLAS,e-,5.88,p,0.938272088
669,0.185,-0.153,1.671,262.9,36,deg,d4SigUU,0.811855,nb GeV^-4,0.0399171,0.0583588,CLAS,e-,5.88,p,0.938272088
670,0.185,-0.153,1.67,277.9,36,deg,d4SigUU,1.10686,nb GeV^-4,0.0483922,0.0864201,CLAS,e-,5.88,p,0.938272088
671,0.185,-0.153,1.67,293,36,deg,d4SigUU,1.5986,nb GeV^-4,0.0662239,0.138748,CLAS,e-,5.88,p,0.938272088
672,0.185,-0.153,1.666,307.7,36,deg,d4SigUU,2.05273,nb GeV^-4,0.0951512,0.233975,CLAS,e-,5.88,p,0.938272088
673,0.185,-0.204,1.667,52.2,37,deg,d4SigUU,1.68406,nb GeV^-4,0.0623018,0.102348,CLAS,e-,5.88,p,0.938272088
674,0.185,-0.203,1.67,66.9,37,deg,d4SigUU,1.00261,nb GeV^-4,0.0496128,0.0642352,CLAS,e-,5.88,p,0.938272088
675,0.185,-0.203,1.671,82,37,deg,d4SigUU,0.706844,nb GeV^-4,0.0394554,0.049699,CLAS,e-,5.88,p,0.938272088
676,0.185,-0.203,1.671,97.1,37,deg,d4SigUU,0.511262,nb GeV^-4,0.028485,0.0336233,CLAS,e-,5.88,p,0.938272088
677,0.185,-0.203,1.672,112.2,37,deg,d4SigUU,0.417853,nb GeV^-4,0.0277873,0.0260677,CLAS,e-,5.88,p,0.938272088
678,0.185,-0.203,1.672,127.3,37,deg,d4SigUU,0.374089,nb GeV^-4,0.0333194,0.0259358,CLAS,e-,5.88,p,0.938272088
679,0.185,-0.203,1.672,142.3,37,deg,d4SigUU,0.379669,nb GeV^-4,0.0337405,0.0259473,CLAS,e-,5.88,p,0.938272088
680,0.185,-0.203,1.672,157.4,37,deg,d4SigUU,0.292804,nb GeV^-4,0.0228916,0.0189577,CLAS,e-,5.88,p,0.938272088
681,0.185,-0.203,1.673,172.5,37,deg,d4SigUU,0.261419,nb GeV^-4,0.0212409,0.0191043,CLAS,e-,5.88,p,0.938272088
682,0.185,-0.203,1.673,187.5,37,deg,d4SigUU,0.230154,nb GeV^-4,0.0247849,0.0242961,CLAS,e-,5.88,p,0.938272088
683,0.185,-0.203,1.672,202.6,37,deg,d4SigUU,0.330311,nb GeV^-4,0.0280716,0.0249577,CLAS,e-,5.88,p,0.938272088
684,0.185,-0.203,1.672,217.7,37,deg,d4SigUU,0.284906,nb GeV^-4,0.0201994,0.0246125,CLAS,e-,5.88,p,0.938272088
685,0.185,-0.203,1.672,232.7,37,deg,d4SigUU,0.353293,nb GeV^-4,0.0274001,0.0292457,CLAS,e-,5.88,p,0.938272088
686,0.185,-0.203,1.672,247.8,37,deg,d4SigUU,0.40092,nb GeV^-4,0.0304427,0.029478,CLAS,e-,5.88,p,0.938272088
687,0.185,-0.203,1.671,262.9,37,deg,d4SigUU,0.549821,nb GeV^-4,0.0321567,0.0382201,CLAS,e-,5.88,p,0.938272088
688,0.185,-0.203,1.671,278,37,deg,d4SigUU,0.616311,nb GeV^-4,0.0311165,0.0451523,CLAS,e-,5.88,p,0.938272088
689,0.185,-0.203,1.67,293.1,37,deg,d4SigUU,0.890144,nb GeV^-4,0.0432913,0.0685726,CLAS,e-,5.88,p,0.938272088
690,0.185,-0.204,1.667,307.8,37,deg,d4SigUU,1.849,nb GeV^-4,0.0831231,0.34078,CLAS,e-,5.88,p,0.938272088
691,0.185,-0.262,1.668,51.9,38,deg,d4SigUU,0.982343,nb GeV^-4,0.0403822,0.0622148,CLAS,e-,5.88,p,0.938272088
692,0.185,-0.262,1.67,66.9,38,deg,d4SigUU,0.614363,nb GeV^-4,0.030812,0.0427421,CLAS,e-,5.88,p,0.938272088
693,0.185,-0.262,1.671,82,38,deg,d4SigUU,0.460759,nb GeV^-4,0.0276647,0.0369938,CLAS,e-,5.88,p,0.938272088
694,0.185,-0.262,1.671,97.1,38,deg,d4SigUU,0.378025,nb GeV^-4,0.0220177,0.0236077,CLAS,e-,5.88,p,0.938272088
695,0.185,-0.262,1.672,112.2,38,deg,d4SigUU,0.240184,nb GeV^-4,0.0163343,0.0274903,CLAS,e-,5.88,p,0.938272088
696,0.185,-0.262,1.672,127.3,38,deg,d4SigUU,0.245882,nb GeV^-4,0.0211719,0.0165308,CLAS,e-,5.88,p,0.938272088
697,0.185,-0.262,1.672,142.3,38,deg,d4SigUU,0.247512,nb GeV^-4,0.0236451,0.0165376,CLAS,e-,5.88,p,0.938272088
698,0.185,-0.262,1.673,157.4,38,deg,d4SigUU,0.161882,nb GeV^-4,0.0135102,0.0112545,CLAS,e-,5.88,p,0.938272088
699,0.185,-0.262,1.673,172.5,38,deg,d4SigUU,0.160022,nb GeV^-4,0.014506,0.0115253,CLAS,e-,5.88,p,0.938272088
700,0.185,-0.262,1.673,202.6,38,deg,d4SigUU,0.207267,nb GeV^-4,0.0192866,0.0163165,CLAS,e-,5.88,p,0.938272088
701,0.185,-0.262,1.672,217.7,38,deg,d4SigUU,0.189374,nb GeV^-4,0.0144779,0.0125353,CLAS,e-,5.88,p,0.938272088
702,0.185,-0.262,1.672,232.7,38,deg,d4SigUU,0.223164,nb GeV^-4,0.0184453,0.0220707,CLAS,e-,5.88,p,0.938272088
703,0.185,-0.262,1.672,247.8,38,deg,d4SigUU,0.231534,nb GeV^-4,0.0176335,0.0155562,CLAS,e-,5.88,p,0.938272088
704,0.185,-0.262,1.671,262.9,38,deg,d4SigUU,0.262016,nb GeV^-4,0.0160599,0.0199582,CLAS,e-,5.88,p,0.938272088
705,0.185,-0.262,1.671,278,38,deg,d4SigUU,0.420875,nb GeV^-4,0.0224765,0.0283579,CLAS,e-,5.88,p,0.938272088
706,0.185,-0.262,1.67,293.1,38,deg,d4SigUU,0.587613,nb GeV^-4,0.0285638,0.0429899,CLAS,e-,5.88,p,0.938272088
707,0.185,-0.262,1.668,308.1,38,deg,d4SigUU,0.909013,nb GeV^-4,0.0423431,0.25752,CLAS,e-,5.88,p,0.938272088
708,0.185,-0.341,1.669,51.7,39,deg,d4SigUU,0.619032,nb GeV^-4,0.0264973,0.0378147,CLAS,e-,5.88,p,0.938272088
709,0.185,-0.34,1.67,66.9,39,deg,d4SigUU,0.35778,nb GeV^-4,0.0200575,0.0266504,CLAS,e-,5.88,p,0.938272088
710,0.185,-0.34,1.671,82,39,deg,d4SigUU,0.223931,nb GeV^-4,0.0154833,0.0150904,CLAS,e-,5.88,p,0.938272088
711,0.185,-0.34,1.671,97.1,39,deg,d4SigUU,0.195018,nb GeV^-4,0.0133321,0.0135717,CLAS,e-,5.88,p,0.938272088
712,0.185,-0.34,1.672,112.2,39,deg,d4SigUU,0.133492,nb GeV^-4,0.00962561,0.0161829,CLAS,e-,5.88,p,0.938272088
713,0.185,-0.34,1.672,127.2,39,deg,d4SigUU,0.121418,nb GeV^-4,0.0111728,0.0123663,CLAS,e-,5.88,p,0.938272088
714,0.185,-0.34,1.673,142.3,39,deg,d4SigUU,0.108077,nb GeV^-4,0.0114254,0.0128145,CLAS,e-,5.88,p,0.938272088
715,0.185,-0.34,1.673,157.4,39,deg,d4SigUU,0.126433,nb GeV^-4,0.0132859,0.0138992,CLAS,e-,5.88,p,0.938272088
716,0.185,-0.34,1.673,172.5,39,deg,d4SigUU,0.129145,nb GeV^-4,0.014252,0.0100235,CLAS,e-,5.88,p,0.938272088
717,0.185,-0.34,1.673,187.5,39,deg,d4SigUU,0.108858,nb GeV^-4,0.0125383,0.00811651,CLAS,e-,5.88,p,0.938272088
718,0.185,-0.34,1.673,202.6,39,deg,d4SigUU,0.113773,nb GeV^-4,0.01245,0.0105957,CLAS,e-,5.88,p,0.938272088
719,0.185,-0.34,1.673,217.7,39,deg,d4SigUU,0.123479,nb GeV^-4,0.0103454,0.00944347,CLAS,e-,5.88,p,0.938272088
720,0.185,-0.34,1.672,232.8,39,deg,d4SigUU,0.158354,nb GeV^-4,0.0151863,0.0114285,CLAS,e-,5.88,p,0.938272088
721,0.185,-0.34,1.672,247.8,39,deg,d4SigUU,0.163248,nb GeV^-4,0.0144502,0.0102252,CLAS,e-,5.88,p,0.938272088
722,0.185,-0.34,1.671,262.9,39,deg,d4SigUU,0.194845,nb GeV^-4,0.0135625,0.0143,CLAS,e-,5.88,p,0.938272088
723,0.185,-0.34,1.671,278,39,deg,d4SigUU,0.268168,nb GeV^-4,0.0166998,0.0204724,CLAS,e-,5.88,p,0.938272088
724,0.185,-0.34,1.67,293.1,39,deg,d4SigUU,0.37492,nb GeV^-4,0.0209112,0.024449,CLAS,e-,5.88,p,0.938272088
725,0.185,-0.341,1.669,308.3,39,deg,d4SigUU,0.578755,nb GeV^-4,0.0277359,0.0703078,CLAS,e-,5.88,p,0.938272088
726,0.185,-0.447,1.668,51.7,40,deg,d4SigUU,0.344698,nb GeV^-4,0.01546,0.0221994,CLAS,e-,5.88,p,0.938272088
727,0.185,-0.447,1.67,66.9,40,deg,d4SigUU,0.19537,nb GeV^-4,0.0127845,0.013464,CLAS,e-,5.88,p,0.938272088
728,0.185,-0.447,1.67,82,40,deg,d4SigUU,0.16393,nb GeV^-4,0.0127453,0.01491,CLAS,e-,5.88,p,0.938272088
729,0.185,-0.447,1.671,97.1,40,deg,d4SigUU,0.0886448,nb GeV^-4,0.00671366,0.00654877,CLAS,e-,5.88,p,0.938272088
730,0.185,-0.447,1.672,112.2,40,deg,d4SigUU,0.0691359,nb GeV^-4,0.00593063,0.0046574,CLAS,e-,5.88,p,0.938272088
731,0.185,-0.447,1.672,127.2,40,deg,d4SigUU,0.055883,nb GeV^-4,0.00615751,0.00690625,CLAS,e-,5.88,p,0.938272088
732,0.185,-0.447,1.673,142.3,40,deg,d4SigUU,0.064143,nb GeV^-4,0.00819026,0.00972061,CLAS,e-,5.88,p,0.938272088
733,0.185,-0.447,1.673,157.4,40,deg,d4SigUU,0.0523563,nb GeV^-4,0.00594584,0.00857154,CLAS,e-,5.88,p,0.938272088
734,0.185,-0.447,1.673,172.5,40,deg,d4SigUU,0.0520184,nb GeV^-4,0.00650621,0.00402669,CLAS,e-,5.88,p,0.938272088
735,0.185,-0.447,1.673,187.5,40,deg,d4SigUU,0.0435909,nb GeV^-4,0.00550616,0.00846984,CLAS,e-,5.88,p,0.938272088
736,0.185,-0.447,1.673,202.6,40,deg,d4SigUU,0.0804335,nb GeV^-4,0.010491,0.00537904,CLAS,e-,5.88,p,0.938272088
737,0.185,-0.447,1.673,217.7,40,deg,d4SigUU,0.0680639,nb GeV^-4,0.00707983,0.00689516,CLAS,e-,5.88,p,0.938272088
738,0.185,-0.447,1.672,232.8,40,deg,d4SigUU,0.0663489,nb GeV^-4,0.00659884,0.00551717,CLAS,e-,5.88,p,0.938272088
739,0.185,-0.447,1.672,247.8,40,deg,d4SigUU,0.0825874,nb GeV^-4,0.00810639,0.0069411,CLAS,e-,5.88,p,0.938272088
740,0.185,-0.447,1.671,262.9,40,deg,d4SigUU,0.102963,nb GeV^-4,0.00803931,0.00882638,CLAS,e-,5.88,p,0.938272088
741,0.185,-0.447,1.67,278,40,deg,d4SigUU,0.113106,nb GeV^-4,0.00740222,0.00918931,CLAS,e-,5.88,p,0.938272088
742,0.185,-0.447,1.67,293.1,40,deg,d4SigUU,0.210274,nb GeV^-4,0.0137381,0.0155411,CLAS,e-,5.88,p,0.938272088
743,0.185,-0.447,1.668,308.3,40,deg,d4SigUU,0.325884,nb GeV^-4,0.0172215,0.0307651,CLAS,e-,5.88,p,0.938272088
744,0.185,-0.604,1.665,36.7,41,deg,d4SigUU,0.256439,nb GeV^-4,0.0122701,0.0153615,CLAS,e-,5.88,p,0.938272088
745,0.185,-0.604,1.668,51.7,41,deg,d4SigUU,0.125167,nb GeV^-4,0.00657925,0.00846436,CLAS,e-,5.88,p,0.938272088
746,0.185,-0.604,1.669,66.9,41,deg,d4SigUU,0.0789136,nb GeV^-4,0.00579954,0.00523532,CLAS,e-,5.88,p,0.938272088
747,0.185,-0.604,1.67,82,41,deg,d4SigUU,0.0584317,nb GeV^-4,0.00533429,0.00454539,CLAS,e-,5.88,p,0.938272088
748,0.185,-0.604,1.671,97.1,41,deg,d4SigUU,0.0481369,nb GeV^-4,0.00467404,0.00362478,CLAS,e-,5.88,p,0.938272088
749,0.185,-0.604,1.672,112.2,41,deg,d4SigUU,0.0434143,nb GeV^-4,0.00446453,0.00412829,CLAS,e-,5.88,p,0.938272088
750,0.185,-0.604,1.673,127.2,41,deg,d4SigUU,0.0268863,nb GeV^-4,0.0036759,0.00393785,CLAS,e-,5.88,p,0.938272088
751,0.185,-0.604,1.673,142.3,41,deg,d4SigUU,0.0267507,nb GeV^-4,0.00507477,0.0042612,CLAS,e-,5.88,p,0.938272088
752,0.185,-0.604,1.673,157.4,41,deg,d4SigUU,0.0210956,nb GeV^-4,0.00382348,0.00205366,CLAS,e-,5.88,p,0.938272088
753,0.185,-0.604,1.673,172.5,41,deg,d4SigUU,0.0233325,nb GeV^-4,0.00489979,0.00291906,CLAS,e-,5.88,p,0.938272088
754,0.185,-0.604,1.673,187.5,41,deg,d4SigUU,0.0483573,nb GeV^-4,0.0126866,0.0122502,CLAS,e-,5.88,p,0.938272088
755,0.185,-0.604,1.673,202.6,41,deg,d4SigUU,0.0277542,nb GeV^-4,0.00471348,0.00449752,CLAS,e-,5.88,p,0.938272088
756,0.185,-0.604,1.673,232.8,41,deg,d4SigUU,0.0312638,nb GeV^-4,0.00399702,0.00314741,CLAS,e-,5.88,p,0.938272088
757,0.185,-0.604,1.672,247.8,41,deg,d4SigUU,0.0389112,nb GeV^-4,0.00482136,0.00747059,CLAS,e-,5.88,p,0.938272088
758,0.185,-0.604,1.671,262.9,41,deg,d4SigUU,0.0554427,nb GeV^-4,0.00579046,0.00398818,CLAS,e-,5.88,p,0.938272088
759,0.185,-0.604,1.67,278,41,deg,d4SigUU,0.0668975,nb GeV^-4,0.00521513,0.00482229,CLAS,e-,5.88,p,0.938272088
760,0.185,-0.604,1.669,293.1,41,deg,d4SigUU,0.0966042,nb GeV^-4,0.00672877,0.00866126,CLAS,e-,5.88,p,0.938272088
761,0.185,-0.604,1.668,308.3,41,deg,d4SigUU,0.130058,nb GeV^-4,0.00773603,0.00907977,CLAS,e-,5.88,p,0.938272088
762,0.185,-0.604,1.665,323.3,41,deg,d4SigUU,0.239864,nb GeV^-4,0.0137877,1.24141,CLAS,e-,5.88,p,0.938272088
763,0.184,-0.937,1.658,7.8,42,deg,d4SigUU,0.135139,nb GeV^-4,0.0112522,0.00897446,CLAS,e-,5.88,p,0.938272088
764,0.185,-0.867,1.661,22.2,42,deg,d4SigUU,0.127635,nb GeV^-4,0.00760565,0.00842598,CLAS,e-,5.88,p,0.938272088
765,0.186,-0.862,1.665,36.7,42,deg,d4SigUU,0.087768,nb GeV^-4,0.00500571,0.00538078,CLAS,e-,5.88,p,0.938272088
766,0.185,-0.864,1.667,51.8,42,deg,d4SigUU,0.0461082,nb GeV^-4,0.00293361,0.00302399,CLAS,e-,5.88,p,0.938272088
767,0.185,-0.865,1.669,66.9,42,deg,d4SigUU,0.0305469,nb GeV^-4,0.00284994,0.00215732,CLAS,e-,5.88,p,0.938272088
768,0.185,-0.865,1.67,82,42,deg,d4SigUU,0.0394494,nb GeV^-4,0.00536052,0.00322604,CLAS,e-,5.88,p,0.938272088
769,0.185,-0.865,1.671,97.1,42,deg,d4SigUU,0.0169199,nb GeV^-4,0.00234578,0.00168143,CLAS,e-,5.88,p,0.938272088
770,0.185,-0.865,1.673,127.2,42,deg,d4SigUU,0.00962314,nb GeV^-4,0.00357861,0.00118809,CLAS,e-,5.88,p,0.938272088
771,0.185,-0.865,1.673,142.3,42,deg,d4SigUU,0.00473746,nb GeV^-4,0.00195159,0.00247581,CLAS,e-,5.88,p,0.938272088
772,0.185,-0.865,1.673,217.7,42,deg,d4SigUU,0.00862023,nb GeV^-4,0.00301126,0.00147553,CLAS,e-,5.88,p,0.938272088
773,0.185,-0.865,1.673,232.8,42,deg,d4SigUU,0.012883,nb GeV^-4,0.00316802,0.00133268,CLAS,e-,5.88,p,0.938272088
774,0.185,-0.865,1.672,247.8,42,deg,d4SigUU,0.0191313,nb GeV^-4,0.00415299,0.00157773,CLAS,e-,5.88,p,0.938272088
775,0.185,-0.865,1.671,262.9,42,deg,d4SigUU,0.01348,nb GeV^-4,0.00206882,0.00172939,CLAS,e-,5.88,p,0.938272088
776,0.185,-0.865,1.67,278,42,deg,d4SigUU,0.0167759,nb GeV^-4,0.00159408,0.00166686,CLAS,e-,5.88,p,0.938272088
777,0.185,-0.865,1.669,293.1,42,deg,d4SigUU,0.0299804,nb GeV^-4,0.00257372,0.00227447,CLAS,e-,5.88,p,0.938272088
778,0.185,-0.864,1.667,308.2,42,deg,d4SigUU,0.0505668,nb GeV^-4,0.00379045,0.00518044,CLAS,e-,5.88,p,0.938272088
779,0.186,-0.862,1.665,323.3,42,deg,d4SigUU,0.0931948,nb GeV^-4,0.0058269,0.0059207,CLAS,e-,5.88,p,0.938272088
780,0.185,-0.867,1.661,337.8,42,deg,d4SigUU,0.140872,nb GeV^-4,0.007143,0.0106734,CLAS,e-,5.88,p,0.938272088
781,0.184,-0.937,1.658,352.2,42,deg,d4SigUU,0.220579,nb GeV^-4,0.0166634,0.0130706,CLAS,e-,5.88,p,0.938272088
782,0.186,-1.372,1.659,7.3,43,deg,d4SigUU,0.0243591,nb GeV^-4,0.00162934,0.00172137,CLAS,e-,5.88,p,0.938272088
783,0.186,-1.376,1.661,21.9,43,deg,d4SigUU,0.020413,nb GeV^-4,0.00183785,0.00144863,CLAS,e-,5.88,p,0.938272088
784,0.186,-1.379,1.664,36.8,43,deg,d4SigUU,0.0151973,nb GeV^-4,0.00146103,0.00104663,CLAS,e-,5.88,p,0.938272088
785,0.186,-1.381,1.667,51.8,43,deg,d4SigUU,0.00683375,nb GeV^-4,0.000756853,0.000529972,CLAS,e-,5.88,p,0.938272088
786,0.185,-1.382,1.669,66.9,43,deg,d4SigUU,0.00412062,nb GeV^-4,0.000715727,0.00030354,CLAS,e-,5.88,p,0.938272088
787,0.185,-1.382,1.67,82,43,deg,d4SigUU,0.00574572,nb GeV^-4,0.0013856,0.00119003,CLAS,e-,5.88,p,0.938272088
788,0.186,-1.381,1.672,97.1,43,deg,d4SigUU,0.00629049,nb GeV^-4,0.00241134,0.000858827,CLAS,e-,5.88,p,0.938272088
789,0.185,-1.381,1.672,112.1,43,deg,d4SigUU,0.00963811,nb GeV^-4,0.0079684,0.000561994,CLAS,e-,5.88,p,0.938272088
790,0.186,-1.381,1.674,157.4,43,deg,d4SigUU,0.00775041,nb GeV^-4,0.00628176,0.000481573,CLAS,e-,5.88,p,0.938272088
791,0.186,-1.381,1.675,172.5,43,deg,d4SigUU,0.00128081,nb GeV^-4,0.0011604,0.00127742,CLAS,e-,5.88,p,0.938272088
792,0.185,-1.381,1.672,247.9,43,deg,d4SigUU,0.00143908,nb GeV^-4,0.00133481,0.000180659,CLAS,e-,5.88,p,0.938272088
793,0.185,-1.382,1.67,278,43,deg,d4SigUU,0.0038377,nb GeV^-4,0.000772315,0.000687986,CLAS,e-,5.88,p,0.938272088
794,0.185,-1.382,1.669,293.1,43,deg,d4SigUU,0.0061318,nb GeV^-4,0.000871457,0.000496702,CLAS,e-,5.88,p,0.938272088
795,0.186,-1.379,1.664,323.2,43,deg,d4SigUU,0.0145737,nb GeV^-4,0.0013821,0.0011521,CLAS,e-,5.88,p,0.938272088
796,0.186,-1.376,1.661,338.1,43,deg,d4SigUU,0.0219323,nb GeV^-4,0.00153894,0.0015531,CLAS,e-,5.88,p,0.938272088
797,0.186,-1.372,1.659,352.7,43,deg,d4SigUU,0.0283913,nb GeV^-4,0.0016983,0.0570416,CLAS,e-,5.88,p,0.938272088
798,0.213,-0.11,1.681,7.4,44,deg,d4SigUU,1.87666,nb GeV^-4,0.0881412,0.109878,CLAS,e-,5.88,p,0.938272088
799,0.213,-0.11,1.681,22.3,44,deg,d4SigUU,1.9841,nb GeV^-4,0.0888787,0.119527,CLAS,e-,5.88,p,0.938272088
800,0.214,-0.11,1.682,37.2,44,deg,d4SigUU,1.71901,nb GeV^-4,0.0763727,0.108284,CLAS,e-,5.88,p,0.938272088
801,0.214,-0.109,1.682,52.2,44,deg,d4SigUU,1.29924,nb GeV^-4,0.066594,0.0826518,CLAS,e-,5.88,p,0.938272088
802,0.214,-0.109,1.683,67.2,44,deg,d4SigUU,0.91902,nb GeV^-4,0.068223,0.132248,CLAS,e-,5.88,p,0.938272088
803,0.214,-0.109,1.684,82.2,44,deg,d4SigUU,0.748092,nb GeV^-4,0.0642966,0.0734721,CLAS,e-,5.88,p,0.938272088
804,0.214,-0.109,1.684,97.2,44,deg,d4SigUU,0.61189,nb GeV^-4,0.053407,0.0447843,CLAS,e-,5.88,p,0.938272088
805,0.214,-0.109,1.685,112.2,44,deg,d4SigUU,0.41508,nb GeV^-4,0.0372346,0.0260805,CLAS,e-,5.88,p,0.938272088
806,0.214,-0.109,1.685,127.3,44,deg,d4SigUU,0.383046,nb GeV^-4,0.0455354,0.0395167,CLAS,e-,5.88,p,0.938272088
807,0.214,-0.108,1.686,142.3,44,deg,d4SigUU,0.286041,nb GeV^-4,0.0324594,0.0298207,CLAS,e-,5.88,p,0.938272088
808,0.214,-0.108,1.686,157.4,44,deg,d4SigUU,0.305741,nb GeV^-4,0.0314189,0.0354632,CLAS,e-,5.88,p,0.938272088
809,0.214,-0.108,1.686,172.5,44,deg,d4SigUU,0.278026,nb GeV^-4,0.0338357,0.0262276,CLAS,e-,5.88,p,0.938272088
810,0.214,-0.108,1.686,187.5,44,deg,d4SigUU,0.236195,nb GeV^-4,0.032726,0.0771471,CLAS,e-,5.88,p,0.938272088
811,0.214,-0.108,1.686,202.6,44,deg,d4SigUU,0.414791,nb GeV^-4,0.0433372,0.0265496,CLAS,e-,5.88,p,0.938272088
812,0.214,-0.108,1.686,217.7,44,deg,d4SigUU,0.327316,nb GeV^-4,0.0322494,0.0332153,CLAS,e-,5.88,p,0.938272088
813,0.214,-0.109,1.685,247.8,44,deg,d4SigUU,0.520188,nb GeV^-4,0.0518202,0.0547907,CLAS,e-,5.88,p,0.938272088
814,0.214,-0.109,1.684,262.8,44,deg,d4SigUU,0.597285,nb GeV^-4,0.0441043,0.0395271,CLAS,e-,5.88,p,0.938272088
815,0.214,-0.109,1.684,277.8,44,deg,d4SigUU,0.892514,nb GeV^-4,0.0605041,0.0617742,CLAS,e-,5.88,p,0.938272088
816,0.214,-0.109,1.683,292.8,44,deg,d4SigUU,0.962621,nb GeV^-4,0.0676646,0.0665014,CLAS,e-,5.88,p,0.938272088
817,0.214,-0.109,1.682,307.8,44,deg,d4SigUU,1.19405,nb GeV^-4,0.0656671,0.0852549,CLAS,e-,5.88,p,0.938272088
818,0.214,-0.11,1.682,322.8,44,deg,d4SigUU,1.5663,nb GeV^-4,0.0698465,0.0944149,CLAS,e-,5.88,p,0.938272088
819,0.213,-0.11,1.681,337.7,44,deg,d4SigUU,1.92743,nb GeV^-4,0.0787921,0.121685,CLAS,e-,5.88,p,0.938272088
820,0.213,-0.11,1.681,352.6,44,deg,d4SigUU,2.05304,nb GeV^-4,0.0936221,0.134319,CLAS,e-,5.88,p,0.938272088
821,0.214,-0.154,1.68,7.4,45,deg,d4SigUU,1.94653,nb GeV^-4,0.0913117,0.165208,CLAS,e-,5.88,p,0.938272088
822,0.214,-0.155,1.682,22.2,45,deg,d4SigUU,1.64565,nb GeV^-4,0.0580369,0.0981805,CLAS,e-,5.88,p,0.938272088
823,0.214,-0.154,1.683,37.1,45,deg,d4SigUU,1.23629,nb GeV^-4,0.0418952,0.0737951,CLAS,e-,5.88,p,0.938272088
824,0.214,-0.154,1.683,52,45,deg,d4SigUU,0.947366,nb GeV^-4,0.0395171,0.0575227,CLAS,e-,5.88,p,0.938272088
825,0.214,-0.153,1.684,67.1,45,deg,d4SigUU,0.848066,nb GeV^-4,0.0492059,0.115203,CLAS,e-,5.88,p,0.938272088
826,0.214,-0.153,1.685,82.1,45,deg,d4SigUU,0.613815,nb GeV^-4,0.0398563,0.040755,CLAS,e-,5.88,p,0.938272088
827,0.214,-0.153,1.685,97.2,45,deg,d4SigUU,0.444196,nb GeV^-4,0.0279152,0.0284857,CLAS,e-,5.88,p,0.938272088
828,0.214,-0.153,1.686,112.2,45,deg,d4SigUU,0.34964,nb GeV^-4,0.0258739,0.0244244,CLAS,e-,5.88,p,0.938272088
829,0.214,-0.153,1.686,127.3,45,deg,d4SigUU,0.186114,nb GeV^-4,0.0184786,0.0147126,CLAS,e-,5.88,p,0.938272088
830,0.214,-0.153,1.686,142.3,45,deg,d4SigUU,0.249632,nb GeV^-4,0.0272699,0.0206536,CLAS,e-,5.88,p,0.938272088
831,0.214,-0.153,1.687,157.4,45,deg,d4SigUU,0.220766,nb GeV^-4,0.0201399,0.021229,CLAS,e-,5.88,p,0.938272088
832,0.214,-0.153,1.687,172.5,45,deg,d4SigUU,0.211263,nb GeV^-4,0.0218037,0.0147253,CLAS,e-,5.88,p,0.938272088
833,0.214,-0.153,1.687,187.5,45,deg,d4SigUU,0.189764,nb GeV^-4,0.0217638,0.0148407,CLAS,e-,5.88,p,0.938272088
834,0.214,-0.153,1.687,202.6,45,deg,d4SigUU,0.126799,nb GeV^-4,0.0126555,0.01105,CLAS,e-,5.88,p,0.938272088
835,0.214,-0.153,1.686,217.7,45,deg,d4SigUU,0.21908,nb GeV^-4,0.0196369,0.0136547,CLAS,e-,5.88,p,0.938272088
836,0.214,-0.153,1.686,232.7,45,deg,d4SigUU,0.245438,nb GeV^-4,0.0218319,0.0252541,CLAS,e-,5.88,p,0.938272088
837,0.214,-0.153,1.686,247.8,45,deg,d4SigUU,0.393661,nb GeV^-4,0.0343919,0.0481374,CLAS,e-,5.88,p,0.938272088
838,0.214,-0.153,1.685,262.8,45,deg,d4SigUU,0.438325,nb GeV^-4,0.0265791,0.0304513,CLAS,e-,5.88,p,0.938272088
839,0.214,-0.153,1.685,277.9,45,deg,d4SigUU,0.524036,nb GeV^-4,0.0286252,0.0386019,CLAS,e-,5.88,p,0.938272088
840,0.214,-0.153,1.684,292.9,45,deg,d4SigUU,0.947167,nb GeV^-4,0.0564631,0.0628794,CLAS,e-,5.88,p,0.938272088
841,0.214,-0.154,1.683,308,45,deg,d4SigUU,0.963367,nb GeV^-4,0.0455975,0.0779483,CLAS,e-,5.88,p,0.938272088
842,0.214,-0.154,1.683,322.9,45,deg,d4SigUU,1.31005,nb GeV^-4,0.0463993,0.0794707,CLAS,e-,5.88,p,0.938272088
843,0.214,-0.155,1.682,337.8,45,deg,d4SigUU,1.58367,nb GeV^-4,0.0522251,0.10119,CLAS,e-,5.88,p,0.938272088
844,0.214,-0.154,1.68,352.6,45,deg,d4SigUU,1.9577,nb GeV^-4,0.0845593,0.119558,CLAS,e-,5.88,p,0.938272088
845,0.214,-0.204,1.679,22.4,46,deg,d4SigUU,1.93996,nb GeV^-4,0.0811666,0.118564,CLAS,e-,5.88,p,0.938272088
846,0.214,-0.204,1.683,36.9,46,deg,d4SigUU,1.01091,nb GeV^-4,0.0379107,0.0606135,CLAS,e-,5.88,p,0.938272088
847,0.214,-0.204,1.684,51.9,46,deg,d4SigUU,0.710306,nb GeV^-4,0.0308116,0.0463857,CLAS,e-,5.88,p,0.938272088
848,0.214,-0.203,1.684,67,46,deg,d4SigUU,0.502106,nb GeV^-4,0.0308711,0.0412478,CLAS,e-,5.88,p,0.938272088
849,0.214,-0.203,1.685,82.1,46,deg,d4SigUU,0.392019,nb GeV^-4,0.0294397,0.0280378,CLAS,e-,5.88,p,0.938272088
850,0.214,-0.203,1.685,97.1,46,deg,d4SigUU,0.306622,nb GeV^-4,0.0230164,0.0191585,CLAS,e-,5.88,p,0.938272088
851,0.214,-0.203,1.686,112.2,46,deg,d4SigUU,0.246931,nb GeV^-4,0.0181917,0.0172967,CLAS,e-,5.88,p,0.938272088
852,0.214,-0.203,1.686,127.2,46,deg,d4SigUU,0.153257,nb GeV^-4,0.0194894,0.0205626,CLAS,e-,5.88,p,0.938272088
853,0.214,-0.203,1.687,142.3,46,deg,d4SigUU,0.194315,nb GeV^-4,0.0280406,0.0134615,CLAS,e-,5.88,p,0.938272088
854,0.214,-0.203,1.687,157.4,46,deg,d4SigUU,0.0941469,nb GeV^-4,0.0100341,0.00768377,CLAS,e-,5.88,p,0.938272088
855,0.214,-0.203,1.687,172.5,46,deg,d4SigUU,0.116095,nb GeV^-4,0.0126163,0.0117736,CLAS,e-,5.88,p,0.938272088
856,0.214,-0.203,1.687,187.5,46,deg,d4SigUU,0.11721,nb GeV^-4,0.0162333,0.0139046,CLAS,e-,5.88,p,0.938272088
857,0.214,-0.203,1.687,202.6,46,deg,d4SigUU,0.163938,nb GeV^-4,0.0205571,0.0144025,CLAS,e-,5.88,p,0.938272088
858,0.214,-0.203,1.687,217.7,46,deg,d4SigUU,0.15422,nb GeV^-4,0.0147058,0.0115338,CLAS,e-,5.88,p,0.938272088
859,0.214,-0.203,1.686,232.8,46,deg,d4SigUU,0.204749,nb GeV^-4,0.0247267,0.0159935,CLAS,e-,5.88,p,0.938272088
860,0.214,-0.203,1.686,247.8,46,deg,d4SigUU,0.214385,nb GeV^-4,0.0196668,0.0172757,CLAS,e-,5.88,p,0.938272088
861,0.214,-0.203,1.685,262.9,46,deg,d4SigUU,0.276508,nb GeV^-4,0.018753,0.0249857,CLAS,e-,5.88,p,0.938272088
862,0.214,-0.203,1.685,277.9,46,deg,d4SigUU,0.307947,nb GeV^-4,0.0182823,0.021905,CLAS,e-,5.88,p,0.938272088
863,0.214,-0.203,1.684,293,46,deg,d4SigUU,0.55262,nb GeV^-4,0.0343518,0.0424618,CLAS,e-,5.88,p,0.938272088
864,0.214,-0.204,1.684,308.1,46,deg,d4SigUU,0.716357,nb GeV^-4,0.0384245,0.0449034,CLAS,e-,5.88,p,0.938272088
865,0.214,-0.204,1.683,323.1,46,deg,d4SigUU,1.04547,nb GeV^-4,0.0410769,0.0690669,CLAS,e-,5.88,p,0.938272088
866,0.214,-0.204,1.679,337.6,46,deg,d4SigUU,1.69545,nb GeV^-4,0.0648525,0.110107,CLAS,e-,5.88,p,0.938272088
867,0.214,-0.263,1.683,36.8,47,deg,d4SigUU,1.02351,nb GeV^-4,0.0360528,0.062923,CLAS,e-,5.88,p,0.938272088
868,0.214,-0.263,1.684,51.8,47,deg,d4SigUU,0.530455,nb GeV^-4,0.0219866,0.0322291,CLAS,e-,5.88,p,0.938272088
869,0.214,-0.262,1.684,66.9,47,deg,d4SigUU,0.351773,nb GeV^-4,0.021677,0.0210322,CLAS,e-,5.88,p,0.938272088
870,0.214,-0.262,1.685,82,47,deg,d4SigUU,0.264824,nb GeV^-4,0.0189996,0.0179901,CLAS,e-,5.88,p,0.938272088
871,0.214,-0.262,1.686,97.1,47,deg,d4SigUU,0.183517,nb GeV^-4,0.0129894,0.0153081,CLAS,e-,5.88,p,0.938272088
872,0.214,-0.262,1.686,112.2,47,deg,d4SigUU,0.175903,nb GeV^-4,0.0142905,0.0120065,CLAS,e-,5.88,p,0.938272088
873,0.214,-0.262,1.687,127.2,47,deg,d4SigUU,0.141554,nb GeV^-4,0.0166015,0.0159522,CLAS,e-,5.88,p,0.938272088
874,0.214,-0.262,1.687,142.3,47,deg,d4SigUU,0.124429,nb GeV^-4,0.0192191,0.0099575,CLAS,e-,5.88,p,0.938272088
875,0.214,-0.262,1.687,157.4,47,deg,d4SigUU,0.0948819,nb GeV^-4,0.0116565,0.00727039,CLAS,e-,5.88,p,0.938272088
876,0.214,-0.262,1.687,172.5,47,deg,d4SigUU,0.0549179,nb GeV^-4,0.00908426,0.00624787,CLAS,e-,5.88,p,0.938272088
877,0.214,-0.262,1.687,187.5,47,deg,d4SigUU,0.0699279,nb GeV^-4,0.0115496,0.00494512,CLAS,e-,5.88,p,0.938272088
878,0.214,-0.262,1.687,202.6,47,deg,d4SigUU,0.0910117,nb GeV^-4,0.0125115,0.00766034,CLAS,e-,5.88,p,0.938272088
879,0.214,-0.262,1.687,217.7,47,deg,d4SigUU,0.101172,nb GeV^-4,0.010604,0.00716295,CLAS,e-,5.88,p,0.938272088
880,0.214,-0.262,1.687,232.8,47,deg,d4SigUU,0.131614,nb GeV^-4,0.0150431,0.00931658,CLAS,e-,5.88,p,0.938272088
881,0.214,-0.262,1.686,247.8,47,deg,d4SigUU,0.123723,nb GeV^-4,0.0119306,0.0104832,CLAS,e-,5.88,p,0.938272088
882,0.214,-0.262,1.686,262.9,47,deg,d4SigUU,0.160835,nb GeV^-4,0.0121793,0.0110954,CLAS,e-,5.88,p,0.938272088
883,0.214,-0.262,1.685,278,47,deg,d4SigUU,0.262657,nb GeV^-4,0.0161617,0.0210645,CLAS,e-,5.88,p,0.938272088
884,0.214,-0.262,1.684,293.1,47,deg,d4SigUU,0.354151,nb GeV^-4,0.0230877,0.0282889,CLAS,e-,5.88,p,0.938272088
885,0.214,-0.263,1.684,308.2,47,deg,d4SigUU,0.588819,nb GeV^-4,0.032919,0.045144,CLAS,e-,5.88,p,0.938272088
886,0.214,-0.263,1.683,323.2,47,deg,d4SigUU,0.932636,nb GeV^-4,0.0348895,0.0710451,CLAS,e-,5.88,p,0.938272088
887,0.214,-0.342,1.683,36.6,48,deg,d4SigUU,0.628714,nb GeV^-4,0.023871,0.037655,CLAS,e-,5.88,p,0.938272088
888,0.214,-0.341,1.684,51.8,48,deg,d4SigUU,0.321769,nb GeV^-4,0.0142399,0.0207702,CLAS,e-,5.88,p,0.938272088
889,0.214,-0.341,1.684,66.9,48,deg,d4SigUU,0.240912,nb GeV^-4,0.0155363,0.014841,CLAS,e-,5.88,p,0.938272088
890,0.214,-0.341,1.685,82,48,deg,d4SigUU,0.185527,nb GeV^-4,0.0165716,0.0110454,CLAS,e-,5.88,p,0.938272088
891,0.214,-0.341,1.686,97.1,48,deg,d4SigUU,0.0978595,nb GeV^-4,0.00827622,0.00793225,CLAS,e-,5.88,p,0.938272088
892,0.214,-0.34,1.686,112.2,48,deg,d4SigUU,0.0784283,nb GeV^-4,0.0072512,0.0107507,CLAS,e-,5.88,p,0.938272088
893,0.214,-0.34,1.687,127.2,48,deg,d4SigUU,0.087302,nb GeV^-4,0.0120145,0.0062967,CLAS,e-,5.88,p,0.938272088
894,0.214,-0.34,1.687,142.3,48,deg,d4SigUU,0.0584146,nb GeV^-4,0.0129788,0.0138927,CLAS,e-,5.88,p,0.938272088
895,0.215,-0.34,1.687,157.4,48,deg,d4SigUU,0.0753,nb GeV^-4,0.0208094,0.0150112,CLAS,e-,5.88,p,0.938272088
896,0.215,-0.34,1.687,172.5,48,deg,d4SigUU,0.0537651,nb GeV^-4,0.0159489,0.0132403,CLAS,e-,5.88,p,0.938272088
897,0.215,-0.34,1.687,187.5,48,deg,d4SigUU,0.0340283,nb GeV^-4,0.0105417,0.00555175,CLAS,e-,5.88,p,0.938272088
898,0.215,-0.34,1.687,202.6,48,deg,d4SigUU,0.0721205,nb GeV^-4,0.0158678,0.00517051,CLAS,e-,5.88,p,0.938272088
899,0.214,-0.34,1.687,232.8,48,deg,d4SigUU,0.0925368,nb GeV^-4,0.0124424,0.00734667,CLAS,e-,5.88,p,0.938272088
900,0.214,-0.34,1.686,247.8,48,deg,d4SigUU,0.0956256,nb GeV^-4,0.0115671,0.0135035,CLAS,e-,5.88,p,0.938272088
901,0.214,-0.341,1.686,262.9,48,deg,d4SigUU,0.103168,nb GeV^-4,0.00868771,0.00711307,CLAS,e-,5.88,p,0.938272088
902,0.214,-0.341,1.685,278,48,deg,d4SigUU,0.161536,nb GeV^-4,0.0116433,0.0122073,CLAS,e-,5.88,p,0.938272088
903,0.214,-0.341,1.684,293.1,48,deg,d4SigUU,0.240113,nb GeV^-4,0.0162539,0.0169394,CLAS,e-,5.88,p,0.938272088
904,0.214,-0.341,1.684,308.2,48,deg,d4SigUU,0.331657,nb GeV^-4,0.0194443,0.0319422,CLAS,e-,5.88,p,0.938272088
905,0.214,-0.342,1.683,323.4,48,deg,d4SigUU,0.646993,nb GeV^-4,0.027474,0.0597374,CLAS,e-,5.88,p,0.938272088
906,0.214,-0.449,1.682,36.5,49,deg,d4SigUU,0.371549,nb GeV^-4,0.0145871,0.0225923,CLAS,e-,5.88,p,0.938272088
907,0.214,-0.448,1.683,51.7,49,deg,d4SigUU,0.227984,nb GeV^-4,0.0115964,0.0161787,CLAS,e-,5.88,p,0.938272088
908,0.214,-0.448,1.684,66.8,49,deg,d4SigUU,0.140268,nb GeV^-4,0.00966761,0.0098823,CLAS,e-,5.88,p,0.938272088
909,0.215,-0.447,1.685,81.9,49,deg,d4SigUU,0.113643,nb GeV^-4,0.0106872,0.00872004,CLAS,e-,5.88,p,0.938272088
910,0.215,-0.447,1.686,97,49,deg,d4SigUU,0.0632555,nb GeV^-4,0.00634325,0.00800122,CLAS,e-,5.88,p,0.938272088
911,0.215,-0.447,1.686,112.1,49,deg,d4SigUU,0.0701116,nb GeV^-4,0.0083805,0.00740028,CLAS,e-,5.88,p,0.938272088
912,0.215,-0.447,1.687,127.2,49,deg,d4SigUU,0.0600614,nb GeV^-4,0.0116662,0.0167989,CLAS,e-,5.88,p,0.938272088
913,0.215,-0.447,1.687,142.3,49,deg,d4SigUU,0.0822407,nb GeV^-4,0.0490614,0.00580167,CLAS,e-,5.88,p,0.938272088
914,0.215,-0.447,1.687,217.7,49,deg,d4SigUU,0.0315484,nb GeV^-4,0.0103572,0.00470559,CLAS,e-,5.88,p,0.938272088
915,0.215,-0.447,1.687,232.8,49,deg,d4SigUU,0.0659971,nb GeV^-4,0.0144133,0.00765883,CLAS,e-,5.88,p,0.938272088
916,0.215,-0.447,1.686,247.9,49,deg,d4SigUU,0.0657784,nb GeV^-4,0.010039,0.0108708,CLAS,e-,5.88,p,0.938272088
917,0.215,-0.447,1.686,263,49,deg,d4SigUU,0.0663415,nb GeV^-4,0.00666764,0.00554253,CLAS,e-,5.88,p,0.938272088
918,0.215,-0.447,1.685,278.1,49,deg,d4SigUU,0.0840383,nb GeV^-4,0.00668978,0.00574194,CLAS,e-,5.88,p,0.938272088
919,0.214,-0.448,1.684,293.2,49,deg,d4SigUU,0.150575,nb GeV^-4,0.0110044,0.0107372,CLAS,e-,5.88,p,0.938272088
920,0.214,-0.448,1.683,308.3,49,deg,d4SigUU,0.234145,nb GeV^-4,0.0152161,0.0152628,CLAS,e-,5.88,p,0.938272088
921,0.214,-0.449,1.682,323.5,49,deg,d4SigUU,0.361553,nb GeV^-4,0.0167318,0.157746,CLAS,e-,5.88,p,0.938272088
922,0.215,-0.606,1.682,36.3,50,deg,d4SigUU,0.198478,nb GeV^-4,0.00860521,0.0134708,CLAS,e-,5.88,p,0.938272088
923,0.215,-0.606,1.683,51.6,50,deg,d4SigUU,0.101908,nb GeV^-4,0.00556924,0.00630148,CLAS,e-,5.88,p,0.938272088
924,0.215,-0.605,1.684,66.8,50,deg,d4SigUU,0.0592238,nb GeV^-4,0.00475871,0.00492689,CLAS,e-,5.88,p,0.938272088
925,0.215,-0.605,1.685,81.9,50,deg,d4SigUU,0.0554096,nb GeV^-4,0.00708024,0.00959401,CLAS,e-,5.88,p,0.938272088
926,0.215,-0.605,1.686,97,50,deg,d4SigUU,0.0386733,nb GeV^-4,0.00563008,0.00934305,CLAS,e-,5.88,p,0.938272088
927,0.215,-0.604,1.687,112.1,50,deg,d4SigUU,0.0141365,nb GeV^-4,0.0035017,0.00514978,CLAS,e-,5.88,p,0.938272088
928,0.215,-0.604,1.687,127.2,50,deg,d4SigUU,0.0235798,nb GeV^-4,0.0128453,0.00137493,CLAS,e-,5.88,p,0.938272088
929,0.215,-0.604,1.687,247.9,50,deg,d4SigUU,0.0227315,nb GeV^-4,0.00514977,0.00721235,CLAS,e-,5.88,p,0.938272088
930,0.215,-0.605,1.686,263,50,deg,d4SigUU,0.0395297,nb GeV^-4,0.00495268,0.00527281,CLAS,e-,5.88,p,0.938272088
931,0.215,-0.605,1.685,278.1,50,deg,d4SigUU,0.0381358,nb GeV^-4,0.00341255,0.00283868,CLAS,e-,5.88,p,0.938272088
932,0.215,-0.605,1.684,293.2,50,deg,d4SigUU,0.0671272,nb GeV^-4,0.00539028,0.00467028,CLAS,e-,5.88,p,0.938272088
933,0.215,-0.606,1.683,308.4,50,deg,d4SigUU,0.108347,nb GeV^-4,0.00749935,0.00784562,CLAS,e-,5.88,p,0.938272088
934,0.215,-0.606,1.682,323.7,50,deg,d4SigUU,0.219847,nb GeV^-4,0.0108749,0.0251446,CLAS,e-,5.88,p,0.938272088
935,0.215,-0.895,1.673,22.9,51,deg,d4SigUU,0.187259,nb GeV^-4,0.0126692,0.0161345,CLAS,e-,5.88,p,0.938272088
936,0.215,-0.866,1.681,36.4,51,deg,d4SigUU,0.0767925,nb GeV^-4,0.00418758,0.0045813,CLAS,e-,5.88,p,0.938272088
937,0.215,-0.868,1.683,51.6,51,deg,d4SigUU,0.0375907,nb GeV^-4,0.00269574,0.00246474,CLAS,e-,5.88,p,0.938272088
938,0.215,-0.868,1.684,66.8,51,deg,d4SigUU,0.0314781,nb GeV^-4,0.00310946,0.00238278,CLAS,e-,5.88,p,0.938272088
939,0.215,-0.867,1.685,81.9,51,deg,d4SigUU,0.0240537,nb GeV^-4,0.00417699,0.00151835,CLAS,e-,5.88,p,0.938272088
940,0.215,-0.867,1.686,97,51,deg,d4SigUU,0.0108673,nb GeV^-4,0.00373803,0.00063367,CLAS,e-,5.88,p,0.938272088
941,0.215,-0.866,1.688,172.4,51,deg,d4SigUU,0.0447497,nb GeV^-4,0.0252344,0.00274262,CLAS,e-,5.88,p,0.938272088
942,0.215,-0.867,1.686,263,51,deg,d4SigUU,0.0113035,nb GeV^-4,0.0033294,0.00179866,CLAS,e-,5.88,p,0.938272088
943,0.215,-0.867,1.685,278.1,51,deg,d4SigUU,0.0152823,nb GeV^-4,0.00183362,0.00187347,CLAS,e-,5.88,p,0.938272088
944,0.215,-0.868,1.684,293.2,51,deg,d4SigUU,0.0256656,nb GeV^-4,0.00252389,0.0017796,CLAS,e-,5.88,p,0.938272088
945,0.215,-0.868,1.683,308.4,51,deg,d4SigUU,0.0381331,nb GeV^-4,0.00320168,0.00281665,CLAS,e-,5.88,p,0.938272088
946,0.215,-0.866,1.681,323.6,51,deg,d4SigUU,0.0710799,nb GeV^-4,0.00404035,0.00441619,CLAS,e-,5.88,p,0.938272088
947,0.215,-0.895,1.673,337.1,51,deg,d4SigUU,0.145484,nb GeV^-4,0.00740449,0.158078,CLAS,e-,5.88,p,0.938272088
948,0.216,-1.364,1.673,7,52,deg,d4SigUU,0.0484962,nb GeV^-4,0.00270339,0.00291063,CLAS,e-,5.88,p,0.938272088
949,0.215,-1.376,1.676,21.6,52,deg,d4SigUU,0.0291807,nb GeV^-4,0.00254416,0.00183957,CLAS,e-,5.88,p,0.938272088
950,0.215,-1.383,1.68,36.5,52,deg,d4SigUU,0.014679,nb GeV^-4,0.00138564,0.0017114,CLAS,e-,5.88,p,0.938272088
951,0.215,-1.385,1.682,51.6,52,deg,d4SigUU,0.0087578,nb GeV^-4,0.00128452,0.000766394,CLAS,e-,5.88,p,0.938272088
952,0.215,-1.385,1.684,66.7,52,deg,d4SigUU,0.00425004,nb GeV^-4,0.000678198,0.000471426,CLAS,e-,5.88,p,0.938272088
953,0.214,-1.384,1.685,81.9,52,deg,d4SigUU,0.00331012,nb GeV^-4,0.00173519,0.00185676,CLAS,e-,5.88,p,0.938272088
954,0.216,-1.384,1.689,142.4,52,deg,d4SigUU,0.0101613,nb GeV^-4,0.00773895,0.00122165,CLAS,e-,5.88,p,0.938272088
955,0.214,-1.383,1.687,157.4,52,deg,d4SigUU,0.0036738,nb GeV^-4,0.00187265,0.00132023,CLAS,e-,5.88,p,0.938272088
956,0.215,-1.386,1.689,187.3,52,deg,d4SigUU,0.00379233,nb GeV^-4,0.00146884,0.00147357,CLAS,e-,5.88,p,0.938272088
957,0.214,-1.383,1.687,202.6,52,deg,d4SigUU,0.00597346,nb GeV^-4,0.00473546,0.00214021,CLAS,e-,5.88,p,0.938272088
958,0.215,-1.384,1.687,232.9,52,deg,d4SigUU,0.0170907,nb GeV^-4,0.0129106,0.00475819,CLAS,e-,5.88,p,0.938272088
959,0.214,-1.384,1.685,278.1,52,deg,d4SigUU,0.0144132,nb GeV^-4,0.00664295,0.000926439,CLAS,e-,5.88,p,0.938272088
960,0.215,-1.385,1.684,293.3,52,deg,d4SigUU,0.00428638,nb GeV^-4,0.000794917,0.000866627,CLAS,e-,5.88,p,0.938272088
961,0.215,-1.385,1.682,308.4,52,deg,d4SigUU,0.0102989,nb GeV^-4,0.00191212,0.000750243,CLAS,e-,5.88,p,0.938272088
962,0.215,-1.383,1.68,323.5,52,deg,d4SigUU,0.0194494,nb GeV^-4,0.00206073,0.00230548,CLAS,e-,5.88,p,0.938272088
963,0.215,-1.376,1.676,338.4,52,deg,d4SigUU,0.0277408,nb GeV^-4,0.00166488,0.00191694,CLAS,e-,5.88,p,0.938272088
964,0.216,-1.364,1.673,353,52,deg,d4SigUU,0.0488872,nb GeV^-4,0.00248608,0.145585,CLAS,e-,5.88,p,0.938272088
965,0.216,-0.108,1.904,22.7,53,deg,d4SigUU,2.56932,nb GeV^-4,0.175493,0.18816,CLAS,e-,5.88,p,0.938272088
966,0.215,-0.109,1.925,37.5,53,deg,d4SigUU,2.11212,nb GeV^-4,0.109168,0.128228,CLAS,e-,5.88,p,0.938272088
967,0.214,-0.109,1.933,52.1,53,deg,d4SigUU,1.75708,nb GeV^-4,0.0894038,0.11752,CLAS,e-,5.88,p,0.938272088
968,0.214,-0.109,1.933,67.1,53,deg,d4SigUU,1.23438,nb GeV^-4,0.0823361,0.104368,CLAS,e-,5.88,p,0.938272088
969,0.215,-0.109,1.934,82.2,53,deg,d4SigUU,0.934208,nb GeV^-4,0.0651539,0.0731701,CLAS,e-,5.88,p,0.938272088
970,0.215,-0.109,1.934,97.2,53,deg,d4SigUU,0.885336,nb GeV^-4,0.0629343,0.0542668,CLAS,e-,5.88,p,0.938272088
971,0.215,-0.109,1.935,112.2,53,deg,d4SigUU,0.472914,nb GeV^-4,0.035316,0.0290534,CLAS,e-,5.88,p,0.938272088
972,0.215,-0.108,1.935,127.3,53,deg,d4SigUU,0.414703,nb GeV^-4,0.0456978,0.0498619,CLAS,e-,5.88,p,0.938272088
973,0.215,-0.108,1.936,142.4,53,deg,d4SigUU,0.380396,nb GeV^-4,0.0442961,0.034359,CLAS,e-,5.88,p,0.938272088
974,0.215,-0.108,1.936,157.4,53,deg,d4SigUU,0.364298,nb GeV^-4,0.0367919,0.0264462,CLAS,e-,5.88,p,0.938272088
975,0.215,-0.108,1.936,172.5,53,deg,d4SigUU,0.338494,nb GeV^-4,0.0371774,0.0274116,CLAS,e-,5.88,p,0.938272088
976,0.215,-0.108,1.936,187.5,53,deg,d4SigUU,0.274917,nb GeV^-4,0.0329969,0.0408518,CLAS,e-,5.88,p,0.938272088
977,0.215,-0.108,1.936,202.6,53,deg,d4SigUU,0.44882,nb GeV^-4,0.0415849,0.0301971,CLAS,e-,5.88,p,0.938272088
978,0.215,-0.108,1.936,217.6,53,deg,d4SigUU,0.526433,nb GeV^-4,0.0489438,0.0376199,CLAS,e-,5.88,p,0.938272088
979,0.215,-0.108,1.935,232.7,53,deg,d4SigUU,0.424838,nb GeV^-4,0.0408671,0.0333214,CLAS,e-,5.88,p,0.938272088
980,0.215,-0.109,1.935,247.8,53,deg,d4SigUU,0.698451,nb GeV^-4,0.0610732,0.050373,CLAS,e-,5.88,p,0.938272088
981,0.215,-0.109,1.934,262.8,53,deg,d4SigUU,0.679389,nb GeV^-4,0.0437487,0.0501947,CLAS,e-,5.88,p,0.938272088
982,0.215,-0.109,1.934,277.8,53,deg,d4SigUU,0.728318,nb GeV^-4,0.0440689,0.0591711,CLAS,e-,5.88,p,0.938272088
983,0.214,-0.109,1.933,292.9,53,deg,d4SigUU,1.37492,nb GeV^-4,0.0837459,0.106572,CLAS,e-,5.88,p,0.938272088
984,0.214,-0.109,1.933,307.9,53,deg,d4SigUU,1.60086,nb GeV^-4,0.0881788,0.132711,CLAS,e-,5.88,p,0.938272088
985,0.215,-0.109,1.925,322.5,53,deg,d4SigUU,2.04695,nb GeV^-4,0.108625,0.154405,CLAS,e-,5.88,p,0.938272088
986,0.216,-0.108,1.904,337.3,53,deg,d4SigUU,2.94164,nb GeV^-4,0.185504,0.221983,CLAS,e-,5.88,p,0.938272088
987,0.215,-0.153,1.908,37.9,54,deg,d4SigUU,2.0197,nb GeV^-4,0.102081,0.122606,CLAS,e-,5.88,p,0.938272088
988,0.215,-0.154,1.934,52.1,54,deg,d4SigUU,1.38164,nb GeV^-4,0.05725,0.0814672,CLAS,e-,5.88,p,0.938272088
989,0.215,-0.153,1.934,67.1,54,deg,d4SigUU,0.926364,nb GeV^-4,0.0467571,0.0563249,CLAS,e-,5.88,p,0.938272088
990,0.215,-0.153,1.934,82.1,54,deg,d4SigUU,0.67866,nb GeV^-4,0.0374081,0.0425013,CLAS,e-,5.88,p,0.938272088
991,0.215,-0.153,1.935,97.2,54,deg,d4SigUU,0.51694,nb GeV^-4,0.0273903,0.0316124,CLAS,e-,5.88,p,0.938272088
992,0.215,-0.153,1.935,112.2,54,deg,d4SigUU,0.402278,nb GeV^-4,0.0255446,0.0252607,CLAS,e-,5.88,p,0.938272088
993,0.215,-0.153,1.936,127.3,54,deg,d4SigUU,0.350552,nb GeV^-4,0.0305246,0.02312,CLAS,e-,5.88,p,0.938272088
994,0.215,-0.153,1.936,142.3,54,deg,d4SigUU,0.267996,nb GeV^-4,0.0238296,0.0229958,CLAS,e-,5.88,p,0.938272088
995,0.215,-0.153,1.937,157.4,54,deg,d4SigUU,0.292294,nb GeV^-4,0.0244225,0.0253298,CLAS,e-,5.88,p,0.938272088
996,0.215,-0.153,1.937,172.5,54,deg,d4SigUU,0.24747,nb GeV^-4,0.0228685,0.018555,CLAS,e-,5.88,p,0.938272088
997,0.215,-0.153,1.937,187.5,54,deg,d4SigUU,0.241517,nb GeV^-4,0.0244471,0.0172639,CLAS,e-,5.88,p,0.938272088
998,0.215,-0.153,1.937,202.6,54,deg,d4SigUU,0.306084,nb GeV^-4,0.025776,0.0229889,CLAS,e-,5.88,p,0.938272088
999,0.215,-0.153,1.936,217.7,54,deg,d4SigUU,0.289761,nb GeV^-4,0.021572,0.0215498,CLAS,e-,5.88,p,0.938272088
1000,0.215,-0.153,1.936,232.7,54,deg,d4SigUU,0.337914,nb GeV^-4,0.0275687,0.0355844,CLAS,e-,5.88,p,0.938272088
1001,0.215,-0.153,1.935,247.8,54,deg,d4SigUU,0.379756,nb GeV^-4,0.026858,0.0249368,CLAS,e-,5.88,p,0.938272088
1002,0.215,-0.153,1.935,262.8,54,deg,d4SigUU,0.614213,nb GeV^-4,0.03244,0.0428177,CLAS,e-,5.88,p,0.938272088
1003,0.215,-0.153,1.934,277.9,54,deg,d4SigUU,0.753723,nb GeV^-4,0.0368553,0.0484682,CLAS,e-,5.88,p,0.938272088
1004,0.215,-0.153,1.934,292.9,54,deg,d4SigUU,1.10269,nb GeV^-4,0.0514893,0.0652832,CLAS,e-,5.88,p,0.938272088
1005,0.215,-0.154,1.934,307.9,54,deg,d4SigUU,1.32993,nb GeV^-4,0.0609901,0.105185,CLAS,e-,5.88,p,0.938272088
1006,0.215,-0.153,1.908,322.1,54,deg,d4SigUU,1.84248,nb GeV^-4,0.0961174,0.21434,CLAS,e-,5.88,p,0.938272088
1007,0.215,-0.204,1.933,52,55,deg,d4SigUU,0.845223,nb GeV^-4,0.0376244,0.0511072,CLAS,e-,5.88,p,0.938272088
1008,0.215,-0.203,1.934,67,55,deg,d4SigUU,0.695719,nb GeV^-4,0.0382835,0.0568325,CLAS,e-,5.88,p,0.938272088
1009,0.215,-0.203,1.935,82.1,55,deg,d4SigUU,0.578473,nb GeV^-4,0.0384148,0.0343567,CLAS,e-,5.88,p,0.938272088
1010,0.215,-0.203,1.935,97.1,55,deg,d4SigUU,0.361316,nb GeV^-4,0.0225472,0.0299738,CLAS,e-,5.88,p,0.938272088
1011,0.215,-0.203,1.936,112.2,55,deg,d4SigUU,0.26638,nb GeV^-4,0.0192297,0.0227904,CLAS,e-,5.88,p,0.938272088
1012,0.215,-0.203,1.936,127.3,55,deg,d4SigUU,0.227379,nb GeV^-4,0.0226558,0.0275008,CLAS,e-,5.88,p,0.938272088
1013,0.215,-0.203,1.936,142.3,55,deg,d4SigUU,0.209424,nb GeV^-4,0.022929,0.0178631,CLAS,e-,5.88,p,0.938272088
1014,0.215,-0.203,1.937,157.4,55,deg,d4SigUU,0.142025,nb GeV^-4,0.0129665,0.0103075,CLAS,e-,5.88,p,0.938272088
1015,0.215,-0.203,1.937,172.5,55,deg,d4SigUU,0.161726,nb GeV^-4,0.0156429,0.012647,CLAS,e-,5.88,p,0.938272088
1016,0.215,-0.203,1.937,187.5,55,deg,d4SigUU,0.111693,nb GeV^-4,0.013667,0.0126213,CLAS,e-,5.88,p,0.938272088
1017,0.215,-0.203,1.937,202.6,55,deg,d4SigUU,0.168108,nb GeV^-4,0.0161694,0.0157707,CLAS,e-,5.88,p,0.938272088
1018,0.215,-0.203,1.936,217.7,55,deg,d4SigUU,0.166353,nb GeV^-4,0.0142323,0.0115636,CLAS,e-,5.88,p,0.938272088
1019,0.215,-0.203,1.936,232.7,55,deg,d4SigUU,0.239414,nb GeV^-4,0.0226418,0.0176833,CLAS,e-,5.88,p,0.938272088
1020,0.215,-0.203,1.936,247.8,55,deg,d4SigUU,0.283647,nb GeV^-4,0.024548,0.0180664,CLAS,e-,5.88,p,0.938272088
1021,0.215,-0.203,1.935,262.9,55,deg,d4SigUU,0.351786,nb GeV^-4,0.0217429,0.0239217,CLAS,e-,5.88,p,0.938272088
1022,0.215,-0.203,1.935,277.9,55,deg,d4SigUU,0.475152,nb GeV^-4,0.0251576,0.0306066,CLAS,e-,5.88,p,0.938272088
1023,0.215,-0.203,1.934,293,55,deg,d4SigUU,0.688784,nb GeV^-4,0.0356161,0.0432615,CLAS,e-,5.88,p,0.938272088
1024,0.215,-0.204,1.933,308,55,deg,d4SigUU,0.866855,nb GeV^-4,0.0443988,0.0619938,CLAS,e-,5.88,p,0.938272088
1025,0.215,-0.262,1.934,51.8,56,deg,d4SigUU,0.654098,nb GeV^-4,0.027771,0.0409618,CLAS,e-,5.88,p,0.938272088
1026,0.215,-0.262,1.934,66.9,56,deg,d4SigUU,0.443696,nb GeV^-4,0.0233385,0.0276218,CLAS,e-,5.88,p,0.938272088
1027,0.215,-0.262,1.934,82,56,deg,d4SigUU,0.244159,nb GeV^-4,0.0157576,0.0186481,CLAS,e-,5.88,p,0.938272088
1028,0.215,-0.262,1.935,97.1,56,deg,d4SigUU,0.203887,nb GeV^-4,0.0129146,0.019166,CLAS,e-,5.88,p,0.938272088
1029,0.215,-0.262,1.936,112.2,56,deg,d4SigUU,0.161523,nb GeV^-4,0.0115176,0.0124878,CLAS,e-,5.88,p,0.938272088
1030,0.215,-0.262,1.936,127.3,56,deg,d4SigUU,0.151207,nb GeV^-4,0.0142677,0.0134679,CLAS,e-,5.88,p,0.938272088
1031,0.215,-0.262,1.936,142.3,56,deg,d4SigUU,0.131107,nb GeV^-4,0.0133821,0.00962988,CLAS,e-,5.88,p,0.938272088
1032,0.215,-0.262,1.937,157.4,56,deg,d4SigUU,0.11372,nb GeV^-4,0.0109845,0.00963593,CLAS,e-,5.88,p,0.938272088
1033,0.215,-0.262,1.937,172.5,56,deg,d4SigUU,0.0808926,nb GeV^-4,0.00812286,0.00734178,CLAS,e-,5.88,p,0.938272088
1034,0.215,-0.262,1.937,187.5,56,deg,d4SigUU,0.123844,nb GeV^-4,0.0150136,0.0208816,CLAS,e-,5.88,p,0.938272088
1035,0.215,-0.262,1.937,202.6,56,deg,d4SigUU,0.0855673,nb GeV^-4,0.00839359,0.00983014,CLAS,e-,5.88,p,0.938272088
1036,0.215,-0.262,1.936,217.7,56,deg,d4SigUU,0.112071,nb GeV^-4,0.0104875,0.0101616,CLAS,e-,5.88,p,0.938272088
1037,0.215,-0.262,1.936,232.7,56,deg,d4SigUU,0.156706,nb GeV^-4,0.0138324,0.0111532,CLAS,e-,5.88,p,0.938272088
1038,0.215,-0.262,1.936,247.8,56,deg,d4SigUU,0.189533,nb GeV^-4,0.0168489,0.0209214,CLAS,e-,5.88,p,0.938272088
1039,0.215,-0.262,1.935,262.9,56,deg,d4SigUU,0.231581,nb GeV^-4,0.0156058,0.0164933,CLAS,e-,5.88,p,0.938272088
1040,0.215,-0.262,1.934,278,56,deg,d4SigUU,0.27617,nb GeV^-4,0.0155166,0.023159,CLAS,e-,5.88,p,0.938272088
1041,0.215,-0.262,1.934,293.1,56,deg,d4SigUU,0.428976,nb GeV^-4,0.0223003,0.0261596,CLAS,e-,5.88,p,0.938272088
1042,0.215,-0.262,1.934,308.2,56,deg,d4SigUU,0.651885,nb GeV^-4,0.031893,0.0508617,CLAS,e-,5.88,p,0.938272088
1043,0.215,-0.341,1.933,51.7,57,deg,d4SigUU,0.450985,nb GeV^-4,0.0206564,0.0294787,CLAS,e-,5.88,p,0.938272088
1044,0.215,-0.341,1.933,66.9,57,deg,d4SigUU,0.262382,nb GeV^-4,0.0152894,0.0159104,CLAS,e-,5.88,p,0.938272088
1045,0.215,-0.341,1.934,82,57,deg,d4SigUU,0.191865,nb GeV^-4,0.01332,0.0127148,CLAS,e-,5.88,p,0.938272088
1046,0.215,-0.34,1.935,97.1,57,deg,d4SigUU,0.102257,nb GeV^-4,0.00781595,0.00672533,CLAS,e-,5.88,p,0.938272088
1047,0.215,-0.34,1.935,112.2,57,deg,d4SigUU,0.111608,nb GeV^-4,0.00895513,0.00774392,CLAS,e-,5.88,p,0.938272088
1048,0.215,-0.34,1.936,127.3,57,deg,d4SigUU,0.0733387,nb GeV^-4,0.00779131,0.0073499,CLAS,e-,5.88,p,0.938272088
1049,0.215,-0.34,1.937,157.4,57,deg,d4SigUU,0.0636118,nb GeV^-4,0.00748619,0.00495166,CLAS,e-,5.88,p,0.938272088
1050,0.215,-0.34,1.937,172.5,57,deg,d4SigUU,0.0453602,nb GeV^-4,0.00541886,0.00358966,CLAS,e-,5.88,p,0.938272088
1051,0.215,-0.34,1.937,187.5,57,deg,d4SigUU,0.0450969,nb GeV^-4,0.00646855,0.00334256,CLAS,e-,5.88,p,0.938272088
1052,0.215,-0.34,1.937,202.6,57,deg,d4SigUU,0.056396,nb GeV^-4,0.0062594,0.00675458,CLAS,e-,5.88,p,0.938272088
1053,0.215,-0.34,1.936,217.7,57,deg,d4SigUU,0.0782286,nb GeV^-4,0.00779181,0.00684593,CLAS,e-,5.88,p,0.938272088
1054,0.215,-0.34,1.936,232.7,57,deg,d4SigUU,0.0914519,nb GeV^-4,0.00895857,0.00755708,CLAS,e-,5.88,p,0.938272088
1055,0.215,-0.34,1.935,247.8,57,deg,d4SigUU,0.09121,nb GeV^-4,0.00850998,0.0069634,CLAS,e-,5.88,p,0.938272088
1056,0.215,-0.34,1.935,262.9,57,deg,d4SigUU,0.133051,nb GeV^-4,0.0100746,0.0106936,CLAS,e-,5.88,p,0.938272088
1057,0.215,-0.341,1.934,278,57,deg,d4SigUU,0.153561,nb GeV^-4,0.00905936,0.0119805,CLAS,e-,5.88,p,0.938272088
1058,0.215,-0.341,1.933,293.1,57,deg,d4SigUU,0.253365,nb GeV^-4,0.0143209,0.0238173,CLAS,e-,5.88,p,0.938272088
1059,0.215,-0.341,1.933,308.3,57,deg,d4SigUU,0.437996,nb GeV^-4,0.0224785,0.0330194,CLAS,e-,5.88,p,0.938272088
1060,0.215,-0.447,1.932,51.7,58,deg,d4SigUU,0.228099,nb GeV^-4,0.0106159,0.0143636,CLAS,e-,5.88,p,0.938272088
1061,0.215,-0.447,1.933,66.9,58,deg,d4SigUU,0.157073,nb GeV^-4,0.0107338,0.0106142,CLAS,e-,5.88,p,0.938272088
1062,0.215,-0.447,1.934,82,58,deg,d4SigUU,0.118357,nb GeV^-4,0.00982837,0.0126686,CLAS,e-,5.88,p,0.938272088
1063,0.215,-0.447,1.935,97.1,58,deg,d4SigUU,0.0602117,nb GeV^-4,0.00574833,0.00426927,CLAS,e-,5.88,p,0.938272088
1064,0.215,-0.447,1.935,112.2,58,deg,d4SigUU,0.0575417,nb GeV^-4,0.00523219,0.00434173,CLAS,e-,5.88,p,0.938272088
1065,0.215,-0.447,1.936,127.2,58,deg,d4SigUU,0.0573184,nb GeV^-4,0.00805424,0.00521115,CLAS,e-,5.88,p,0.938272088
1066,0.215,-0.447,1.937,157.4,58,deg,d4SigUU,0.0298434,nb GeV^-4,0.00395915,0.00271898,CLAS,e-,5.88,p,0.938272088
1067,0.215,-0.447,1.937,187.5,58,deg,d4SigUU,0.0262294,nb GeV^-4,0.00435391,0.00608214,CLAS,e-,5.88,p,0.938272088
1068,0.215,-0.447,1.937,202.6,58,deg,d4SigUU,0.0348609,nb GeV^-4,0.00541083,0.00253287,CLAS,e-,5.88,p,0.938272088
1069,0.215,-0.447,1.936,217.7,58,deg,d4SigUU,0.0343341,nb GeV^-4,0.0037653,0.00309473,CLAS,e-,5.88,p,0.938272088
1070,0.215,-0.447,1.936,232.8,58,deg,d4SigUU,0.0434255,nb GeV^-4,0.00506073,0.0055592,CLAS,e-,5.88,p,0.938272088
1071,0.215,-0.447,1.935,247.8,58,deg,d4SigUU,0.0615419,nb GeV^-4,0.00760514,0.00676245,CLAS,e-,5.88,p,0.938272088
1072,0.215,-0.447,1.935,262.9,58,deg,d4SigUU,0.0747593,nb GeV^-4,0.00688679,0.00618117,CLAS,e-,5.88,p,0.938272088
1073,0.215,-0.447,1.934,278,58,deg,d4SigUU,0.0900246,nb GeV^-4,0.0062324,0.00694168,CLAS,e-,5.88,p,0.938272088
1074,0.215,-0.447,1.933,293.1,58,deg,d4SigUU,0.122882,nb GeV^-4,0.00779784,0.008296,CLAS,e-,5.88,p,0.938272088
1075,0.215,-0.447,1.932,308.3,58,deg,d4SigUU,0.237027,nb GeV^-4,0.0125046,0.026105,CLAS,e-,5.88,p,0.938272088
1076,0.215,-0.608,1.923,36.9,59,deg,d4SigUU,0.202322,nb GeV^-4,0.0107029,0.0126426,CLAS,e-,5.88,p,0.938272088
1077,0.215,-0.604,1.93,51.7,59,deg,d4SigUU,0.118539,nb GeV^-4,0.0063497,0.00761063,CLAS,e-,5.88,p,0.938272088
1078,0.215,-0.604,1.932,66.9,59,deg,d4SigUU,0.0549148,nb GeV^-4,0.00425637,0.00422645,CLAS,e-,5.88,p,0.938272088
1079,0.215,-0.604,1.933,82,59,deg,d4SigUU,0.0380389,nb GeV^-4,0.00393794,0.00528594,CLAS,e-,5.88,p,0.938272088
1080,0.215,-0.604,1.934,97.1,59,deg,d4SigUU,0.0270858,nb GeV^-4,0.00285253,0.00264423,CLAS,e-,5.88,p,0.938272088
1081,0.215,-0.604,1.935,112.2,59,deg,d4SigUU,0.0211591,nb GeV^-4,0.00237287,0.00173647,CLAS,e-,5.88,p,0.938272088
1082,0.215,-0.604,1.936,127.2,59,deg,d4SigUU,0.014052,nb GeV^-4,0.00225201,0.00600872,CLAS,e-,5.88,p,0.938272088
1083,0.215,-0.604,1.936,142.3,59,deg,d4SigUU,0.0100164,nb GeV^-4,0.00324762,1427.17,CLAS,e-,5.88,p,0.938272088
1084,0.215,-0.604,1.937,157.4,59,deg,d4SigUU,0.0150745,nb GeV^-4,0.00332783,0.0133191,CLAS,e-,5.88,p,0.938272088
1085,0.215,-0.604,1.937,172.5,59,deg,d4SigUU,0.0511464,nb GeV^-4,0.0202857,0.0030958,CLAS,e-,5.88,p,0.938272088
1086,0.215,-0.604,1.937,187.5,59,deg,d4SigUU,0.00234716,nb GeV^-4,0.00157308,0.00163464,CLAS,e-,5.88,p,0.938272088
1087,0.215,-0.604,1.936,217.7,59,deg,d4SigUU,0.0131243,nb GeV^-4,0.00228563,0.00234301,CLAS,e-,5.88,p,0.938272088
1088,0.215,-0.604,1.936,232.8,59,deg,d4SigUU,0.0170695,nb GeV^-4,0.0026842,0.00260473,CLAS,e-,5.88,p,0.938272088
1089,0.215,-0.604,1.935,247.8,59,deg,d4SigUU,0.0268295,nb GeV^-4,0.00388834,0.0072927,CLAS,e-,5.88,p,0.938272088
1090,0.215,-0.604,1.934,262.9,59,deg,d4SigUU,0.0370549,nb GeV^-4,0.00404257,0.00408148,CLAS,e-,5.88,p,0.938272088
1091,0.215,-0.604,1.933,278,59,deg,d4SigUU,0.0418602,nb GeV^-4,0.00364311,0.00350019,CLAS,e-,5.88,p,0.938272088
1092,0.215,-0.604,1.932,293.1,59,deg,d4SigUU,0.061127,nb GeV^-4,0.00440777,0.00542267,CLAS,e-,5.88,p,0.938272088
1093,0.215,-0.604,1.93,308.3,59,deg,d4SigUU,0.130651,nb GeV^-4,0.00889226,0.0102679,CLAS,e-,5.88,p,0.938272088
1094,0.215,-0.608,1.923,323.1,59,deg,d4SigUU,0.211618,nb GeV^-4,0.0137257,0.0123431,CLAS,e-,5.88,p,0.938272088
1095,0.215,-0.892,1.921,23,60,deg,d4SigUU,0.123893,nb GeV^-4,0.0102561,0.00790423,CLAS,e-,5.88,p,0.938272088
1096,0.215,-0.862,1.925,36.6,60,deg,d4SigUU,0.0681213,nb GeV^-4,0.00376452,0.00415913,CLAS,e-,5.88,p,0.938272088
1097,0.215,-0.865,1.929,51.8,60,deg,d4SigUU,0.029555,nb GeV^-4,0.00196424,0.00218773,CLAS,e-,5.88,p,0.938272088
1098,0.215,-0.866,1.931,66.9,60,deg,d4SigUU,0.023907,nb GeV^-4,0.00228061,0.00179724,CLAS,e-,5.88,p,0.938272088
1099,0.215,-0.866,1.933,82,60,deg,d4SigUU,0.0137905,nb GeV^-4,0.00181492,0.00173993,CLAS,e-,5.88,p,0.938272088
1100,0.215,-0.866,1.934,97.1,60,deg,d4SigUU,0.0178418,nb GeV^-4,0.00307281,0.0018399,CLAS,e-,5.88,p,0.938272088
1101,0.215,-0.866,1.935,112.2,60,deg,d4SigUU,0.0122252,nb GeV^-4,0.00219944,0.00237761,CLAS,e-,5.88,p,0.938272088
1102,0.215,-0.866,1.936,127.2,60,deg,d4SigUU,0.00744138,nb GeV^-4,0.00215955,0.00251945,CLAS,e-,5.88,p,0.938272088
1103,0.215,-0.865,1.937,202.6,60,deg,d4SigUU,0.00371937,nb GeV^-4,0.00341023,0.00106794,CLAS,e-,5.88,p,0.938272088
1104,0.215,-0.866,1.937,217.7,60,deg,d4SigUU,0.00663648,nb GeV^-4,0.00321867,0.000838316,CLAS,e-,5.88,p,0.938272088
1105,0.215,-0.866,1.936,232.8,60,deg,d4SigUU,0.00571052,nb GeV^-4,0.00220163,0.00223976,CLAS,e-,5.88,p,0.938272088
1106,0.215,-0.866,1.935,247.8,60,deg,d4SigUU,0.0197299,nb GeV^-4,0.00583157,0.00154448,CLAS,e-,5.88,p,0.938272088
1107,0.215,-0.866,1.934,262.9,60,deg,d4SigUU,0.014146,nb GeV^-4,0.00212142,0.0015958,CLAS,e-,5.88,p,0.938272088
1108,0.215,-0.866,1.933,278,60,deg,d4SigUU,0.0173678,nb GeV^-4,0.00202116,0.00164777,CLAS,e-,5.88,p,0.938272088
1109,0.215,-0.866,1.931,293.1,60,deg,d4SigUU,0.0160338,nb GeV^-4,0.00139339,0.00188862,CLAS,e-,5.88,p,0.938272088
1110,0.215,-0.865,1.929,308.2,60,deg,d4SigUU,0.044306,nb GeV^-4,0.00381493,0.00329109,CLAS,e-,5.88,p,0.938272088
1111,0.215,-0.862,1.925,323.4,60,deg,d4SigUU,0.0695941,nb GeV^-4,0.00426987,0.00519049,CLAS,e-,5.88,p,0.938272088
1112,0.215,-0.892,1.921,337,60,deg,d4SigUU,0.107009,nb GeV^-4,0.00675553,0.0247287,CLAS,e-,5.88,p,0.938272088
1113,0.216,-1.362,1.917,7.2,61,deg,d4SigUU,0.0209957,nb GeV^-4,0.001465,0.0015814,CLAS,e-,5.88,p,0.938272088
1114,0.216,-1.371,1.92,21.9,61,deg,d4SigUU,0.0148583,nb GeV^-4,0.00122253,0.00100988,CLAS,e-,5.88,p,0.938272088
1115,0.215,-1.382,1.927,51.8,61,deg,d4SigUU,0.00638261,nb GeV^-4,0.000748031,0.000585715,CLAS,e-,5.88,p,0.938272088
1116,0.215,-1.384,1.931,66.9,61,deg,d4SigUU,0.00558103,nb GeV^-4,0.000983309,0.00072716,CLAS,e-,5.88,p,0.938272088
1117,0.215,-1.384,1.933,82,61,deg,d4SigUU,0.00537137,nb GeV^-4,0.00129955,0.000448396,CLAS,e-,5.88,p,0.938272088
1118,0.215,-1.384,1.934,97.1,61,deg,d4SigUU,0.00227916,nb GeV^-4,0.00091629,0.000132897,CLAS,e-,5.88,p,0.938272088
1119,0.215,-1.384,1.934,262.9,61,deg,d4SigUU,0.0024793,nb GeV^-4,0.00135737,0.000235485,CLAS,e-,5.88,p,0.938272088
1120,0.215,-1.384,1.933,278,61,deg,d4SigUU,0.00211954,nb GeV^-4,0.000385463,0.000340192,CLAS,e-,5.88,p,0.938272088
1121,0.215,-1.384,1.931,293.1,61,deg,d4SigUU,0.00553967,nb GeV^-4,0.000893081,0.000596842,CLAS,e-,5.88,p,0.938272088
1122,0.215,-1.382,1.927,308.2,61,deg,d4SigUU,0.00794383,nb GeV^-4,0.00114037,0.00113209,CLAS,e-,5.88,p,0.938272088
1123,0.216,-1.378,1.924,323.2,61,deg,d4SigUU,0.0135789,nb GeV^-4,0.00156433,0.000957928,CLAS,e-,5.88,p,0.938272088
1124,0.216,-1.371,1.92,338.1,61,deg,d4SigUU,0.0140866,nb GeV^-4,0.00101302,0.0013047,CLAS,e-,5.88,p,0.938272088
1125,0.216,-1.362,1.917,352.8,61,deg,d4SigUU,0.026505,nb GeV^-4,0.00162822,0.0212356,CLAS,e-,5.88,p,0.938272088
1126,0.243,-0.11,1.843,7.4,62,deg,d4SigUU,0.893222,nb GeV^-4,0.0554985,0.0639195,CLAS,e-,5.88,p,0.938272088
1127,0.244,-0.11,1.843,22.3,62,deg,d4SigUU,0.930084,nb GeV^-4,0.0525863,0.0563018,CLAS,e-,5.88,p,0.938272088
1128,0.244,-0.11,1.844,37.3,62,deg,d4SigUU,0.717814,nb GeV^-4,0.0399065,0.0443729,CLAS,e-,5.88,p,0.938272088
1129,0.244,-0.11,1.844,52.2,62,deg,d4SigUU,0.76956,nb GeV^-4,0.0589861,0.062815,CLAS,e-,5.88,p,0.938272088
1130,0.244,-0.109,1.845,67.2,62,deg,d4SigUU,0.443319,nb GeV^-4,0.0419932,0.0387551,CLAS,e-,5.88,p,0.938272088
1131,0.244,-0.109,1.846,82.2,62,deg,d4SigUU,0.36014,nb GeV^-4,0.0443356,0.0229134,CLAS,e-,5.88,p,0.938272088
1132,0.244,-0.109,1.847,97.2,62,deg,d4SigUU,0.331225,nb GeV^-4,0.0324419,0.0248523,CLAS,e-,5.88,p,0.938272088
1133,0.244,-0.109,1.847,112.3,62,deg,d4SigUU,0.229885,nb GeV^-4,0.0208435,0.016449,CLAS,e-,5.88,p,0.938272088
1134,0.244,-0.109,1.848,127.3,62,deg,d4SigUU,0.157032,nb GeV^-4,0.0205092,0.0123267,CLAS,e-,5.88,p,0.938272088
1135,0.244,-0.109,1.849,142.3,62,deg,d4SigUU,0.0581925,nb GeV^-4,0.0154364,0.00370391,CLAS,e-,5.88,p,0.938272088
1136,0.244,-0.109,1.849,157.4,62,deg,d4SigUU,0.0876001,nb GeV^-4,0.0176938,0.00592704,CLAS,e-,5.88,p,0.938272088
1137,0.244,-0.109,1.85,172.5,62,deg,d4SigUU,0.0329614,nb GeV^-4,0.0121705,0.00212287,CLAS,e-,5.88,p,0.938272088
1138,0.244,-0.109,1.85,187.5,62,deg,d4SigUU,0.0145562,nb GeV^-4,0.0118538,0.00255143,CLAS,e-,5.88,p,0.938272088
1139,0.244,-0.109,1.849,202.6,62,deg,d4SigUU,0.0781407,nb GeV^-4,0.0139115,0.00825838,CLAS,e-,5.88,p,0.938272088
1140,0.244,-0.109,1.849,217.7,62,deg,d4SigUU,0.0857628,nb GeV^-4,0.0128166,0.0240663,CLAS,e-,5.88,p,0.938272088
1141,0.244,-0.109,1.847,247.7,62,deg,d4SigUU,0.169332,nb GeV^-4,0.017878,0.0141486,CLAS,e-,5.88,p,0.938272088
1142,0.244,-0.109,1.847,262.8,62,deg,d4SigUU,0.239465,nb GeV^-4,0.019874,0.0191308,CLAS,e-,5.88,p,0.938272088
1143,0.244,-0.109,1.846,277.8,62,deg,d4SigUU,0.435714,nb GeV^-4,0.0396215,0.0332987,CLAS,e-,5.88,p,0.938272088
1144,0.244,-0.109,1.845,292.8,62,deg,d4SigUU,0.575452,nb GeV^-4,0.0583246,0.0394651,CLAS,e-,5.88,p,0.938272088
1145,0.244,-0.11,1.844,307.8,62,deg,d4SigUU,0.674485,nb GeV^-4,0.0485449,0.0516672,CLAS,e-,5.88,p,0.938272088
1146,0.244,-0.11,1.844,322.7,62,deg,d4SigUU,0.811606,nb GeV^-4,0.0448927,0.0514363,CLAS,e-,5.88,p,0.938272088
1147,0.244,-0.11,1.843,337.7,62,deg,d4SigUU,0.841298,nb GeV^-4,0.0424235,0.0541917,CLAS,e-,5.88,p,0.938272088
1148,0.243,-0.11,1.843,352.6,62,deg,d4SigUU,0.860677,nb GeV^-4,0.0460414,0.0537822,CLAS,e-,5.88,p,0.938272088
1149,0.244,-0.155,1.844,7.4,63,deg,d4SigUU,1.00181,nb GeV^-4,0.0426373,0.0816565,CLAS,e-,5.88,p,0.938272088
1150,0.244,-0.154,1.845,37.2,63,deg,d4SigUU,0.748021,nb GeV^-4,0.0310242,0.0465618,CLAS,e-,5.88,p,0.938272088
1151,0.244,-0.154,1.846,52.1,63,deg,d4SigUU,0.588855,nb GeV^-4,0.0277971,0.0359445,CLAS,e-,5.88,p,0.938272088
1152,0.244,-0.154,1.846,67.1,63,deg,d4SigUU,0.370846,nb GeV^-4,0.0233879,0.0260379,CLAS,e-,5.88,p,0.938272088
1153,0.244,-0.153,1.847,82.1,63,deg,d4SigUU,0.391605,nb GeV^-4,0.0376087,0.0305241,CLAS,e-,5.88,p,0.938272088
1154,0.244,-0.153,1.848,97.2,63,deg,d4SigUU,0.285151,nb GeV^-4,0.0242074,0.02327,CLAS,e-,5.88,p,0.938272088
1155,0.244,-0.153,1.848,112.2,63,deg,d4SigUU,0.191532,nb GeV^-4,0.0152418,0.0159044,CLAS,e-,5.88,p,0.938272088
1156,0.244,-0.153,1.849,127.3,63,deg,d4SigUU,0.123298,nb GeV^-4,0.0122099,0.00798608,CLAS,e-,5.88,p,0.938272088
1157,0.244,-0.153,1.849,142.3,63,deg,d4SigUU,0.101559,nb GeV^-4,0.0139184,0.0108575,CLAS,e-,5.88,p,0.938272088
1158,0.244,-0.153,1.85,157.4,63,deg,d4SigUU,0.0826148,nb GeV^-4,0.00958607,0.00682034,CLAS,e-,5.88,p,0.938272088
1159,0.244,-0.153,1.85,187.5,63,deg,d4SigUU,0.085492,nb GeV^-4,0.0157938,0.00937677,CLAS,e-,5.88,p,0.938272088
1160,0.244,-0.153,1.85,202.6,63,deg,d4SigUU,0.180032,nb GeV^-4,0.022921,0.0284071,CLAS,e-,5.88,p,0.938272088
1161,0.244,-0.153,1.849,217.7,63,deg,d4SigUU,0.109343,nb GeV^-4,0.0116336,0.00939986,CLAS,e-,5.88,p,0.938272088
1162,0.244,-0.153,1.849,232.7,63,deg,d4SigUU,0.134122,nb GeV^-4,0.0166483,0.0246627,CLAS,e-,5.88,p,0.938272088
1163,0.244,-0.153,1.848,247.8,63,deg,d4SigUU,0.182668,nb GeV^-4,0.0172459,0.0154939,CLAS,e-,5.88,p,0.938272088
1164,0.244,-0.153,1.848,262.8,63,deg,d4SigUU,0.298544,nb GeV^-4,0.0224342,0.0192478,CLAS,e-,5.88,p,0.938272088
1165,0.244,-0.153,1.847,277.9,63,deg,d4SigUU,0.338813,nb GeV^-4,0.0228972,0.0214263,CLAS,e-,5.88,p,0.938272088
1166,0.244,-0.154,1.846,292.9,63,deg,d4SigUU,0.352318,nb GeV^-4,0.0231786,0.0240668,CLAS,e-,5.88,p,0.938272088
1167,0.244,-0.154,1.846,307.9,63,deg,d4SigUU,0.680724,nb GeV^-4,0.0382102,0.0616638,CLAS,e-,5.88,p,0.938272088
1168,0.244,-0.154,1.845,322.8,63,deg,d4SigUU,0.767843,nb GeV^-4,0.0329835,0.0526238,CLAS,e-,5.88,p,0.938272088
1169,0.244,-0.155,1.845,337.7,63,deg,d4SigUU,0.914767,nb GeV^-4,0.033514,0.0581036,CLAS,e-,5.88,p,0.938272088
1170,0.244,-0.155,1.844,352.6,63,deg,d4SigUU,1.00092,nb GeV^-4,0.0385855,0.0665284,CLAS,e-,5.88,p,0.938272088
1171,0.244,-0.205,1.845,7.4,64,deg,d4SigUU,0.835253,nb GeV^-4,0.0459009,0.0543163,CLAS,e-,5.88,p,0.938272088
1172,0.244,-0.205,1.845,22.1,64,deg,d4SigUU,0.927743,nb GeV^-4,0.0408474,0.0547525,CLAS,e-,5.88,p,0.938272088
1173,0.244,-0.204,1.846,37,64,deg,d4SigUU,0.526343,nb GeV^-4,0.022474,0.0318339,CLAS,e-,5.88,p,0.938272088
1174,0.244,-0.204,1.846,52,64,deg,d4SigUU,0.392679,nb GeV^-4,0.0194292,0.0236017,CLAS,e-,5.88,p,0.938272088
1175,0.244,-0.204,1.847,67.1,64,deg,d4SigUU,0.317747,nb GeV^-4,0.0213536,0.0227294,CLAS,e-,5.88,p,0.938272088
1176,0.244,-0.203,1.847,82.1,64,deg,d4SigUU,0.264131,nb GeV^-4,0.0247026,0.0293117,CLAS,e-,5.88,p,0.938272088
1177,0.244,-0.203,1.848,97.1,64,deg,d4SigUU,0.195903,nb GeV^-4,0.0186411,0.0180914,CLAS,e-,5.88,p,0.938272088
1178,0.244,-0.203,1.849,112.2,64,deg,d4SigUU,0.160309,nb GeV^-4,0.0149276,0.0120321,CLAS,e-,5.88,p,0.938272088
1179,0.244,-0.203,1.849,127.3,64,deg,d4SigUU,0.127422,nb GeV^-4,0.0153149,0.00903035,CLAS,e-,5.88,p,0.938272088
1180,0.244,-0.203,1.85,157.4,64,deg,d4SigUU,0.0770113,nb GeV^-4,0.0135983,0.00545815,CLAS,e-,5.88,p,0.938272088
1181,0.244,-0.203,1.85,172.5,64,deg,d4SigUU,0.0577768,nb GeV^-4,0.00868299,0.00533774,CLAS,e-,5.88,p,0.938272088
1182,0.244,-0.203,1.85,187.5,64,deg,d4SigUU,0.0742946,nb GeV^-4,0.0174894,0.015615,CLAS,e-,5.88,p,0.938272088
1183,0.244,-0.203,1.85,202.6,64,deg,d4SigUU,0.101583,nb GeV^-4,0.0170861,0.0106245,CLAS,e-,5.88,p,0.938272088
1184,0.244,-0.203,1.85,217.7,64,deg,d4SigUU,0.0815464,nb GeV^-4,0.0108522,0.00589966,CLAS,e-,5.88,p,0.938272088
1185,0.244,-0.203,1.849,232.7,64,deg,d4SigUU,0.0909094,nb GeV^-4,0.0128636,0.00973914,CLAS,e-,5.88,p,0.938272088
1186,0.244,-0.203,1.849,247.8,64,deg,d4SigUU,0.170517,nb GeV^-4,0.020115,0.0351696,CLAS,e-,5.88,p,0.938272088
1187,0.244,-0.203,1.848,262.9,64,deg,d4SigUU,0.149518,nb GeV^-4,0.0114367,0.0112715,CLAS,e-,5.88,p,0.938272088
1188,0.244,-0.203,1.847,277.9,64,deg,d4SigUU,0.285865,nb GeV^-4,0.0206707,0.0199742,CLAS,e-,5.88,p,0.938272088
1189,0.244,-0.204,1.847,292.9,64,deg,d4SigUU,0.327628,nb GeV^-4,0.0227625,0.0361576,CLAS,e-,5.88,p,0.938272088
1190,0.244,-0.204,1.846,308,64,deg,d4SigUU,0.531322,nb GeV^-4,0.0324826,0.0350955,CLAS,e-,5.88,p,0.938272088
1191,0.244,-0.204,1.846,323,64,deg,d4SigUU,0.590892,nb GeV^-4,0.0271845,0.0417714,CLAS,e-,5.88,p,0.938272088
1192,0.244,-0.205,1.845,337.9,64,deg,d4SigUU,0.763391,nb GeV^-4,0.0290656,0.0470574,CLAS,e-,5.88,p,0.938272088
1193,0.244,-0.205,1.845,352.6,64,deg,d4SigUU,0.755743,nb GeV^-4,0.0354489,0.0532395,CLAS,e-,5.88,p,0.938272088
1194,0.245,-0.263,1.835,7.5,65,deg,d4SigUU,1.03467,nb GeV^-4,0.053249,0.0712726,CLAS,e-,5.88,p,0.938272088
1195,0.244,-0.264,1.845,22.1,65,deg,d4SigUU,0.783032,nb GeV^-4,0.0310876,0.0508372,CLAS,e-,5.88,p,0.938272088
1196,0.244,-0.264,1.846,36.9,65,deg,d4SigUU,0.370262,nb GeV^-4,0.014189,0.0245118,CLAS,e-,5.88,p,0.938272088
1197,0.244,-0.263,1.846,51.9,65,deg,d4SigUU,0.288381,nb GeV^-4,0.0137708,0.0197494,CLAS,e-,5.88,p,0.938272088
1198,0.244,-0.263,1.847,67,65,deg,d4SigUU,0.225585,nb GeV^-4,0.0142904,0.0170865,CLAS,e-,5.88,p,0.938272088
1199,0.244,-0.262,1.848,82,65,deg,d4SigUU,0.151068,nb GeV^-4,0.0127158,0.0103423,CLAS,e-,5.88,p,0.938272088
1200,0.244,-0.262,1.848,97.1,65,deg,d4SigUU,0.100014,nb GeV^-4,0.00873064,0.00677334,CLAS,e-,5.88,p,0.938272088
1201,0.244,-0.262,1.849,112.2,65,deg,d4SigUU,0.09523,nb GeV^-4,0.00962604,0.010137,CLAS,e-,5.88,p,0.938272088
1202,0.245,-0.262,1.849,127.2,65,deg,d4SigUU,0.0716951,nb GeV^-4,0.00930309,0.00522243,CLAS,e-,5.88,p,0.938272088
1203,0.245,-0.262,1.85,142.3,65,deg,d4SigUU,0.0452858,nb GeV^-4,0.0101691,0.00554937,CLAS,e-,5.88,p,0.938272088
1204,0.245,-0.262,1.85,157.4,65,deg,d4SigUU,0.0453136,nb GeV^-4,0.00908461,0.00647282,CLAS,e-,5.88,p,0.938272088
1205,0.245,-0.262,1.85,172.5,65,deg,d4SigUU,0.0862567,nb GeV^-4,0.0230907,0.0223387,CLAS,e-,5.88,p,0.938272088
1206,0.245,-0.262,1.85,187.5,65,deg,d4SigUU,0.0510274,nb GeV^-4,0.0219017,0.0411214,CLAS,e-,5.88,p,0.938272088
1207,0.245,-0.262,1.85,202.6,65,deg,d4SigUU,0.25624,nb GeV^-4,0.100292,0.015098,CLAS,e-,5.88,p,0.938272088
1208,0.245,-0.262,1.85,217.7,65,deg,d4SigUU,0.0348059,nb GeV^-4,0.00692524,0.00481409,CLAS,e-,5.88,p,0.938272088
1209,0.245,-0.262,1.849,232.8,65,deg,d4SigUU,0.072042,nb GeV^-4,0.0104715,0.00775628,CLAS,e-,5.88,p,0.938272088
1210,0.244,-0.262,1.849,247.8,65,deg,d4SigUU,0.0958707,nb GeV^-4,0.0110707,0.0125447,CLAS,e-,5.88,p,0.938272088
1211,0.244,-0.262,1.848,262.9,65,deg,d4SigUU,0.129881,nb GeV^-4,0.010151,0.00913232,CLAS,e-,5.88,p,0.938272088
1212,0.244,-0.262,1.848,278,65,deg,d4SigUU,0.15873,nb GeV^-4,0.0104777,0.0118879,CLAS,e-,5.88,p,0.938272088
1213,0.244,-0.263,1.847,293,65,deg,d4SigUU,0.195819,nb GeV^-4,0.0129991,0.0141038,CLAS,e-,5.88,p,0.938272088
1214,0.244,-0.263,1.846,308.1,65,deg,d4SigUU,0.30177,nb GeV^-4,0.0170909,0.0210409,CLAS,e-,5.88,p,0.938272088
1215,0.244,-0.264,1.846,323.1,65,deg,d4SigUU,0.431652,nb GeV^-4,0.0180798,0.029968,CLAS,e-,5.88,p,0.938272088
1216,0.244,-0.264,1.845,337.9,65,deg,d4SigUU,0.741574,nb GeV^-4,0.0257249,0.0454469,CLAS,e-,5.88,p,0.938272088
1217,0.245,-0.263,1.835,352.5,65,deg,d4SigUU,0.789696,nb GeV^-4,0.03461,0.0591036,CLAS,e-,5.88,p,0.938272088
1218,0.245,-0.342,1.837,22.4,66,deg,d4SigUU,0.781051,nb GeV^-4,0.0432314,0.0681627,CLAS,e-,5.88,p,0.938272088
1219,0.244,-0.343,1.846,36.7,66,deg,d4SigUU,0.371332,nb GeV^-4,0.0150171,0.0220005,CLAS,e-,5.88,p,0.938272088
1220,0.244,-0.342,1.846,51.8,66,deg,d4SigUU,0.200144,nb GeV^-4,0.010263,0.0130374,CLAS,e-,5.88,p,0.938272088
1221,0.244,-0.341,1.847,66.9,66,deg,d4SigUU,0.135,nb GeV^-4,0.00918419,0.0116916,CLAS,e-,5.88,p,0.938272088
1222,0.244,-0.341,1.848,82,66,deg,d4SigUU,0.106724,nb GeV^-4,0.0103627,0.00733144,CLAS,e-,5.88,p,0.938272088
1223,0.245,-0.341,1.848,97.1,66,deg,d4SigUU,0.104194,nb GeV^-4,0.010497,0.0107597,CLAS,e-,5.88,p,0.938272088
1224,0.245,-0.341,1.849,112.2,66,deg,d4SigUU,0.0679713,nb GeV^-4,0.00852081,0.00486833,CLAS,e-,5.88,p,0.938272088
1225,0.245,-0.341,1.85,127.2,66,deg,d4SigUU,0.0381804,nb GeV^-4,0.00630394,0.0128007,CLAS,e-,5.88,p,0.938272088
1226,0.245,-0.34,1.85,142.3,66,deg,d4SigUU,0.0271098,nb GeV^-4,0.0157133,0.0126377,CLAS,e-,5.88,p,0.938272088
1227,0.245,-0.34,1.85,157.4,66,deg,d4SigUU,0.0222582,nb GeV^-4,0.0203346,0.00129786,CLAS,e-,5.88,p,0.938272088
1228,0.245,-0.34,1.85,202.6,66,deg,d4SigUU,0.0444914,nb GeV^-4,0.0241104,0.0201813,CLAS,e-,5.88,p,0.938272088
1229,0.245,-0.34,1.85,217.7,66,deg,d4SigUU,0.0952829,nb GeV^-4,0.0318957,0.00972962,CLAS,e-,5.88,p,0.938272088
1230,0.245,-0.341,1.85,232.8,66,deg,d4SigUU,0.0415875,nb GeV^-4,0.00763666,0.00609474,CLAS,e-,5.88,p,0.938272088
1231,0.245,-0.341,1.849,247.8,66,deg,d4SigUU,0.0945759,nb GeV^-4,0.0152763,0.00769504,CLAS,e-,5.88,p,0.938272088
1232,0.245,-0.341,1.848,262.9,66,deg,d4SigUU,0.0953607,nb GeV^-4,0.00955649,0.00663038,CLAS,e-,5.88,p,0.938272088
1233,0.244,-0.341,1.848,278,66,deg,d4SigUU,0.0988458,nb GeV^-4,0.00750299,0.00736786,CLAS,e-,5.88,p,0.938272088
1234,0.244,-0.341,1.847,293.1,66,deg,d4SigUU,0.142468,nb GeV^-4,0.0100607,0.015674,CLAS,e-,5.88,p,0.938272088
1235,0.244,-0.342,1.846,308.2,66,deg,d4SigUU,0.27139,nb GeV^-4,0.017233,0.0191696,CLAS,e-,5.88,p,0.938272088
1236,0.244,-0.343,1.846,323.3,66,deg,d4SigUU,0.357976,nb GeV^-4,0.0152461,0.0221725,CLAS,e-,5.88,p,0.938272088
1237,0.244,-0.45,1.845,36.5,67,deg,d4SigUU,0.233539,nb GeV^-4,0.00966697,0.0145066,CLAS,e-,5.88,p,0.938272088
1238,0.244,-0.449,1.846,51.7,67,deg,d4SigUU,0.146507,nb GeV^-4,0.00741094,0.00902462,CLAS,e-,5.88,p,0.938272088
1239,0.244,-0.448,1.847,66.8,67,deg,d4SigUU,0.105277,nb GeV^-4,0.00766696,0.00711758,CLAS,e-,5.88,p,0.938272088
1240,0.245,-0.448,1.848,82,67,deg,d4SigUU,0.0602157,nb GeV^-4,0.00631971,0.00722517,CLAS,e-,5.88,p,0.938272088
1241,0.245,-0.447,1.848,97.1,67,deg,d4SigUU,0.0557121,nb GeV^-4,0.0065851,0.00371847,CLAS,e-,5.88,p,0.938272088
1242,0.245,-0.447,1.849,112.1,67,deg,d4SigUU,0.0391159,nb GeV^-4,0.00633508,0.0044441,CLAS,e-,5.88,p,0.938272088
1243,0.245,-0.447,1.85,232.8,67,deg,d4SigUU,0.0165936,nb GeV^-4,0.00643995,0.00634808,CLAS,e-,5.88,p,0.938272088
1244,0.245,-0.447,1.849,247.9,67,deg,d4SigUU,0.0232402,nb GeV^-4,0.0060191,0.00752806,CLAS,e-,5.88,p,0.938272088
1245,0.245,-0.447,1.848,262.9,67,deg,d4SigUU,0.0335489,nb GeV^-4,0.00391572,0.00396725,CLAS,e-,5.88,p,0.938272088
1246,0.245,-0.448,1.848,278,67,deg,d4SigUU,0.0490947,nb GeV^-4,0.00419203,0.00306679,CLAS,e-,5.88,p,0.938272088
1247,0.244,-0.448,1.847,293.2,67,deg,d4SigUU,0.0756157,nb GeV^-4,0.00566139,0.00569671,CLAS,e-,5.88,p,0.938272088
1248,0.244,-0.449,1.846,308.3,67,deg,d4SigUU,0.155442,nb GeV^-4,0.0101666,0.0100871,CLAS,e-,5.88,p,0.938272088
1249,0.244,-0.45,1.845,323.5,67,deg,d4SigUU,0.249662,nb GeV^-4,0.0110994,0.020568,CLAS,e-,5.88,p,0.938272088
1250,0.244,-0.608,1.844,36.4,68,deg,d4SigUU,0.138233,nb GeV^-4,0.00626061,0.00819272,CLAS,e-,5.88,p,0.938272088
1251,0.245,-0.607,1.845,51.6,68,deg,d4SigUU,0.0785702,nb GeV^-4,0.00472713,0.00490455,CLAS,e-,5.88,p,0.938272088
1252,0.245,-0.606,1.846,66.8,68,deg,d4SigUU,0.0345413,nb GeV^-4,0.00271948,0.00232519,CLAS,e-,5.88,p,0.938272088
1253,0.245,-0.605,1.848,81.9,68,deg,d4SigUU,0.0345549,nb GeV^-4,0.00489199,0.00229473,CLAS,e-,5.88,p,0.938272088
1254,0.245,-0.605,1.848,97,68,deg,d4SigUU,0.0176462,nb GeV^-4,0.00387344,0.00232672,CLAS,e-,5.88,p,0.938272088
1255,0.245,-0.605,1.849,112.1,68,deg,d4SigUU,0.0175086,nb GeV^-4,0.00552311,0.00102092,CLAS,e-,5.88,p,0.938272088
1256,0.245,-0.604,1.85,172.5,68,deg,d4SigUU,0.0214815,nb GeV^-4,0.0198226,0.00228345,CLAS,e-,5.88,p,0.938272088
1257,0.245,-0.605,1.848,263,68,deg,d4SigUU,0.023273,nb GeV^-4,0.00349446,0.0017402,CLAS,e-,5.88,p,0.938272088
1258,0.245,-0.605,1.848,278.1,68,deg,d4SigUU,0.0387065,nb GeV^-4,0.00394549,0.00308609,CLAS,e-,5.88,p,0.938272088
1259,0.245,-0.606,1.846,293.2,68,deg,d4SigUU,0.0357411,nb GeV^-4,0.00328414,0.00401205,CLAS,e-,5.88,p,0.938272088
1260,0.245,-0.607,1.845,308.4,68,deg,d4SigUU,0.0809547,nb GeV^-4,0.00581736,0.00611504,CLAS,e-,5.88,p,0.938272088
1261,0.244,-0.608,1.844,323.6,68,deg,d4SigUU,0.159606,nb GeV^-4,0.00783338,0.0100229,CLAS,e-,5.88,p,0.938272088
1262,0.245,-0.9,1.828,23.4,69,deg,d4SigUU,0.188102,nb GeV^-4,0.0146522,0.0111034,CLAS,e-,5.88,p,0.938272088
1263,0.245,-0.87,1.842,36.3,69,deg,d4SigUU,0.0547553,nb GeV^-4,0.00287978,0.00355183,CLAS,e-,5.88,p,0.938272088
1264,0.245,-0.87,1.844,51.6,69,deg,d4SigUU,0.0249444,nb GeV^-4,0.00188401,0.00173258,CLAS,e-,5.88,p,0.938272088
1265,0.245,-0.869,1.846,66.7,69,deg,d4SigUU,0.0175298,nb GeV^-4,0.00181415,0.00132772,CLAS,e-,5.88,p,0.938272088
1266,0.245,-0.868,1.847,81.9,69,deg,d4SigUU,0.00664878,nb GeV^-4,0.00134035,0.00138492,CLAS,e-,5.88,p,0.938272088
1267,0.245,-0.867,1.848,97,69,deg,d4SigUU,0.00453317,nb GeV^-4,0.00235513,0.000296667,CLAS,e-,5.88,p,0.938272088
1268,0.245,-0.866,1.85,157.3,69,deg,d4SigUU,0.0117171,nb GeV^-4,0.00698383,0.00166475,CLAS,e-,5.88,p,0.938272088
1269,0.245,-0.866,1.851,172.5,69,deg,d4SigUU,0.00473259,nb GeV^-4,0.00144858,0.0103812,CLAS,e-,5.88,p,0.938272088
1270,0.245,-0.866,1.851,187.5,69,deg,d4SigUU,0.0614164,nb GeV^-4,0.0454184,0.00748869,CLAS,e-,5.88,p,0.938272088
1271,0.245,-0.866,1.85,202.7,69,deg,d4SigUU,0.0125862,nb GeV^-4,0.010688,0.000733893,CLAS,e-,5.88,p,0.938272088
1272,0.245,-0.867,1.848,263,69,deg,d4SigUU,0.0061271,nb GeV^-4,0.00381055,0.00140893,CLAS,e-,5.88,p,0.938272088
1273,0.245,-0.868,1.847,278.1,69,deg,d4SigUU,0.0192514,nb GeV^-4,0.00333391,0.00151702,CLAS,e-,5.88,p,0.938272088
1274,0.245,-0.869,1.846,293.3,69,deg,d4SigUU,0.0156508,nb GeV^-4,0.00151788,0.00198104,CLAS,e-,5.88,p,0.938272088
1275,0.245,-0.87,1.844,308.4,69,deg,d4SigUU,0.0409259,nb GeV^-4,0.00375086,0.002806,CLAS,e-,5.88,p,0.938272088
1276,0.245,-0.87,1.842,323.7,69,deg,d4SigUU,0.0713625,nb GeV^-4,0.00420849,0.00502371,CLAS,e-,5.88,p,0.938272088
1277,0.245,-0.9,1.828,336.6,69,deg,d4SigUU,0.12926,nb GeV^-4,0.0074588,0.0093733,CLAS,e-,5.88,p,0.938272088
1278,0.245,-1.407,1.828,7.6,70,deg,d4SigUU,0.0396266,nb GeV^-4,0.00246086,0.0023846,CLAS,e-,5.88,p,0.938272088
1279,0.245,-1.372,1.836,21.4,70,deg,d4SigUU,0.0264994,nb GeV^-4,0.0019876,0.0015995,CLAS,e-,5.88,p,0.938272088
1280,0.245,-1.386,1.84,36.4,70,deg,d4SigUU,0.0146075,nb GeV^-4,0.00134007,0.00137236,CLAS,e-,5.88,p,0.938272088
1281,0.245,-1.389,1.844,51.6,70,deg,d4SigUU,0.0067444,nb GeV^-4,0.000874743,0.000417531,CLAS,e-,5.88,p,0.938272088
1282,0.245,-1.388,1.845,66.7,70,deg,d4SigUU,0.00223966,nb GeV^-4,0.000477861,0.00060076,CLAS,e-,5.88,p,0.938272088
1283,0.244,-1.387,1.853,142.4,70,deg,d4SigUU,0.0060886,nb GeV^-4,0.00542468,0.00190188,CLAS,e-,5.88,p,0.938272088
1284,0.245,-1.386,1.854,157.6,70,deg,d4SigUU,0.00594979,nb GeV^-4,0.00361865,0.000478322,CLAS,e-,5.88,p,0.938272088
1285,0.242,-1.384,1.849,172.1,70,deg,d4SigUU,0.00192476,nb GeV^-4,0.000550082,0.000728162,CLAS,e-,5.88,p,0.938272088
1286,0.242,-1.384,1.849,187.9,70,deg,d4SigUU,0.00339859,nb GeV^-4,0.00116337,0.000255582,CLAS,e-,5.88,p,0.938272088
1287,0.244,-1.387,1.853,217.6,70,deg,d4SigUU,0.0062773,nb GeV^-4,0.00335041,0.000826563,CLAS,e-,5.88,p,0.938272088
1288,0.245,-1.385,1.85,232.8,70,deg,d4SigUU,0.00716907,nb GeV^-4,0.00554926,0.000418025,CLAS,e-,5.88,p,0.938272088
1289,0.245,-1.387,1.847,278.2,70,deg,d4SigUU,0.00627423,nb GeV^-4,0.00550686,0.00043848,CLAS,e-,5.88,p,0.938272088
1290,0.245,-1.388,1.845,293.3,70,deg,d4SigUU,0.00392208,nb GeV^-4,0.000840007,0.00078641,CLAS,e-,5.88,p,0.938272088
1291,0.245,-1.389,1.844,308.4,70,deg,d4SigUU,0.00784127,nb GeV^-4,0.0012036,0.000572186,CLAS,e-,5.88,p,0.938272088
1292,0.245,-1.386,1.84,323.6,70,deg,d4SigUU,0.0105722,nb GeV^-4,0.00126995,0.000945717,CLAS,e-,5.88,p,0.938272088
1293,0.245,-1.372,1.836,338.6,70,deg,d4SigUU,0.0253786,nb GeV^-4,0.00147074,0.00187896,CLAS,e-,5.88,p,0.938272088
1294,0.245,-1.407,1.828,352.4,70,deg,d4SigUU,0.0326586,nb GeV^-4,0.00184069,0.00655669,CLAS,e-,5.88,p,0.938272088
1295,0.245,-0.109,2.159,7.5,71,deg,d4SigUU,1.16815,nb GeV^-4,0.0780718,0.0782375,CLAS,e-,5.88,p,0.938272088
1296,0.244,-0.11,2.166,22.5,71,deg,d4SigUU,0.999032,nb GeV^-4,0.0597056,0.0606065,CLAS,e-,5.88,p,0.938272088
1297,0.244,-0.11,2.173,37.3,71,deg,d4SigUU,0.903966,nb GeV^-4,0.0474022,0.0574325,CLAS,e-,5.88,p,0.938272088
1298,0.244,-0.11,2.174,52.2,71,deg,d4SigUU,0.761117,nb GeV^-4,0.0460564,0.0500597,CLAS,e-,5.88,p,0.938272088
1299,0.244,-0.109,2.174,67.2,71,deg,d4SigUU,0.658366,nb GeV^-4,0.0519812,0.0460473,CLAS,e-,5.88,p,0.938272088
1300,0.244,-0.109,2.175,82.2,71,deg,d4SigUU,0.436371,nb GeV^-4,0.0358362,0.0351919,CLAS,e-,5.88,p,0.938272088
1301,0.245,-0.109,2.176,97.2,71,deg,d4SigUU,0.336282,nb GeV^-4,0.024139,0.0203203,CLAS,e-,5.88,p,0.938272088
1302,0.245,-0.109,2.177,112.3,71,deg,d4SigUU,0.283814,nb GeV^-4,0.0217214,0.0182942,CLAS,e-,5.88,p,0.938272088
1303,0.245,-0.109,2.178,127.3,71,deg,d4SigUU,0.198759,nb GeV^-4,0.0214325,0.0322656,CLAS,e-,5.88,p,0.938272088
1304,0.245,-0.109,2.179,157.4,71,deg,d4SigUU,0.149121,nb GeV^-4,0.0195392,0.0116928,CLAS,e-,5.88,p,0.938272088
1305,0.245,-0.109,2.179,172.5,71,deg,d4SigUU,0.115914,nb GeV^-4,0.0188192,0.0374547,CLAS,e-,5.88,p,0.938272088
1306,0.245,-0.109,2.179,202.6,71,deg,d4SigUU,0.125456,nb GeV^-4,0.0143082,0.0450365,CLAS,e-,5.88,p,0.938272088
1307,0.245,-0.109,2.178,217.6,71,deg,d4SigUU,0.155524,nb GeV^-4,0.0162087,0.0101802,CLAS,e-,5.88,p,0.938272088
1308,0.245,-0.109,2.178,232.7,71,deg,d4SigUU,0.152286,nb GeV^-4,0.0155858,0.0111736,CLAS,e-,5.88,p,0.938272088
1309,0.245,-0.109,2.177,247.7,71,deg,d4SigUU,0.27984,nb GeV^-4,0.0241716,0.0206816,CLAS,e-,5.88,p,0.938272088
1310,0.245,-0.109,2.176,262.8,71,deg,d4SigUU,0.419331,nb GeV^-4,0.0315794,0.0329502,CLAS,e-,5.88,p,0.938272088
1311,0.244,-0.109,2.175,277.8,71,deg,d4SigUU,0.491761,nb GeV^-4,0.0343398,0.0397452,CLAS,e-,5.88,p,0.938272088
1312,0.244,-0.109,2.174,292.8,71,deg,d4SigUU,0.662303,nb GeV^-4,0.0502552,0.05165,CLAS,e-,5.88,p,0.938272088
1313,0.244,-0.11,2.174,307.8,71,deg,d4SigUU,0.795673,nb GeV^-4,0.0473732,0.0508551,CLAS,e-,5.88,p,0.938272088
1314,0.244,-0.11,2.173,322.7,71,deg,d4SigUU,0.824655,nb GeV^-4,0.0419336,0.0493386,CLAS,e-,5.88,p,0.938272088
1315,0.244,-0.11,2.166,337.5,71,deg,d4SigUU,1.1761,nb GeV^-4,0.0627736,0.0756792,CLAS,e-,5.88,p,0.938272088
1316,0.245,-0.109,2.159,352.5,71,deg,d4SigUU,1.20042,nb GeV^-4,0.0769866,0.0810302,CLAS,e-,5.88,p,0.938272088
1317,0.246,-0.153,2.113,7.6,72,deg,d4SigUU,1.58331,nb GeV^-4,0.101002,0.126992,CLAS,e-,5.88,p,0.938272088
1318,0.245,-0.153,2.133,22.7,72,deg,d4SigUU,1.26856,nb GeV^-4,0.0635973,0.0786023,CLAS,e-,5.88,p,0.938272088
1319,0.245,-0.154,2.167,37.4,72,deg,d4SigUU,1.00802,nb GeV^-4,0.0403023,0.0603691,CLAS,e-,5.88,p,0.938272088
1320,0.244,-0.154,2.176,52.1,72,deg,d4SigUU,0.739106,nb GeV^-4,0.02934,0.044948,CLAS,e-,5.88,p,0.938272088
1321,0.245,-0.154,2.176,67.1,72,deg,d4SigUU,0.607244,nb GeV^-4,0.0345069,0.0372711,CLAS,e-,5.88,p,0.938272088
1322,0.245,-0.153,2.176,82.1,72,deg,d4SigUU,0.511411,nb GeV^-4,0.0356145,0.0323294,CLAS,e-,5.88,p,0.938272088
1323,0.245,-0.153,2.177,97.2,72,deg,d4SigUU,0.328487,nb GeV^-4,0.0207531,0.0207928,CLAS,e-,5.88,p,0.938272088
1324,0.245,-0.153,2.177,112.2,72,deg,d4SigUU,0.226356,nb GeV^-4,0.0155136,0.015115,CLAS,e-,5.88,p,0.938272088
1325,0.245,-0.153,2.178,127.3,72,deg,d4SigUU,0.170997,nb GeV^-4,0.0144295,0.011922,CLAS,e-,5.88,p,0.938272088
1326,0.245,-0.153,2.179,142.3,72,deg,d4SigUU,0.112189,nb GeV^-4,0.0115695,0.00763734,CLAS,e-,5.88,p,0.938272088
1327,0.245,-0.153,2.179,157.4,72,deg,d4SigUU,0.124494,nb GeV^-4,0.0106665,0.00751125,CLAS,e-,5.88,p,0.938272088
1328,0.245,-0.153,2.179,172.5,72,deg,d4SigUU,0.102764,nb GeV^-4,0.0094284,0.0120054,CLAS,e-,5.88,p,0.938272088
1329,0.245,-0.153,2.179,187.5,72,deg,d4SigUU,0.139857,nb GeV^-4,0.0145709,0.00931909,CLAS,e-,5.88,p,0.938272088
1330,0.245,-0.153,2.179,202.6,72,deg,d4SigUU,0.127723,nb GeV^-4,0.0105773,0.00825166,CLAS,e-,5.88,p,0.938272088
1331,0.245,-0.153,2.179,217.7,72,deg,d4SigUU,0.144241,nb GeV^-4,0.0105545,0.011162,CLAS,e-,5.88,p,0.938272088
1332,0.245,-0.153,2.178,232.7,72,deg,d4SigUU,0.198878,nb GeV^-4,0.0163686,0.0142829,CLAS,e-,5.88,p,0.938272088
1333,0.245,-0.153,2.177,247.8,72,deg,d4SigUU,0.302455,nb GeV^-4,0.0253729,0.0207751,CLAS,e-,5.88,p,0.938272088
1334,0.245,-0.153,2.177,262.8,72,deg,d4SigUU,0.333766,nb GeV^-4,0.0207539,0.0239099,CLAS,e-,5.88,p,0.938272088
1335,0.245,-0.153,2.176,277.9,72,deg,d4SigUU,0.398582,nb GeV^-4,0.0217945,0.0255858,CLAS,e-,5.88,p,0.938272088
1336,0.245,-0.154,2.176,292.9,72,deg,d4SigUU,0.525493,nb GeV^-4,0.0266574,0.0385648,CLAS,e-,5.88,p,0.938272088
1337,0.244,-0.154,2.176,307.9,72,deg,d4SigUU,0.702666,nb GeV^-4,0.0313132,0.0452523,CLAS,e-,5.88,p,0.938272088
1338,0.245,-0.154,2.167,322.6,72,deg,d4SigUU,1.1113,nb GeV^-4,0.0457162,0.0715805,CLAS,e-,5.88,p,0.938272088
1339,0.245,-0.153,2.133,337.3,72,deg,d4SigUU,1.1619,nb GeV^-4,0.0508818,0.0772417,CLAS,e-,5.88,p,0.938272088
1340,0.246,-0.153,2.113,352.4,72,deg,d4SigUU,1.70014,nb GeV^-4,0.0996143,0.13189,CLAS,e-,5.88,p,0.938272088
1341,0.245,-0.204,2.177,52,73,deg,d4SigUU,0.571121,nb GeV^-4,0.0245483,0.0343117,CLAS,e-,5.88,p,0.938272088
1342,0.245,-0.204,2.176,67,73,deg,d4SigUU,0.392253,nb GeV^-4,0.0209536,0.0263205,CLAS,e-,5.88,p,0.938272088
1343,0.245,-0.203,2.176,82.1,73,deg,d4SigUU,0.266837,nb GeV^-4,0.0173841,0.017265,CLAS,e-,5.88,p,0.938272088
1344,0.245,-0.203,2.177,97.2,73,deg,d4SigUU,0.223867,nb GeV^-4,0.0160301,0.0155657,CLAS,e-,5.88,p,0.938272088
1345,0.245,-0.203,2.177,112.2,73,deg,d4SigUU,0.212328,nb GeV^-4,0.0159946,0.0143143,CLAS,e-,5.88,p,0.938272088
1346,0.245,-0.203,2.178,127.3,73,deg,d4SigUU,0.131541,nb GeV^-4,0.0131018,0.011283,CLAS,e-,5.88,p,0.938272088
1347,0.245,-0.203,2.178,142.3,73,deg,d4SigUU,0.109286,nb GeV^-4,0.0156347,0.0126672,CLAS,e-,5.88,p,0.938272088
1348,0.245,-0.203,2.179,157.4,73,deg,d4SigUU,0.0723426,nb GeV^-4,0.00795811,0.00814882,CLAS,e-,5.88,p,0.938272088
1349,0.245,-0.203,2.179,172.5,73,deg,d4SigUU,0.0875816,nb GeV^-4,0.00975892,0.00631541,CLAS,e-,5.88,p,0.938272088
1350,0.245,-0.203,2.179,187.5,73,deg,d4SigUU,0.102135,nb GeV^-4,0.0131039,0.0108612,CLAS,e-,5.88,p,0.938272088
1351,0.245,-0.203,2.178,217.7,73,deg,d4SigUU,0.136877,nb GeV^-4,0.0120449,0.00934673,CLAS,e-,5.88,p,0.938272088
1352,0.245,-0.203,2.178,232.7,73,deg,d4SigUU,0.150264,nb GeV^-4,0.013338,0.0126347,CLAS,e-,5.88,p,0.938272088
1353,0.245,-0.203,2.177,247.8,73,deg,d4SigUU,0.173848,nb GeV^-4,0.0154342,0.0174598,CLAS,e-,5.88,p,0.938272088
1354,0.245,-0.203,2.177,262.8,73,deg,d4SigUU,0.215409,nb GeV^-4,0.0141224,0.0166842,CLAS,e-,5.88,p,0.938272088
1355,0.245,-0.203,2.176,277.9,73,deg,d4SigUU,0.354405,nb GeV^-4,0.0196509,0.0231145,CLAS,e-,5.88,p,0.938272088
1356,0.245,-0.204,2.176,293,73,deg,d4SigUU,0.42306,nb GeV^-4,0.0230065,0.031016,CLAS,e-,5.88,p,0.938272088
1357,0.245,-0.204,2.177,308,73,deg,d4SigUU,0.590643,nb GeV^-4,0.0295693,0.043393,CLAS,e-,5.88,p,0.938272088
1358,0.245,-0.263,2.137,37.8,74,deg,d4SigUU,0.702909,nb GeV^-4,0.0312636,0.054082,CLAS,e-,5.88,p,0.938272088
1359,0.245,-0.263,2.176,51.9,74,deg,d4SigUU,0.368834,nb GeV^-4,0.017344,0.0284642,CLAS,e-,5.88,p,0.938272088
1360,0.245,-0.262,2.175,67,74,deg,d4SigUU,0.324371,nb GeV^-4,0.017083,0.0196948,CLAS,e-,5.88,p,0.938272088
1361,0.245,-0.262,2.175,82.1,74,deg,d4SigUU,0.236392,nb GeV^-4,0.0157606,0.0185517,CLAS,e-,5.88,p,0.938272088
1362,0.245,-0.262,2.176,97.1,74,deg,d4SigUU,0.165078,nb GeV^-4,0.0115206,0.0118196,CLAS,e-,5.88,p,0.938272088
1363,0.245,-0.262,2.177,112.2,74,deg,d4SigUU,0.110138,nb GeV^-4,0.00864081,0.00780472,CLAS,e-,5.88,p,0.938272088
1364,0.245,-0.262,2.178,127.3,74,deg,d4SigUU,0.0820636,nb GeV^-4,0.00761536,0.0114929,CLAS,e-,5.88,p,0.938272088
1365,0.245,-0.262,2.178,142.3,74,deg,d4SigUU,0.0878843,nb GeV^-4,0.0111286,0.00573957,CLAS,e-,5.88,p,0.938272088
1366,0.245,-0.262,2.179,157.4,74,deg,d4SigUU,0.0450939,nb GeV^-4,0.00499517,0.0037421,CLAS,e-,5.88,p,0.938272088
1367,0.245,-0.262,2.179,172.5,74,deg,d4SigUU,0.06774,nb GeV^-4,0.00778801,0.00550271,CLAS,e-,5.88,p,0.938272088
1368,0.245,-0.262,2.179,187.5,74,deg,d4SigUU,0.072476,nb GeV^-4,0.00948369,0.00479001,CLAS,e-,5.88,p,0.938272088
1369,0.245,-0.262,2.179,202.6,74,deg,d4SigUU,0.0632316,nb GeV^-4,0.00631848,0.00634342,CLAS,e-,5.88,p,0.938272088
1370,0.245,-0.262,2.178,217.7,74,deg,d4SigUU,0.0890197,nb GeV^-4,0.00759178,0.00820981,CLAS,e-,5.88,p,0.938272088
1371,0.245,-0.262,2.178,232.7,74,deg,d4SigUU,0.103489,nb GeV^-4,0.010245,0.00798328,CLAS,e-,5.88,p,0.938272088
1372,0.245,-0.262,2.177,247.8,74,deg,d4SigUU,0.117338,nb GeV^-4,0.0114889,0.00734656,CLAS,e-,5.88,p,0.938272088
1373,0.245,-0.262,2.176,262.9,74,deg,d4SigUU,0.148202,nb GeV^-4,0.00974123,0.0111729,CLAS,e-,5.88,p,0.938272088
1374,0.245,-0.262,2.175,277.9,74,deg,d4SigUU,0.189445,nb GeV^-4,0.00992766,0.0143976,CLAS,e-,5.88,p,0.938272088
1375,0.245,-0.262,2.175,293,74,deg,d4SigUU,0.300659,nb GeV^-4,0.0156725,0.0204137,CLAS,e-,5.88,p,0.938272088
1376,0.245,-0.263,2.176,308.1,74,deg,d4SigUU,0.356081,nb GeV^-4,0.020596,0.0364659,CLAS,e-,5.88,p,0.938272088
1377,0.245,-0.263,2.137,322.2,74,deg,d4SigUU,0.726939,nb GeV^-4,0.0338878,0.0955884,CLAS,e-,5.88,p,0.938272088
1378,0.246,-0.342,2.135,38.1,75,deg,d4SigUU,0.599671,nb GeV^-4,0.0312409,0.0377023,CLAS,e-,5.88,p,0.938272088
1379,0.245,-0.341,2.174,51.8,75,deg,d4SigUU,0.26196,nb GeV^-4,0.010969,0.0157943,CLAS,e-,5.88,p,0.938272088
1380,0.245,-0.341,2.174,66.9,75,deg,d4SigUU,0.188523,nb GeV^-4,0.0104399,0.0125788,CLAS,e-,5.88,p,0.938272088
1381,0.245,-0.341,2.175,82,75,deg,d4SigUU,0.124225,nb GeV^-4,0.00912434,0.00796888,CLAS,e-,5.88,p,0.938272088
1382,0.245,-0.341,2.176,97.1,75,deg,d4SigUU,0.108233,nb GeV^-4,0.00890316,0.00998632,CLAS,e-,5.88,p,0.938272088
1383,0.245,-0.34,2.176,112.2,75,deg,d4SigUU,0.0721846,nb GeV^-4,0.00646075,0.0075788,CLAS,e-,5.88,p,0.938272088
1384,0.245,-0.34,2.177,127.3,75,deg,d4SigUU,0.0663525,nb GeV^-4,0.00757474,0.00521131,CLAS,e-,5.88,p,0.938272088
1385,0.245,-0.34,2.178,142.3,75,deg,d4SigUU,0.0466416,nb GeV^-4,0.00610697,0.00522546,CLAS,e-,5.88,p,0.938272088
1386,0.245,-0.34,2.178,157.4,75,deg,d4SigUU,0.0412078,nb GeV^-4,0.00485379,0.00390075,CLAS,e-,5.88,p,0.938272088
1387,0.245,-0.34,2.179,172.5,75,deg,d4SigUU,0.0395582,nb GeV^-4,0.00513733,0.00406064,CLAS,e-,5.88,p,0.938272088
1388,0.245,-0.34,2.179,187.5,75,deg,d4SigUU,0.0308584,nb GeV^-4,0.00407214,0.00393854,CLAS,e-,5.88,p,0.938272088
1389,0.245,-0.34,2.178,202.6,75,deg,d4SigUU,0.046906,nb GeV^-4,0.00543016,0.00567731,CLAS,e-,5.88,p,0.938272088
1390,0.245,-0.34,2.178,217.7,75,deg,d4SigUU,0.0453932,nb GeV^-4,0.00448894,0.00406116,CLAS,e-,5.88,p,0.938272088
1391,0.245,-0.34,2.177,232.7,75,deg,d4SigUU,0.0487022,nb GeV^-4,0.00533336,0.00674811,CLAS,e-,5.88,p,0.938272088
1392,0.245,-0.34,2.176,247.8,75,deg,d4SigUU,0.0729601,nb GeV^-4,0.00805528,0.00660242,CLAS,e-,5.88,p,0.938272088
1393,0.245,-0.341,2.176,262.9,75,deg,d4SigUU,0.10643,nb GeV^-4,0.00876462,0.00813228,CLAS,e-,5.88,p,0.938272088
1394,0.245,-0.341,2.175,278,75,deg,d4SigUU,0.128476,nb GeV^-4,0.00784452,0.00919298,CLAS,e-,5.88,p,0.938272088
1395,0.245,-0.341,2.174,293.1,75,deg,d4SigUU,0.193887,nb GeV^-4,0.0115576,0.0123574,CLAS,e-,5.88,p,0.938272088
1396,0.245,-0.341,2.174,308.2,75,deg,d4SigUU,0.283633,nb GeV^-4,0.0137559,0.0178464,CLAS,e-,5.88,p,0.938272088
1397,0.246,-0.342,2.135,321.9,75,deg,d4SigUU,0.573331,nb GeV^-4,0.0337698,2.3289,CLAS,e-,5.88,p,0.938272088
1398,0.245,-0.45,2.141,37.9,76,deg,d4SigUU,0.361071,nb GeV^-4,0.0188017,0.0216107,CLAS,e-,5.88,p,0.938272088
1399,0.245,-0.448,2.171,51.7,76,deg,d4SigUU,0.156526,nb GeV^-4,0.00699728,0.00943426,CLAS,e-,5.88,p,0.938272088
1400,0.245,-0.448,2.172,66.9,76,deg,d4SigUU,0.0901688,nb GeV^-4,0.00563022,0.00573595,CLAS,e-,5.88,p,0.938272088
1401,0.245,-0.447,2.174,82,76,deg,d4SigUU,0.0731808,nb GeV^-4,0.00644462,0.00638549,CLAS,e-,5.88,p,0.938272088
1402,0.245,-0.447,2.175,97.1,76,deg,d4SigUU,0.0534431,nb GeV^-4,0.00499325,0.00461192,CLAS,e-,5.88,p,0.938272088
1403,0.245,-0.447,2.176,112.2,76,deg,d4SigUU,0.0559771,nb GeV^-4,0.00542059,0.00511838,CLAS,e-,5.88,p,0.938272088
1404,0.245,-0.447,2.177,127.3,76,deg,d4SigUU,0.0208797,nb GeV^-4,0.00236492,0.00147774,CLAS,e-,5.88,p,0.938272088
1405,0.245,-0.447,2.178,142.3,76,deg,d4SigUU,0.0166022,nb GeV^-4,0.00317121,0.00259108,CLAS,e-,5.88,p,0.938272088
1406,0.245,-0.447,2.178,157.4,76,deg,d4SigUU,0.0342262,nb GeV^-4,0.00583651,0.00282229,CLAS,e-,5.88,p,0.938272088
1407,0.245,-0.447,2.178,172.5,76,deg,d4SigUU,0.0246186,nb GeV^-4,0.00451736,0.00375507,CLAS,e-,5.88,p,0.938272088
1408,0.245,-0.447,2.178,187.5,76,deg,d4SigUU,0.032119,nb GeV^-4,0.00717118,0.00239398,CLAS,e-,5.88,p,0.938272088
1409,0.245,-0.447,2.178,202.6,76,deg,d4SigUU,0.0212009,nb GeV^-4,0.00358923,0.00218449,CLAS,e-,5.88,p,0.938272088
1410,0.245,-0.447,2.178,217.7,76,deg,d4SigUU,0.0270469,nb GeV^-4,0.00339479,0.00222526,CLAS,e-,5.88,p,0.938272088
1411,0.245,-0.447,2.177,232.7,76,deg,d4SigUU,0.0290987,nb GeV^-4,0.00387738,0.00332436,CLAS,e-,5.88,p,0.938272088
1412,0.245,-0.447,2.176,247.8,76,deg,d4SigUU,0.051271,nb GeV^-4,0.00635032,0.00862929,CLAS,e-,5.88,p,0.938272088
1413,0.245,-0.447,2.175,262.9,76,deg,d4SigUU,0.0535993,nb GeV^-4,0.00519395,0.00415659,CLAS,e-,5.88,p,0.938272088
1414,0.245,-0.447,2.174,278,76,deg,d4SigUU,0.0625224,nb GeV^-4,0.00414872,0.00513631,CLAS,e-,5.88,p,0.938272088
1415,0.245,-0.448,2.172,293.1,76,deg,d4SigUU,0.0922613,nb GeV^-4,0.00532696,0.00807018,CLAS,e-,5.88,p,0.938272088
1416,0.245,-0.448,2.171,308.3,76,deg,d4SigUU,0.162713,nb GeV^-4,0.00828969,0.0123105,CLAS,e-,5.88,p,0.938272088
1417,0.245,-0.45,2.141,322.1,76,deg,d4SigUU,0.349959,nb GeV^-4,0.0229538,386,CLAS,e-,5.88,p,0.938272088
1418,0.245,-0.61,2.155,37,77,deg,d4SigUU,0.171314,nb GeV^-4,0.00877027,0.0104083,CLAS,e-,5.88,p,0.938272088
1419,0.245,-0.605,2.168,51.7,77,deg,d4SigUU,0.0841559,nb GeV^-4,0.00436459,0.00504856,CLAS,e-,5.88,p,0.938272088
1420,0.245,-0.605,2.17,66.9,77,deg,d4SigUU,0.0495893,nb GeV^-4,0.00361609,0.00346135,CLAS,e-,5.88,p,0.938272088
1421,0.245,-0.605,2.172,82,77,deg,d4SigUU,0.0229097,nb GeV^-4,0.00236666,0.00314471,CLAS,e-,5.88,p,0.938272088
1422,0.245,-0.605,2.174,97.1,77,deg,d4SigUU,0.0229984,nb GeV^-4,0.00246841,0.00189748,CLAS,e-,5.88,p,0.938272088
1423,0.245,-0.604,2.175,112.2,77,deg,d4SigUU,0.0155485,nb GeV^-4,0.00184615,0.00109263,CLAS,e-,5.88,p,0.938272088
1424,0.245,-0.604,2.177,127.2,77,deg,d4SigUU,0.017233,nb GeV^-4,0.00289682,0.00157026,CLAS,e-,5.88,p,0.938272088
1425,0.245,-0.604,2.177,142.3,77,deg,d4SigUU,0.00391143,nb GeV^-4,0.00135857,0.000967037,CLAS,e-,5.88,p,0.938272088
1426,0.245,-0.604,2.178,157.4,77,deg,d4SigUU,0.00917466,nb GeV^-4,0.00262796,0.0012425,CLAS,e-,5.88,p,0.938272088
1427,0.245,-0.604,2.178,187.5,77,deg,d4SigUU,0.0281432,nb GeV^-4,0.0132374,0.00777461,CLAS,e-,5.88,p,0.938272088
1428,0.245,-0.604,2.178,202.6,77,deg,d4SigUU,0.0190003,nb GeV^-4,0.00555547,0.00119125,CLAS,e-,5.88,p,0.938272088
1429,0.245,-0.604,2.177,217.7,77,deg,d4SigUU,0.0175255,nb GeV^-4,0.00376842,0.00317516,CLAS,e-,5.88,p,0.938272088
1430,0.245,-0.604,2.177,232.8,77,deg,d4SigUU,0.0135968,nb GeV^-4,0.00235925,0.00146339,CLAS,e-,5.88,p,0.938272088
1431,0.245,-0.604,2.175,247.8,77,deg,d4SigUU,0.0156462,nb GeV^-4,0.00232809,0.00320159,CLAS,e-,5.88,p,0.938272088
1432,0.245,-0.605,2.174,262.9,77,deg,d4SigUU,0.0274999,nb GeV^-4,0.00316814,0.00251603,CLAS,e-,5.88,p,0.938272088
1433,0.245,-0.605,2.172,278,77,deg,d4SigUU,0.040228,nb GeV^-4,0.00344925,0.0026989,CLAS,e-,5.88,p,0.938272088
1434,0.245,-0.605,2.17,293.1,77,deg,d4SigUU,0.0544423,nb GeV^-4,0.00400648,0.00485668,CLAS,e-,5.88,p,0.938272088
1435,0.245,-0.605,2.168,308.3,77,deg,d4SigUU,0.0771692,nb GeV^-4,0.00491948,0.00532028,CLAS,e-,5.88,p,0.938272088
1436,0.245,-0.61,2.155,323,77,deg,d4SigUU,0.126387,nb GeV^-4,0.00708811,0.00838925,CLAS,e-,5.88,p,0.938272088
1437,0.245,-0.919,2.149,24,78,deg,d4SigUU,0.124299,nb GeV^-4,0.0127388,0.00863514,CLAS,e-,5.88,p,0.938272088
1438,0.245,-0.864,2.159,36.5,78,deg,d4SigUU,0.0495256,nb GeV^-4,0.00260193,0.00321515,CLAS,e-,5.88,p,0.938272088
1439,0.245,-0.866,2.164,51.7,78,deg,d4SigUU,0.0302213,nb GeV^-4,0.00195045,0.00204401,CLAS,e-,5.88,p,0.938272088
1440,0.245,-0.867,2.168,66.9,78,deg,d4SigUU,0.0199377,nb GeV^-4,0.0019337,0.00171117,CLAS,e-,5.88,p,0.938272088
1441,0.245,-0.867,2.171,82,78,deg,d4SigUU,0.0166947,nb GeV^-4,0.00225457,0.00131524,CLAS,e-,5.88,p,0.938272088
1442,0.245,-0.867,2.173,97.1,78,deg,d4SigUU,0.00966943,nb GeV^-4,0.00132654,0.00116401,CLAS,e-,5.88,p,0.938272088
1443,0.245,-0.866,2.175,112.1,78,deg,d4SigUU,0.00511413,nb GeV^-4,0.000964738,0.000496787,CLAS,e-,5.88,p,0.938272088
1444,0.245,-0.866,2.176,127.2,78,deg,d4SigUU,0.00580073,nb GeV^-4,0.00221873,0.000338238,CLAS,e-,5.88,p,0.938272088
1445,0.245,-0.866,2.177,142.3,78,deg,d4SigUU,0.00270933,nb GeV^-4,0.00247345,0.000950614,CLAS,e-,5.88,p,0.938272088
1446,0.245,-0.866,2.178,157.4,78,deg,d4SigUU,0.00302666,nb GeV^-4,0.00275205,0.000176483,CLAS,e-,5.88,p,0.938272088
1447,0.245,-0.866,2.176,232.8,78,deg,d4SigUU,0.00768794,nb GeV^-4,0.00317398,0.00114794,CLAS,e-,5.88,p,0.938272088
1448,0.245,-0.867,2.173,262.9,78,deg,d4SigUU,0.0105474,nb GeV^-4,0.00158384,0.0011657,CLAS,e-,5.88,p,0.938272088
1449,0.245,-0.867,2.171,278,78,deg,d4SigUU,0.0106212,nb GeV^-4,0.00119099,0.000757747,CLAS,e-,5.88,p,0.938272088
1450,0.245,-0.867,2.168,293.1,78,deg,d4SigUU,0.016421,nb GeV^-4,0.0015482,0.00154048,CLAS,e-,5.88,p,0.938272088
1451,0.245,-0.866,2.164,308.3,78,deg,d4SigUU,0.0296358,nb GeV^-4,0.00235023,0.00203035,CLAS,e-,5.88,p,0.938272088
1452,0.245,-0.864,2.159,323.5,78,deg,d4SigUU,0.0527471,nb GeV^-4,0.00312266,0.00564524,CLAS,e-,5.88,p,0.938272088
1453,0.245,-0.919,2.149,336,78,deg,d4SigUU,0.117516,nb GeV^-4,0.00967374,1.28571,CLAS,e-,5.88,p,0.938272088
1454,0.245,-1.369,2.142,7.4,79,deg,d4SigUU,0.0249489,nb GeV^-4,0.00169004,0.00164239,CLAS,e-,5.88,p,0.938272088
1455,0.246,-1.366,2.146,21.8,79,deg,d4SigUU,0.0162688,nb GeV^-4,0.0013473,0.000990837,CLAS,e-,5.88,p,0.938272088
1456,0.245,-1.379,2.154,36.7,79,deg,d4SigUU,0.00749965,nb GeV^-4,0.000704042,0.000524214,CLAS,e-,5.88,p,0.938272088
1457,0.245,-1.384,2.161,51.8,79,deg,d4SigUU,0.00612484,nb GeV^-4,0.000652283,0.000623146,CLAS,e-,5.88,p,0.938272088
1458,0.245,-1.386,2.166,66.9,79,deg,d4SigUU,0.00471829,nb GeV^-4,0.000723327,0.000434143,CLAS,e-,5.88,p,0.938272088
1459,0.245,-1.386,2.17,81.9,79,deg,d4SigUU,0.00254651,nb GeV^-4,0.000774118,0.00101418,CLAS,e-,5.88,p,0.938272088
1460,0.244,-1.385,2.177,112.2,79,deg,d4SigUU,0.000814758,nb GeV^-4,0.000745906,4.75082E-05,CLAS,e-,5.88,p,0.938272088
1461,0.245,-1.386,2.173,263,79,deg,d4SigUU,0.00275911,nb GeV^-4,0.00160606,0.000175214,CLAS,e-,5.88,p,0.938272088
1462,0.245,-1.386,2.17,278.1,79,deg,d4SigUU,0.00338637,nb GeV^-4,0.000809034,0.00053328,CLAS,e-,5.88,p,0.938272088
1463,0.245,-1.384,2.161,308.2,79,deg,d4SigUU,0.00676857,nb GeV^-4,0.000905073,0.000826456,CLAS,e-,5.88,p,0.938272088
1464,0.245,-1.379,2.154,323.3,79,deg,d4SigUU,0.0101504,nb GeV^-4,0.000997201,0.000738391,CLAS,e-,5.88,p,0.938272088
1465,0.246,-1.366,2.146,338.2,79,deg,d4SigUU,0.0160528,nb GeV^-4,0.00104198,0.00130562,CLAS,e-,5.88,p,0.938272088
1466,0.245,-1.369,2.142,352.6,79,deg,d4SigUU,0.02024,nb GeV^-4,0.00123751,0.00585091,CLAS,e-,5.88,p,0.938272088
1467,0.273,-0.111,1.99,7.5,80,deg,d4SigUU,0.369256,nb GeV^-4,0.0354054,0.0356177,CLAS,e-,5.88,p,0.938272088
1468,0.273,-0.111,1.99,22.4,80,deg,d4SigUU,0.339082,nb GeV^-4,0.0294392,0.0213111,CLAS,e-,5.88,p,0.938272088
1469,0.273,-0.111,1.991,37.3,80,deg,d4SigUU,0.258805,nb GeV^-4,0.0225427,0.0210503,CLAS,e-,5.88,p,0.938272088
1470,0.273,-0.111,1.992,52.3,80,deg,d4SigUU,0.332264,nb GeV^-4,0.0285816,0.0229305,CLAS,e-,5.88,p,0.938272088
1471,0.274,-0.11,1.993,67.3,80,deg,d4SigUU,0.329148,nb GeV^-4,0.0337097,0.0212783,CLAS,e-,5.88,p,0.938272088
1472,0.274,-0.11,1.994,82.3,80,deg,d4SigUU,0.132344,nb GeV^-4,0.0178855,0.0122913,CLAS,e-,5.88,p,0.938272088
1473,0.274,-0.11,1.995,97.3,80,deg,d4SigUU,0.0687411,nb GeV^-4,0.0124388,0.00455479,CLAS,e-,5.88,p,0.938272088
1474,0.274,-0.109,1.996,112.3,80,deg,d4SigUU,0.0273702,nb GeV^-4,0.00783196,0.00820428,CLAS,e-,5.88,p,0.938272088
1475,0.274,-0.109,1.998,127.3,80,deg,d4SigUU,0.0316913,nb GeV^-4,0.0133033,0.0592518,CLAS,e-,5.88,p,0.938272088
1476,0.274,-0.109,1.996,247.7,80,deg,d4SigUU,0.0244758,nb GeV^-4,0.00656626,0.00343348,CLAS,e-,5.88,p,0.938272088
1477,0.274,-0.11,1.995,262.7,80,deg,d4SigUU,0.068313,nb GeV^-4,0.00916308,0.0162135,CLAS,e-,5.88,p,0.938272088
1478,0.274,-0.11,1.994,277.7,80,deg,d4SigUU,0.158037,nb GeV^-4,0.0209197,0.021488,CLAS,e-,5.88,p,0.938272088
1479,0.274,-0.11,1.993,292.7,80,deg,d4SigUU,0.304284,nb GeV^-4,0.0344862,0.0542911,CLAS,e-,5.88,p,0.938272088
1480,0.273,-0.111,1.992,307.7,80,deg,d4SigUU,0.265541,nb GeV^-4,0.0231136,0.0243678,CLAS,e-,5.88,p,0.938272088
1481,0.273,-0.111,1.991,322.7,80,deg,d4SigUU,0.346033,nb GeV^-4,0.0263142,0.0221451,CLAS,e-,5.88,p,0.938272088
1482,0.273,-0.111,1.99,337.6,80,deg,d4SigUU,0.435958,nb GeV^-4,0.0318613,0.0279053,CLAS,e-,5.88,p,0.938272088
1483,0.273,-0.111,1.99,352.5,80,deg,d4SigUU,0.330082,nb GeV^-4,0.0262199,0.0226013,CLAS,e-,5.88,p,0.938272088
1484,0.274,-0.155,1.994,7.4,81,deg,d4SigUU,0.426235,nb GeV^-4,0.0227088,0.0313168,CLAS,e-,5.88,p,0.938272088
1485,0.274,-0.155,1.994,22.3,81,deg,d4SigUU,0.434693,nb GeV^-4,0.023051,0.0261369,CLAS,e-,5.88,p,0.938272088
1486,0.274,-0.155,1.995,37.2,81,deg,d4SigUU,0.433563,nb GeV^-4,0.0236721,0.0261797,CLAS,e-,5.88,p,0.938272088
1487,0.274,-0.154,1.996,52.2,81,deg,d4SigUU,0.304078,nb GeV^-4,0.0184377,0.0209105,CLAS,e-,5.88,p,0.938272088
1488,0.274,-0.154,1.996,67.2,81,deg,d4SigUU,0.257806,nb GeV^-4,0.0199938,0.0162261,CLAS,e-,5.88,p,0.938272088
1489,0.274,-0.154,1.997,82.2,81,deg,d4SigUU,0.184534,nb GeV^-4,0.0163217,0.0122639,CLAS,e-,5.88,p,0.938272088
1490,0.274,-0.153,1.998,97.2,81,deg,d4SigUU,0.0855366,nb GeV^-4,0.00779461,0.0109439,CLAS,e-,5.88,p,0.938272088
1491,0.274,-0.153,1.999,112.2,81,deg,d4SigUU,0.107495,nb GeV^-4,0.0104426,0.00858066,CLAS,e-,5.88,p,0.938272088
1492,0.274,-0.153,2,127.3,81,deg,d4SigUU,0.0463791,nb GeV^-4,0.00931255,0.0115783,CLAS,e-,5.88,p,0.938272088
1493,0.274,-0.153,2,142.3,81,deg,d4SigUU,0.0349657,nb GeV^-4,0.0115047,0.00407706,CLAS,e-,5.88,p,0.938272088
1494,0.274,-0.153,2.001,157.4,81,deg,d4SigUU,0.0669564,nb GeV^-4,0.0261506,0.00869119,CLAS,e-,5.88,p,0.938272088
1495,0.275,-0.153,2.001,172.5,81,deg,d4SigUU,0.061112,nb GeV^-4,0.0308896,0.00515133,CLAS,e-,5.88,p,0.938272088
1496,0.275,-0.153,2.001,187.5,81,deg,d4SigUU,0.0686735,nb GeV^-4,0.0274666,0.0129569,CLAS,e-,5.88,p,0.938272088
1497,0.274,-0.153,2.001,202.6,81,deg,d4SigUU,0.045858,nb GeV^-4,0.0185401,0.00460345,CLAS,e-,5.88,p,0.938272088
1498,0.274,-0.153,2,217.7,81,deg,d4SigUU,0.0521997,nb GeV^-4,0.0128747,0.00355145,CLAS,e-,5.88,p,0.938272088
1499,0.274,-0.153,1.999,247.8,81,deg,d4SigUU,0.0876147,nb GeV^-4,0.00896262,0.00933154,CLAS,e-,5.88,p,0.938272088
1500,0.274,-0.153,1.998,262.8,81,deg,d4SigUU,0.148051,nb GeV^-4,0.0119583,0.0100119,CLAS,e-,5.88,p,0.938272088
1501,0.274,-0.154,1.997,277.8,81,deg,d4SigUU,0.17229,nb GeV^-4,0.0142876,0.0159264,CLAS,e-,5.88,p,0.938272088
1502,0.274,-0.154,1.996,292.8,81,deg,d4SigUU,0.259425,nb GeV^-4,0.0228278,0.0157366,CLAS,e-,5.88,p,0.938272088
1503,0.274,-0.154,1.996,307.8,81,deg,d4SigUU,0.332059,nb GeV^-4,0.0245453,0.0400297,CLAS,e-,5.88,p,0.938272088
1504,0.274,-0.155,1.995,322.8,81,deg,d4SigUU,0.383591,nb GeV^-4,0.019449,0.0229976,CLAS,e-,5.88,p,0.938272088
1505,0.274,-0.155,1.994,337.7,81,deg,d4SigUU,0.49995,nb GeV^-4,0.0228798,0.0325998,CLAS,e-,5.88,p,0.938272088
1506,0.274,-0.155,1.994,352.6,81,deg,d4SigUU,0.556935,nb GeV^-4,0.0287544,0.0343915,CLAS,e-,5.88,p,0.938272088
1507,0.274,-0.205,1.995,7.4,82,deg,d4SigUU,0.595236,nb GeV^-4,0.0306427,0.0445521,CLAS,e-,5.88,p,0.938272088
1508,0.274,-0.205,1.995,22.2,82,deg,d4SigUU,0.499048,nb GeV^-4,0.0266225,0.0299128,CLAS,e-,5.88,p,0.938272088
1509,0.274,-0.204,1.996,37.1,82,deg,d4SigUU,0.322847,nb GeV^-4,0.0164484,0.0198419,CLAS,e-,5.88,p,0.938272088
1510,0.274,-0.204,1.996,52.1,82,deg,d4SigUU,0.240313,nb GeV^-4,0.0138015,0.0155183,CLAS,e-,5.88,p,0.938272088
1511,0.274,-0.204,1.997,67.1,82,deg,d4SigUU,0.187497,nb GeV^-4,0.0147765,0.014348,CLAS,e-,5.88,p,0.938272088
1512,0.274,-0.204,1.998,82.1,82,deg,d4SigUU,0.132799,nb GeV^-4,0.0142689,0.0196306,CLAS,e-,5.88,p,0.938272088
1513,0.274,-0.203,1.999,97.2,82,deg,d4SigUU,0.129379,nb GeV^-4,0.014681,0.012486,CLAS,e-,5.88,p,0.938272088
1514,0.274,-0.203,1.999,112.2,82,deg,d4SigUU,0.0975187,nb GeV^-4,0.0114475,0.00625062,CLAS,e-,5.88,p,0.938272088
1515,0.275,-0.203,2,127.3,82,deg,d4SigUU,0.0694717,nb GeV^-4,0.0128876,0.0134745,CLAS,e-,5.88,p,0.938272088
1516,0.275,-0.203,2.001,142.3,82,deg,d4SigUU,0.0392335,nb GeV^-4,0.0197507,0.0108029,CLAS,e-,5.88,p,0.938272088
1517,0.275,-0.203,2.001,157.4,82,deg,d4SigUU,0.0253028,nb GeV^-4,0.0186644,0.00791865,CLAS,e-,5.88,p,0.938272088
1518,0.275,-0.203,2.001,187.5,82,deg,d4SigUU,0.0881806,nb GeV^-4,0.0343653,0.00644829,CLAS,e-,5.88,p,0.938272088
1519,0.275,-0.203,2.001,202.6,82,deg,d4SigUU,0.0157668,nb GeV^-4,0.00811193,0.00234246,CLAS,e-,5.88,p,0.938272088
1520,0.275,-0.203,2.001,217.7,82,deg,d4SigUU,0.0586322,nb GeV^-4,0.0167319,0.00480508,CLAS,e-,5.88,p,0.938272088
1521,0.275,-0.203,2,232.7,82,deg,d4SigUU,0.0782132,nb GeV^-4,0.0174939,0.00958124,CLAS,e-,5.88,p,0.938272088
1522,0.274,-0.203,1.999,247.8,82,deg,d4SigUU,0.0394838,nb GeV^-4,0.00517999,0.00457135,CLAS,e-,5.88,p,0.938272088
1523,0.274,-0.203,1.999,262.8,82,deg,d4SigUU,0.103509,nb GeV^-4,0.00992229,0.010446,CLAS,e-,5.88,p,0.938272088
1524,0.274,-0.204,1.998,277.9,82,deg,d4SigUU,0.151597,nb GeV^-4,0.0124547,0.0140748,CLAS,e-,5.88,p,0.938272088
1525,0.274,-0.204,1.997,292.9,82,deg,d4SigUU,0.202883,nb GeV^-4,0.0170881,0.0213874,CLAS,e-,5.88,p,0.938272088
1526,0.274,-0.204,1.996,307.9,82,deg,d4SigUU,0.282097,nb GeV^-4,0.0192649,0.0170015,CLAS,e-,5.88,p,0.938272088
1527,0.274,-0.204,1.996,322.9,82,deg,d4SigUU,0.353447,nb GeV^-4,0.018318,0.0208134,CLAS,e-,5.88,p,0.938272088
1528,0.274,-0.205,1.995,337.8,82,deg,d4SigUU,0.396809,nb GeV^-4,0.0177763,0.0271254,CLAS,e-,5.88,p,0.938272088
1529,0.274,-0.205,1.995,352.6,82,deg,d4SigUU,0.486695,nb GeV^-4,0.0210262,0.0301645,CLAS,e-,5.88,p,0.938272088
1530,0.274,-0.265,1.996,7.3,83,deg,d4SigUU,0.564326,nb GeV^-4,0.0215275,0.0344929,CLAS,e-,5.88,p,0.938272088
1531,0.274,-0.264,1.996,22.1,83,deg,d4SigUU,0.407569,nb GeV^-4,0.0203161,0.0277947,CLAS,e-,5.88,p,0.938272088
1532,0.274,-0.264,1.996,37,83,deg,d4SigUU,0.279942,nb GeV^-4,0.0129217,0.0173655,CLAS,e-,5.88,p,0.938272088
1533,0.274,-0.263,1.997,52,83,deg,d4SigUU,0.18697,nb GeV^-4,0.0100358,0.0150712,CLAS,e-,5.88,p,0.938272088
1534,0.274,-0.263,1.997,67,83,deg,d4SigUU,0.116875,nb GeV^-4,0.00834122,0.00717355,CLAS,e-,5.88,p,0.938272088
1535,0.274,-0.262,1.998,82.1,83,deg,d4SigUU,0.100355,nb GeV^-4,0.0105583,0.0133274,CLAS,e-,5.88,p,0.938272088
1536,0.274,-0.262,1.999,97.1,83,deg,d4SigUU,0.0855889,nb GeV^-4,0.00951453,0.00846235,CLAS,e-,5.88,p,0.938272088
1537,0.275,-0.262,2,112.2,83,deg,d4SigUU,0.053558,nb GeV^-4,0.00734576,0.00657978,CLAS,e-,5.88,p,0.938272088
1538,0.275,-0.262,2,127.3,83,deg,d4SigUU,0.0832099,nb GeV^-4,0.0216364,0.00615607,CLAS,e-,5.88,p,0.938272088
1539,0.275,-0.262,2.001,217.7,83,deg,d4SigUU,0.0419151,nb GeV^-4,0.0124106,0.00771264,CLAS,e-,5.88,p,0.938272088
1540,0.275,-0.262,2,232.7,83,deg,d4SigUU,0.0569442,nb GeV^-4,0.0150996,0.0178419,CLAS,e-,5.88,p,0.938272088
1541,0.275,-0.262,2,247.8,83,deg,d4SigUU,0.0707619,nb GeV^-4,0.0108378,0.00911534,CLAS,e-,5.88,p,0.938272088
1542,0.274,-0.262,1.999,262.9,83,deg,d4SigUU,0.0729454,nb GeV^-4,0.00691659,0.00528012,CLAS,e-,5.88,p,0.938272088
1543,0.274,-0.262,1.998,277.9,83,deg,d4SigUU,0.0911983,nb GeV^-4,0.00715256,0.00635238,CLAS,e-,5.88,p,0.938272088
1544,0.274,-0.263,1.997,293,83,deg,d4SigUU,0.167695,nb GeV^-4,0.0131218,0.0135864,CLAS,e-,5.88,p,0.938272088
1545,0.274,-0.263,1.997,308,83,deg,d4SigUU,0.233915,nb GeV^-4,0.0158157,0.0145187,CLAS,e-,5.88,p,0.938272088
1546,0.274,-0.264,1.996,323,83,deg,d4SigUU,0.279413,nb GeV^-4,0.013385,0.0243944,CLAS,e-,5.88,p,0.938272088
1547,0.274,-0.264,1.996,337.9,83,deg,d4SigUU,0.372739,nb GeV^-4,0.0150828,0.0249786,CLAS,e-,5.88,p,0.938272088
1548,0.274,-0.265,1.996,352.7,83,deg,d4SigUU,0.607386,nb GeV^-4,0.0200434,0.0374503,CLAS,e-,5.88,p,0.938272088
1549,0.274,-0.343,1.989,7.4,84,deg,d4SigUU,0.453808,nb GeV^-4,0.0217851,0.0275576,CLAS,e-,5.88,p,0.938272088
1550,0.274,-0.344,1.996,21.9,84,deg,d4SigUU,0.339461,nb GeV^-4,0.0139336,0.0202988,CLAS,e-,5.88,p,0.938272088
1551,0.274,-0.343,1.996,36.8,84,deg,d4SigUU,0.153546,nb GeV^-4,0.00945044,0.00942443,CLAS,e-,5.88,p,0.938272088
1552,0.274,-0.342,1.996,51.9,84,deg,d4SigUU,0.137309,nb GeV^-4,0.00756523,0.00840422,CLAS,e-,5.88,p,0.938272088
1553,0.274,-0.342,1.997,67,84,deg,d4SigUU,0.107062,nb GeV^-4,0.00807054,0.00840475,CLAS,e-,5.88,p,0.938272088
1554,0.275,-0.341,1.998,82,84,deg,d4SigUU,0.0987177,nb GeV^-4,0.0129204,0.00726899,CLAS,e-,5.88,p,0.938272088
1555,0.275,-0.341,1.999,97.1,84,deg,d4SigUU,0.0613171,nb GeV^-4,0.00766868,0.00702452,CLAS,e-,5.88,p,0.938272088
1556,0.275,-0.341,2,112.2,84,deg,d4SigUU,0.0412538,nb GeV^-4,0.00611552,0.00541172,CLAS,e-,5.88,p,0.938272088
1557,0.275,-0.341,2,127.2,84,deg,d4SigUU,0.00830031,nb GeV^-4,0.00790633,0.000696898,CLAS,e-,5.88,p,0.938272088
1558,0.275,-0.341,2,232.8,84,deg,d4SigUU,0.0615477,nb GeV^-4,0.0260306,0.0112989,CLAS,e-,5.88,p,0.938272088
1559,0.275,-0.341,2,247.8,84,deg,d4SigUU,0.0600903,nb GeV^-4,0.0121497,0.0117926,CLAS,e-,5.88,p,0.938272088
1560,0.275,-0.341,1.999,262.9,84,deg,d4SigUU,0.0555782,nb GeV^-4,0.00668504,0.00431572,CLAS,e-,5.88,p,0.938272088
1561,0.275,-0.341,1.998,278,84,deg,d4SigUU,0.0894378,nb GeV^-4,0.00765274,0.00624522,CLAS,e-,5.88,p,0.938272088
1562,0.274,-0.342,1.997,293,84,deg,d4SigUU,0.0909883,nb GeV^-4,0.00695371,0.00607714,CLAS,e-,5.88,p,0.938272088
1563,0.274,-0.342,1.996,308.1,84,deg,d4SigUU,0.165606,nb GeV^-4,0.0119745,0.00999605,CLAS,e-,5.88,p,0.938272088
1564,0.274,-0.343,1.996,323.2,84,deg,d4SigUU,0.157934,nb GeV^-4,0.00981831,0.0132133,CLAS,e-,5.88,p,0.938272088
1565,0.274,-0.344,1.996,338.1,84,deg,d4SigUU,0.337351,nb GeV^-4,0.0122768,0.0224362,CLAS,e-,5.88,p,0.938272088
1566,0.274,-0.343,1.989,352.6,84,deg,d4SigUU,0.483817,nb GeV^-4,0.0198478,0.0426894,CLAS,e-,5.88,p,0.938272088
1567,0.275,-0.451,1.988,22.1,85,deg,d4SigUU,0.309575,nb GeV^-4,0.0150952,0.0242974,CLAS,e-,5.88,p,0.938272088
1568,0.274,-0.451,1.995,36.6,85,deg,d4SigUU,0.138122,nb GeV^-4,0.00612777,0.00863291,CLAS,e-,5.88,p,0.938272088
1569,0.274,-0.449,1.996,51.8,85,deg,d4SigUU,0.0985592,nb GeV^-4,0.00595561,0.00599105,CLAS,e-,5.88,p,0.938272088
1570,0.275,-0.448,1.997,66.9,85,deg,d4SigUU,0.0619125,nb GeV^-4,0.00451626,0.00380983,CLAS,e-,5.88,p,0.938272088
1571,0.275,-0.448,1.998,82,85,deg,d4SigUU,0.0315391,nb GeV^-4,0.0038356,0.00385992,CLAS,e-,5.88,p,0.938272088
1572,0.275,-0.448,1.999,97.1,85,deg,d4SigUU,0.015845,nb GeV^-4,0.00263134,0.00295607,CLAS,e-,5.88,p,0.938272088
1573,0.275,-0.447,2,127.2,85,deg,d4SigUU,0.0392662,nb GeV^-4,0.0337579,0.00228959,CLAS,e-,5.88,p,0.938272088
1574,0.275,-0.447,2.001,172.5,85,deg,d4SigUU,0.044455,nb GeV^-4,0.0400905,0.00259215,CLAS,e-,5.88,p,0.938272088
1575,0.275,-0.447,2,247.9,85,deg,d4SigUU,0.0390166,nb GeV^-4,0.0156704,0.0231761,CLAS,e-,5.88,p,0.938272088
1576,0.275,-0.448,1.999,262.9,85,deg,d4SigUU,0.0336904,nb GeV^-4,0.00551773,0.0026435,CLAS,e-,5.88,p,0.938272088
1577,0.275,-0.448,1.998,278,85,deg,d4SigUU,0.0414209,nb GeV^-4,0.00417742,0.00289408,CLAS,e-,5.88,p,0.938272088
1578,0.275,-0.448,1.997,293.1,85,deg,d4SigUU,0.0595352,nb GeV^-4,0.00516476,0.00467444,CLAS,e-,5.88,p,0.938272088
1579,0.274,-0.449,1.996,308.2,85,deg,d4SigUU,0.0943718,nb GeV^-4,0.00692794,0.0111808,CLAS,e-,5.88,p,0.938272088
1580,0.274,-0.451,1.995,323.4,85,deg,d4SigUU,0.153743,nb GeV^-4,0.00728449,0.00939507,CLAS,e-,5.88,p,0.938272088
1581,0.275,-0.451,1.988,337.9,85,deg,d4SigUU,0.276973,nb GeV^-4,0.011693,0.0387137,CLAS,e-,5.88,p,0.938272088
1582,0.276,-0.606,1.974,23.5,86,deg,d4SigUU,0.235898,nb GeV^-4,0.0168338,0.0142143,CLAS,e-,5.88,p,0.938272088
1583,0.274,-0.61,1.994,36.4,86,deg,d4SigUU,0.117618,nb GeV^-4,0.00598325,0.00697234,CLAS,e-,5.88,p,0.938272088
1584,0.275,-0.608,1.995,51.7,86,deg,d4SigUU,0.0539121,nb GeV^-4,0.00360362,0.00341445,CLAS,e-,5.88,p,0.938272088
1585,0.275,-0.607,1.997,66.8,86,deg,d4SigUU,0.0363103,nb GeV^-4,0.0030482,0.00427501,CLAS,e-,5.88,p,0.938272088
1586,0.275,-0.606,1.998,81.9,86,deg,d4SigUU,0.0316716,nb GeV^-4,0.00517876,0.00352253,CLAS,e-,5.88,p,0.938272088
1587,0.275,-0.605,1.999,97,86,deg,d4SigUU,0.0200486,nb GeV^-4,0.00516992,0.00140272,CLAS,e-,5.88,p,0.938272088
1588,0.275,-0.605,2.002,157.4,86,deg,d4SigUU,0.0260985,nb GeV^-4,0.0228217,0.0253217,CLAS,e-,5.88,p,0.938272088
1589,0.275,-0.605,2.001,187.6,86,deg,d4SigUU,0.030901,nb GeV^-4,0.0251549,0.00636792,CLAS,e-,5.88,p,0.938272088
1590,0.275,-0.605,1.999,263,86,deg,d4SigUU,0.00757656,nb GeV^-4,0.00186623,0.00107444,CLAS,e-,5.88,p,0.938272088
1591,0.275,-0.606,1.998,278.1,86,deg,d4SigUU,0.0205577,nb GeV^-4,0.00265604,0.00142049,CLAS,e-,5.88,p,0.938272088
1592,0.275,-0.607,1.997,293.2,86,deg,d4SigUU,0.0362831,nb GeV^-4,0.00331314,0.00247313,CLAS,e-,5.88,p,0.938272088
1593,0.275,-0.608,1.995,308.3,86,deg,d4SigUU,0.0561322,nb GeV^-4,0.0043236,0.00544094,CLAS,e-,5.88,p,0.938272088
1594,0.274,-0.61,1.994,323.6,86,deg,d4SigUU,0.111223,nb GeV^-4,0.00585667,0.0101112,CLAS,e-,5.88,p,0.938272088
1595,0.276,-0.606,1.974,336.5,86,deg,d4SigUU,0.25173,nb GeV^-4,0.0145241,0.0149803,CLAS,e-,5.88,p,0.938272088
1596,0.275,-0.896,1.977,23.7,87,deg,d4SigUU,0.12344,nb GeV^-4,0.00920015,0.00729443,CLAS,e-,5.88,p,0.938272088
1597,0.275,-0.874,1.992,36.3,87,deg,d4SigUU,0.0412962,nb GeV^-4,0.0024246,0.00256441,CLAS,e-,5.88,p,0.938272088
1598,0.275,-0.872,1.994,51.6,87,deg,d4SigUU,0.0192603,nb GeV^-4,0.00148057,0.00144608,CLAS,e-,5.88,p,0.938272088
1599,0.275,-0.871,1.996,66.7,87,deg,d4SigUU,0.0141547,nb GeV^-4,0.00152206,0.0013005,CLAS,e-,5.88,p,0.938272088
1600,0.275,-0.869,1.998,81.9,87,deg,d4SigUU,0.00859886,nb GeV^-4,0.00206907,0.000596821,CLAS,e-,5.88,p,0.938272088
1601,0.275,-0.867,2.001,127.2,87,deg,d4SigUU,0.00833525,nb GeV^-4,0.00730609,0.00144997,CLAS,e-,5.88,p,0.938272088
1602,0.274,-0.867,2,142.3,87,deg,d4SigUU,0.00543354,nb GeV^-4,0.00472419,0.0031976,CLAS,e-,5.88,p,0.938272088
1603,0.275,-0.867,2.002,157.5,87,deg,d4SigUU,0.0363933,nb GeV^-4,0.0190391,0.00285954,CLAS,e-,5.88,p,0.938272088
1604,0.275,-0.867,2.002,172.5,87,deg,d4SigUU,0.00985731,nb GeV^-4,0.00324603,0.00228752,CLAS,e-,5.88,p,0.938272088
1605,0.275,-0.867,2.002,187.5,87,deg,d4SigUU,0.0188613,nb GeV^-4,0.00999305,0.00205095,CLAS,e-,5.88,p,0.938272088
1606,0.275,-0.867,2.002,202.5,87,deg,d4SigUU,0.00546951,nb GeV^-4,0.00345265,0.000915699,CLAS,e-,5.88,p,0.938272088
1607,0.274,-0.867,2,217.7,87,deg,d4SigUU,0.00985405,nb GeV^-4,0.00881961,0.000574585,CLAS,e-,5.88,p,0.938272088
1608,0.275,-0.869,1.998,278.1,87,deg,d4SigUU,0.0101558,nb GeV^-4,0.00216665,0.00139542,CLAS,e-,5.88,p,0.938272088
1609,0.275,-0.871,1.996,293.3,87,deg,d4SigUU,0.0127081,nb GeV^-4,0.00151708,0.00126141,CLAS,e-,5.88,p,0.938272088
1610,0.275,-0.872,1.994,308.4,87,deg,d4SigUU,0.0151865,nb GeV^-4,0.00161321,0.00220598,CLAS,e-,5.88,p,0.938272088
1611,0.275,-0.874,1.992,323.7,87,deg,d4SigUU,0.0478319,nb GeV^-4,0.00299289,0.00360956,CLAS,e-,5.88,p,0.938272088
1612,0.275,-0.896,1.977,336.3,87,deg,d4SigUU,0.101149,nb GeV^-4,0.00566084,0.00659918,CLAS,e-,5.88,p,0.938272088
1613,0.274,-1.485,1.967,7.9,88,deg,d4SigUU,0.0262899,nb GeV^-4,0.00195184,0.00177984,CLAS,e-,5.88,p,0.938272088
1614,0.275,-1.373,1.983,21.2,88,deg,d4SigUU,0.0226407,nb GeV^-4,0.00161936,0.00141932,CLAS,e-,5.88,p,0.938272088
1615,0.275,-1.39,1.989,36.3,88,deg,d4SigUU,0.00978842,nb GeV^-4,0.00100464,0.000685966,CLAS,e-,5.88,p,0.938272088
1616,0.275,-1.393,1.993,51.5,88,deg,d4SigUU,0.00523612,nb GeV^-4,0.000688795,0.000630076,CLAS,e-,5.88,p,0.938272088
1617,0.276,-1.39,2.004,127.4,88,deg,d4SigUU,0.00111391,nb GeV^-4,0.000722964,7.6415E-05,CLAS,e-,5.88,p,0.938272088
1618,0.275,-1.386,2,142.3,88,deg,d4SigUU,0.00112509,nb GeV^-4,0.000465171,0.000863951,CLAS,e-,5.88,p,0.938272088
1619,0.276,-1.388,2.006,172.6,88,deg,d4SigUU,0.00451161,nb GeV^-4,0.00198137,0.000577333,CLAS,e-,5.88,p,0.938272088
1620,0.274,-1.386,2,247.9,88,deg,d4SigUU,0.0145041,nb GeV^-4,0.0108007,0.000845724,CLAS,e-,5.88,p,0.938272088
1621,0.275,-1.393,1.997,293.3,88,deg,d4SigUU,0.00545635,nb GeV^-4,0.00125213,0.000354151,CLAS,e-,5.88,p,0.938272088
1622,0.275,-1.393,1.993,308.5,88,deg,d4SigUU,0.00417698,nb GeV^-4,0.00066801,0.000722599,CLAS,e-,5.88,p,0.938272088
1623,0.275,-1.39,1.989,323.7,88,deg,d4SigUU,0.01057,nb GeV^-4,0.00119134,0.00107793,CLAS,e-,5.88,p,0.938272088
1624,0.275,-1.373,1.983,338.8,88,deg,d4SigUU,0.0218107,nb GeV^-4,0.00121874,0.00172863,CLAS,e-,5.88,p,0.938272088
1625,0.274,-1.485,1.967,352.1,88,deg,d4SigUU,0.031198,nb GeV^-4,0.00215732,0.0126892,CLAS,e-,5.88,p,0.938272088
1626,0.273,-0.112,2.406,7.5,89,deg,d4SigUU,0.390735,nb GeV^-4,0.028803,0.0236743,CLAS,e-,5.88,p,0.938272088
1627,0.273,-0.112,2.406,22.4,89,deg,d4SigUU,0.401156,nb GeV^-4,0.0262303,0.0307573,CLAS,e-,5.88,p,0.938272088
1628,0.273,-0.111,2.406,37.3,89,deg,d4SigUU,0.34971,nb GeV^-4,0.0201406,0.0211648,CLAS,e-,5.88,p,0.938272088
1629,0.274,-0.111,2.407,67.3,89,deg,d4SigUU,0.262228,nb GeV^-4,0.0210857,0.0213327,CLAS,e-,5.88,p,0.938272088
1630,0.274,-0.11,2.408,82.3,89,deg,d4SigUU,0.113355,nb GeV^-4,0.0133787,0.0380286,CLAS,e-,5.88,p,0.938272088
1631,0.274,-0.11,2.41,97.3,89,deg,d4SigUU,0.130801,nb GeV^-4,0.0162496,0.00774561,CLAS,e-,5.88,p,0.938272088
1632,0.274,-0.109,2.413,127.4,89,deg,d4SigUU,0.0366518,nb GeV^-4,0.0112935,0.00277168,CLAS,e-,5.88,p,0.938272088
1633,0.274,-0.11,2.411,247.7,89,deg,d4SigUU,0.0484562,nb GeV^-4,0.00837546,0.0053361,CLAS,e-,5.88,p,0.938272088
1634,0.274,-0.11,2.41,262.7,89,deg,d4SigUU,0.140456,nb GeV^-4,0.0149233,0.0144797,CLAS,e-,5.88,p,0.938272088
1635,0.274,-0.11,2.408,277.7,89,deg,d4SigUU,0.130479,nb GeV^-4,0.0129809,0.0217589,CLAS,e-,5.88,p,0.938272088
1636,0.274,-0.111,2.407,292.7,89,deg,d4SigUU,0.210181,nb GeV^-4,0.0200695,0.0545182,CLAS,e-,5.88,p,0.938272088
1637,0.274,-0.111,2.406,307.7,89,deg,d4SigUU,0.29611,nb GeV^-4,0.0211074,0.0177618,CLAS,e-,5.88,p,0.938272088
1638,0.273,-0.111,2.406,322.7,89,deg,d4SigUU,0.385269,nb GeV^-4,0.0214069,0.0261418,CLAS,e-,5.88,p,0.938272088
1639,0.273,-0.112,2.406,337.6,89,deg,d4SigUU,0.416302,nb GeV^-4,0.0237889,0.0261498,CLAS,e-,5.88,p,0.938272088
1640,0.273,-0.112,2.406,352.5,89,deg,d4SigUU,0.470962,nb GeV^-4,0.0305809,0.0377951,CLAS,e-,5.88,p,0.938272088
1641,0.275,-0.154,2.387,7.5,90,deg,d4SigUU,0.618414,nb GeV^-4,0.0320788,0.0379958,CLAS,e-,5.88,p,0.938272088
1642,0.274,-0.154,2.402,22.4,90,deg,d4SigUU,0.633116,nb GeV^-4,0.0324595,0.040784,CLAS,e-,5.88,p,0.938272088
1643,0.274,-0.155,2.415,37.2,90,deg,d4SigUU,0.539044,nb GeV^-4,0.023864,0.0339399,CLAS,e-,5.88,p,0.938272088
1644,0.274,-0.154,2.414,52.2,90,deg,d4SigUU,0.377353,nb GeV^-4,0.0167552,0.023174,CLAS,e-,5.88,p,0.938272088
1645,0.274,-0.154,2.414,67.2,90,deg,d4SigUU,0.311951,nb GeV^-4,0.0181075,0.0187518,CLAS,e-,5.88,p,0.938272088
1646,0.275,-0.154,2.414,82.2,90,deg,d4SigUU,0.22853,nb GeV^-4,0.0159764,0.0206678,CLAS,e-,5.88,p,0.938272088
1647,0.275,-0.153,2.415,97.2,90,deg,d4SigUU,0.139048,nb GeV^-4,0.00912037,0.00845697,CLAS,e-,5.88,p,0.938272088
1648,0.275,-0.153,2.416,112.3,90,deg,d4SigUU,0.109712,nb GeV^-4,0.00755769,0.00807364,CLAS,e-,5.88,p,0.938272088
1649,0.275,-0.153,2.417,127.3,90,deg,d4SigUU,0.068931,nb GeV^-4,0.00772061,0.00533195,CLAS,e-,5.88,p,0.938272088
1650,0.275,-0.153,2.418,142.4,90,deg,d4SigUU,0.0525941,nb GeV^-4,0.00811572,0.0104222,CLAS,e-,5.88,p,0.938272088
1651,0.275,-0.153,2.418,157.4,90,deg,d4SigUU,0.0988197,nb GeV^-4,0.0135857,0.00686734,CLAS,e-,5.88,p,0.938272088
1652,0.275,-0.153,2.419,172.5,90,deg,d4SigUU,0.082813,nb GeV^-4,0.0127868,0.0175301,CLAS,e-,5.88,p,0.938272088
1653,0.275,-0.153,2.419,187.5,90,deg,d4SigUU,0.0868079,nb GeV^-4,0.0166695,0.00522044,CLAS,e-,5.88,p,0.938272088
1654,0.275,-0.153,2.418,202.6,90,deg,d4SigUU,0.0713078,nb GeV^-4,0.00937224,0.0052245,CLAS,e-,5.88,p,0.938272088
1655,0.275,-0.153,2.418,217.6,90,deg,d4SigUU,0.0963291,nb GeV^-4,0.0102857,0.00879854,CLAS,e-,5.88,p,0.938272088
1656,0.275,-0.153,2.417,232.7,90,deg,d4SigUU,0.0991281,nb GeV^-4,0.0121454,0.00766105,CLAS,e-,5.88,p,0.938272088
1657,0.275,-0.153,2.416,247.7,90,deg,d4SigUU,0.117382,nb GeV^-4,0.00940065,0.0137653,CLAS,e-,5.88,p,0.938272088
1658,0.275,-0.153,2.415,262.8,90,deg,d4SigUU,0.184504,nb GeV^-4,0.0109103,0.0126712,CLAS,e-,5.88,p,0.938272088
1659,0.275,-0.154,2.414,277.8,90,deg,d4SigUU,0.226507,nb GeV^-4,0.0140914,0.0166895,CLAS,e-,5.88,p,0.938272088
1660,0.274,-0.154,2.414,292.8,90,deg,d4SigUU,0.309027,nb GeV^-4,0.0190928,0.0373774,CLAS,e-,5.88,p,0.938272088
1661,0.274,-0.154,2.414,307.8,90,deg,d4SigUU,0.368235,nb GeV^-4,0.0183004,0.034302,CLAS,e-,5.88,p,0.938272088
1662,0.274,-0.155,2.415,322.8,90,deg,d4SigUU,0.519234,nb GeV^-4,0.0217531,0.0320229,CLAS,e-,5.88,p,0.938272088
1663,0.274,-0.154,2.402,337.6,90,deg,d4SigUU,0.626799,nb GeV^-4,0.0256124,0.0368709,CLAS,e-,5.88,p,0.938272088
1664,0.275,-0.154,2.387,352.5,90,deg,d4SigUU,0.678015,nb GeV^-4,0.0309115,0.0409828,CLAS,e-,5.88,p,0.938272088
1665,0.275,-0.203,2.328,7.6,91,deg,d4SigUU,1.39607,nb GeV^-4,0.0539091,0.101643,CLAS,e-,5.88,p,0.938272088
1666,0.275,-0.204,2.365,22.6,91,deg,d4SigUU,0.485701,nb GeV^-4,0.0350956,0.0315053,CLAS,e-,5.88,p,0.938272088
1667,0.275,-0.204,2.406,37.4,91,deg,d4SigUU,0.494651,nb GeV^-4,0.0226039,0.0306267,CLAS,e-,5.88,p,0.938272088
1668,0.274,-0.204,2.415,52.1,91,deg,d4SigUU,0.392668,nb GeV^-4,0.0184351,0.0283315,CLAS,e-,5.88,p,0.938272088
1669,0.275,-0.204,2.414,67.1,91,deg,d4SigUU,0.267465,nb GeV^-4,0.0164855,0.0169501,CLAS,e-,5.88,p,0.938272088
1670,0.275,-0.204,2.414,82.1,91,deg,d4SigUU,0.223438,nb GeV^-4,0.016423,0.0152117,CLAS,e-,5.88,p,0.938272088
1671,0.275,-0.203,2.414,97.2,91,deg,d4SigUU,0.125046,nb GeV^-4,0.00928525,0.0126015,CLAS,e-,5.88,p,0.938272088
1672,0.275,-0.203,2.415,112.2,91,deg,d4SigUU,0.0980399,nb GeV^-4,0.00756768,0.00706217,CLAS,e-,5.88,p,0.938272088
1673,0.275,-0.203,2.416,127.3,91,deg,d4SigUU,0.0989442,nb GeV^-4,0.0105942,0.006557,CLAS,e-,5.88,p,0.938272088
1674,0.275,-0.203,2.418,172.5,91,deg,d4SigUU,0.0558291,nb GeV^-4,0.00739525,0.0102657,CLAS,e-,5.88,p,0.938272088
1675,0.275,-0.203,2.418,202.6,91,deg,d4SigUU,0.0837863,nb GeV^-4,0.0108713,0.00955495,CLAS,e-,5.88,p,0.938272088
1676,0.275,-0.203,2.417,217.7,91,deg,d4SigUU,0.109148,nb GeV^-4,0.0117255,0.00981205,CLAS,e-,5.88,p,0.938272088
1677,0.275,-0.203,2.416,232.7,91,deg,d4SigUU,0.0795282,nb GeV^-4,0.00929097,0.00882806,CLAS,e-,5.88,p,0.938272088
1678,0.275,-0.203,2.415,247.8,91,deg,d4SigUU,0.118057,nb GeV^-4,0.0114424,0.00907024,CLAS,e-,5.88,p,0.938272088
1679,0.275,-0.203,2.414,262.8,91,deg,d4SigUU,0.170957,nb GeV^-4,0.0124101,0.0110782,CLAS,e-,5.88,p,0.938272088
1680,0.275,-0.204,2.414,277.9,91,deg,d4SigUU,0.243436,nb GeV^-4,0.0163645,0.015892,CLAS,e-,5.88,p,0.938272088
1681,0.275,-0.204,2.414,292.9,91,deg,d4SigUU,0.239176,nb GeV^-4,0.0143394,0.0171724,CLAS,e-,5.88,p,0.938272088
1682,0.274,-0.204,2.415,307.9,91,deg,d4SigUU,0.364405,nb GeV^-4,0.0185396,0.0221252,CLAS,e-,5.88,p,0.938272088
1683,0.275,-0.204,2.406,322.6,91,deg,d4SigUU,0.485719,nb GeV^-4,0.02149,0.0288671,CLAS,e-,5.88,p,0.938272088
1684,0.275,-0.204,2.365,337.4,91,deg,d4SigUU,0.502653,nb GeV^-4,0.0289102,0.0332668,CLAS,e-,5.88,p,0.938272088
1685,0.275,-0.203,2.328,352.4,91,deg,d4SigUU,1.33047,nb GeV^-4,0.0450738,0.0789589,CLAS,e-,5.88,p,0.938272088
1686,0.275,-0.262,2.316,22.7,92,deg,d4SigUU,0.69735,nb GeV^-4,0.0368024,0.0711954,CLAS,e-,5.88,p,0.938272088
1687,0.275,-0.263,2.392,37.5,92,deg,d4SigUU,0.452221,nb GeV^-4,0.0182436,0.028225,CLAS,e-,5.88,p,0.938272088
1688,0.275,-0.263,2.414,51.9,92,deg,d4SigUU,0.239856,nb GeV^-4,0.00942696,0.0153783,CLAS,e-,5.88,p,0.938272088
1689,0.275,-0.263,2.413,67,92,deg,d4SigUU,0.171978,nb GeV^-4,0.00967321,0.0118824,CLAS,e-,5.88,p,0.938272088
1690,0.275,-0.262,2.413,82.1,92,deg,d4SigUU,0.140119,nb GeV^-4,0.010972,0.00928318,CLAS,e-,5.88,p,0.938272088
1691,0.275,-0.262,2.414,97.2,92,deg,d4SigUU,0.0997873,nb GeV^-4,0.00754666,0.00813126,CLAS,e-,5.88,p,0.938272088
1692,0.275,-0.262,2.415,112.2,92,deg,d4SigUU,0.0697123,nb GeV^-4,0.00559585,0.00540456,CLAS,e-,5.88,p,0.938272088
1693,0.275,-0.262,2.415,127.3,92,deg,d4SigUU,0.0701945,nb GeV^-4,0.00756244,0.00502999,CLAS,e-,5.88,p,0.938272088
1694,0.275,-0.262,2.416,142.3,92,deg,d4SigUU,0.0378095,nb GeV^-4,0.00595405,0.00517789,CLAS,e-,5.88,p,0.938272088
1695,0.275,-0.262,2.417,157.4,92,deg,d4SigUU,0.0360454,nb GeV^-4,0.00447685,0.00278371,CLAS,e-,5.88,p,0.938272088
1696,0.275,-0.262,2.417,172.5,92,deg,d4SigUU,0.0356857,nb GeV^-4,0.00585746,0.00286578,CLAS,e-,5.88,p,0.938272088
1697,0.275,-0.262,2.417,187.5,92,deg,d4SigUU,0.0367959,nb GeV^-4,0.00573156,0.00311695,CLAS,e-,5.88,p,0.938272088
1698,0.275,-0.262,2.417,202.6,92,deg,d4SigUU,0.0448416,nb GeV^-4,0.00581483,0.00301386,CLAS,e-,5.88,p,0.938272088
1699,0.275,-0.262,2.416,217.7,92,deg,d4SigUU,0.0400351,nb GeV^-4,0.00399216,0.00421514,CLAS,e-,5.88,p,0.938272088
1700,0.275,-0.262,2.415,232.7,92,deg,d4SigUU,0.0703402,nb GeV^-4,0.00752929,0.00643302,CLAS,e-,5.88,p,0.938272088
1701,0.275,-0.262,2.415,247.8,92,deg,d4SigUU,0.0872864,nb GeV^-4,0.00829814,0.00771986,CLAS,e-,5.88,p,0.938272088
1702,0.275,-0.262,2.414,262.8,92,deg,d4SigUU,0.126341,nb GeV^-4,0.0095038,0.00807599,CLAS,e-,5.88,p,0.938272088
1703,0.275,-0.262,2.413,277.9,92,deg,d4SigUU,0.129019,nb GeV^-4,0.00758378,0.0101591,CLAS,e-,5.88,p,0.938272088
1704,0.275,-0.263,2.413,293,92,deg,d4SigUU,0.181574,nb GeV^-4,0.0100054,0.0149093,CLAS,e-,5.88,p,0.938272088
1705,0.275,-0.263,2.414,308.1,92,deg,d4SigUU,0.314334,nb GeV^-4,0.0157906,0.0233278,CLAS,e-,5.88,p,0.938272088
1706,0.275,-0.263,2.392,322.5,92,deg,d4SigUU,0.417069,nb GeV^-4,0.0171467,0.0285998,CLAS,e-,5.88,p,0.938272088
1707,0.275,-0.262,2.316,337.3,92,deg,d4SigUU,0.63518,nb GeV^-4,0.0293886,0.0538687,CLAS,e-,5.88,p,0.938272088
1708,0.275,-0.342,2.376,37.7,93,deg,d4SigUU,0.361506,nb GeV^-4,0.0157947,0.023371,CLAS,e-,5.88,p,0.938272088
1709,0.275,-0.342,2.412,51.8,93,deg,d4SigUU,0.214862,nb GeV^-4,0.00941541,0.0126578,CLAS,e-,5.88,p,0.938272088
1710,0.275,-0.341,2.411,67,93,deg,d4SigUU,0.101351,nb GeV^-4,0.00597803,0.00695233,CLAS,e-,5.88,p,0.938272088
1711,0.275,-0.341,2.412,82,93,deg,d4SigUU,0.122171,nb GeV^-4,0.0115108,0.00879713,CLAS,e-,5.88,p,0.938272088
1712,0.275,-0.341,2.413,97.1,93,deg,d4SigUU,0.0485046,nb GeV^-4,0.00396918,0.00545174,CLAS,e-,5.88,p,0.938272088
1713,0.275,-0.341,2.414,112.2,93,deg,d4SigUU,0.0463872,nb GeV^-4,0.00418541,0.0058566,CLAS,e-,5.88,p,0.938272088
1714,0.275,-0.341,2.415,127.3,93,deg,d4SigUU,0.0303498,nb GeV^-4,0.00338611,0.00425793,CLAS,e-,5.88,p,0.938272088
1715,0.275,-0.341,2.416,142.3,93,deg,d4SigUU,0.0310515,nb GeV^-4,0.00684025,0.00265958,CLAS,e-,5.88,p,0.938272088
1716,0.275,-0.34,2.416,157.4,93,deg,d4SigUU,0.0279989,nb GeV^-4,0.00468409,0.00270203,CLAS,e-,5.88,p,0.938272088
1717,0.275,-0.34,2.417,172.5,93,deg,d4SigUU,0.0192126,nb GeV^-4,0.00439204,0.00454958,CLAS,e-,5.88,p,0.938272088
1718,0.275,-0.34,2.417,187.5,93,deg,d4SigUU,0.0386124,nb GeV^-4,0.00911746,0.00304953,CLAS,e-,5.88,p,0.938272088
1719,0.275,-0.34,2.416,202.6,93,deg,d4SigUU,0.0368934,nb GeV^-4,0.0061486,0.00474938,CLAS,e-,5.88,p,0.938272088
1720,0.275,-0.341,2.416,217.7,93,deg,d4SigUU,0.0399678,nb GeV^-4,0.0046943,0.00324896,CLAS,e-,5.88,p,0.938272088
1721,0.275,-0.341,2.415,232.7,93,deg,d4SigUU,0.042088,nb GeV^-4,0.00512756,0.00422617,CLAS,e-,5.88,p,0.938272088
1722,0.275,-0.341,2.414,247.8,93,deg,d4SigUU,0.0473841,nb GeV^-4,0.00475487,0.00394424,CLAS,e-,5.88,p,0.938272088
1723,0.275,-0.341,2.413,262.9,93,deg,d4SigUU,0.0697528,nb GeV^-4,0.005858,0.00451446,CLAS,e-,5.88,p,0.938272088
1724,0.275,-0.341,2.412,278,93,deg,d4SigUU,0.0812638,nb GeV^-4,0.00532919,0.00555097,CLAS,e-,5.88,p,0.938272088
1725,0.275,-0.341,2.411,293,93,deg,d4SigUU,0.147617,nb GeV^-4,0.00873251,0.010958,CLAS,e-,5.88,p,0.938272088
1726,0.275,-0.342,2.412,308.2,93,deg,d4SigUU,0.196778,nb GeV^-4,0.009683,0.0148554,CLAS,e-,5.88,p,0.938272088
1727,0.275,-0.342,2.376,322.3,93,deg,d4SigUU,0.313372,nb GeV^-4,0.0139599,0.0327105,CLAS,e-,5.88,p,0.938272088
1728,0.275,-0.45,2.368,37.6,94,deg,d4SigUU,0.204061,nb GeV^-4,0.00920706,0.0121345,CLAS,e-,5.88,p,0.938272088
1729,0.275,-0.448,2.408,51.8,94,deg,d4SigUU,0.104549,nb GeV^-4,0.00452057,0.00646868,CLAS,e-,5.88,p,0.938272088
1730,0.275,-0.448,2.409,66.9,94,deg,d4SigUU,0.0720673,nb GeV^-4,0.00457066,0.00560867,CLAS,e-,5.88,p,0.938272088
1731,0.275,-0.448,2.41,82,94,deg,d4SigUU,0.0631828,nb GeV^-4,0.00577125,0.00453461,CLAS,e-,5.88,p,0.938272088
1732,0.275,-0.447,2.411,97.1,94,deg,d4SigUU,0.046294,nb GeV^-4,0.00453249,0.00293754,CLAS,e-,5.88,p,0.938272088
1733,0.275,-0.447,2.413,112.2,94,deg,d4SigUU,0.0311386,nb GeV^-4,0.0032255,0.00218949,CLAS,e-,5.88,p,0.938272088
1734,0.275,-0.447,2.414,127.3,94,deg,d4SigUU,0.0219457,nb GeV^-4,0.00317051,0.001945,CLAS,e-,5.88,p,0.938272088
1735,0.275,-0.447,2.415,142.3,94,deg,d4SigUU,0.0066821,nb GeV^-4,0.00161529,0.00156127,CLAS,e-,5.88,p,0.938272088
1736,0.275,-0.447,2.416,157.4,94,deg,d4SigUU,0.0107355,nb GeV^-4,0.00219068,0.00138786,CLAS,e-,5.88,p,0.938272088
1737,0.275,-0.447,2.416,172.5,94,deg,d4SigUU,0.0164415,nb GeV^-4,0.00551138,0.00130587,CLAS,e-,5.88,p,0.938272088
1738,0.275,-0.447,2.416,187.5,94,deg,d4SigUU,0.0121001,nb GeV^-4,0.00303723,0.00562889,CLAS,e-,5.88,p,0.938272088
1739,0.275,-0.447,2.416,202.6,94,deg,d4SigUU,0.0304667,nb GeV^-4,0.00805694,0.00236585,CLAS,e-,5.88,p,0.938272088
1740,0.275,-0.447,2.415,217.7,94,deg,d4SigUU,0.0204458,nb GeV^-4,0.00317271,0.00210455,CLAS,e-,5.88,p,0.938272088
1741,0.275,-0.447,2.414,232.7,94,deg,d4SigUU,0.0229968,nb GeV^-4,0.00303235,0.00259283,CLAS,e-,5.88,p,0.938272088
1742,0.275,-0.447,2.413,247.8,94,deg,d4SigUU,0.0252564,nb GeV^-4,0.00332642,0.00264397,CLAS,e-,5.88,p,0.938272088
1743,0.275,-0.447,2.411,262.9,94,deg,d4SigUU,0.0321363,nb GeV^-4,0.00282759,0.0026588,CLAS,e-,5.88,p,0.938272088
1744,0.275,-0.448,2.41,278,94,deg,d4SigUU,0.0613315,nb GeV^-4,0.00439224,0.0037138,CLAS,e-,5.88,p,0.938272088
1745,0.275,-0.448,2.409,293.1,94,deg,d4SigUU,0.0857139,nb GeV^-4,0.00527387,0.00565912,CLAS,e-,5.88,p,0.938272088
1746,0.275,-0.448,2.408,308.2,94,deg,d4SigUU,0.106604,nb GeV^-4,0.00554915,0.00666599,CLAS,e-,5.88,p,0.938272088
1747,0.275,-0.45,2.368,322.4,94,deg,d4SigUU,0.230531,nb GeV^-4,0.0118284,0.054396,CLAS,e-,5.88,p,0.938272088
1748,0.275,-0.609,2.383,37,95,deg,d4SigUU,0.117244,nb GeV^-4,0.00586261,0.00722382,CLAS,e-,5.88,p,0.938272088
1749,0.275,-0.606,2.403,51.7,95,deg,d4SigUU,0.0649193,nb GeV^-4,0.00336502,0.00393297,CLAS,e-,5.88,p,0.938272088
1750,0.275,-0.606,2.405,66.9,95,deg,d4SigUU,0.04108,nb GeV^-4,0.00323748,0.00279918,CLAS,e-,5.88,p,0.938272088
1751,0.275,-0.605,2.408,82,95,deg,d4SigUU,0.0254125,nb GeV^-4,0.00272221,0.00239118,CLAS,e-,5.88,p,0.938272088
1752,0.275,-0.605,2.41,97.1,95,deg,d4SigUU,0.0233915,nb GeV^-4,0.00279742,0.00203316,CLAS,e-,5.88,p,0.938272088
1753,0.275,-0.605,2.412,112.2,95,deg,d4SigUU,0.0145156,nb GeV^-4,0.00196731,0.00090867,CLAS,e-,5.88,p,0.938272088
1754,0.275,-0.605,2.413,127.2,95,deg,d4SigUU,0.00748235,nb GeV^-4,0.00142077,0.00161301,CLAS,e-,5.88,p,0.938272088
1755,0.275,-0.605,2.414,142.3,95,deg,d4SigUU,0.00729963,nb GeV^-4,0.00325271,0.000815791,CLAS,e-,5.88,p,0.938272088
1756,0.275,-0.604,2.416,172.5,95,deg,d4SigUU,0.00149117,nb GeV^-4,0.00119707,8.00000695,CLAS,e-,5.88,p,0.938272088
1757,0.275,-0.605,2.414,217.7,95,deg,d4SigUU,0.0156235,nb GeV^-4,0.00333215,0.00231486,CLAS,e-,5.88,p,0.938272088
1758,0.275,-0.605,2.413,232.8,95,deg,d4SigUU,0.0125076,nb GeV^-4,0.00277774,0.000869002,CLAS,e-,5.88,p,0.938272088
1759,0.275,-0.605,2.412,247.8,95,deg,d4SigUU,0.00972482,nb GeV^-4,0.00162417,0.00196119,CLAS,e-,5.88,p,0.938272088
1760,0.275,-0.605,2.41,262.9,95,deg,d4SigUU,0.0212666,nb GeV^-4,0.0025906,0.0014522,CLAS,e-,5.88,p,0.938272088
1761,0.275,-0.605,2.408,278,95,deg,d4SigUU,0.0235611,nb GeV^-4,0.00201067,0.00177433,CLAS,e-,5.88,p,0.938272088
1762,0.275,-0.606,2.405,293.1,95,deg,d4SigUU,0.0342479,nb GeV^-4,0.00251146,0.00237583,CLAS,e-,5.88,p,0.938272088
1763,0.275,-0.606,2.403,308.3,95,deg,d4SigUU,0.0627761,nb GeV^-4,0.00393169,0.00477418,CLAS,e-,5.88,p,0.938272088
1764,0.275,-0.609,2.383,323,95,deg,d4SigUU,0.111347,nb GeV^-4,0.00634376,0.391895,CLAS,e-,5.88,p,0.938272088
1765,0.275,-0.866,2.389,36.5,96,deg,d4SigUU,0.0368897,nb GeV^-4,0.00204659,0.00224701,CLAS,e-,5.88,p,0.938272088
1766,0.275,-0.868,2.396,51.7,96,deg,d4SigUU,0.0233768,nb GeV^-4,0.00157318,0.00177077,CLAS,e-,5.88,p,0.938272088
1767,0.275,-0.868,2.401,66.8,96,deg,d4SigUU,0.0120655,nb GeV^-4,0.00105885,0.000894594,CLAS,e-,5.88,p,0.938272088
1768,0.275,-0.868,2.406,82,96,deg,d4SigUU,0.00819907,nb GeV^-4,0.00103316,0.00103904,CLAS,e-,5.88,p,0.938272088
1769,0.275,-0.868,2.409,97.1,96,deg,d4SigUU,0.00757153,nb GeV^-4,0.00139707,0.000830758,CLAS,e-,5.88,p,0.938272088
1770,0.275,-0.867,2.411,112.2,96,deg,d4SigUU,0.00462135,nb GeV^-4,0.000902572,0.000741394,CLAS,e-,5.88,p,0.938272088
1771,0.275,-0.867,2.413,127.3,96,deg,d4SigUU,0.00699516,nb GeV^-4,0.00357997,0.000407885,CLAS,e-,5.88,p,0.938272088
1772,0.275,-0.867,2.413,232.7,96,deg,d4SigUU,0.00291,nb GeV^-4,0.00239408,0.00111264,CLAS,e-,5.88,p,0.938272088
1773,0.275,-0.867,2.411,247.8,96,deg,d4SigUU,0.00270316,nb GeV^-4,0.000731276,0.000706222,CLAS,e-,5.88,p,0.938272088
1774,0.275,-0.868,2.406,278,96,deg,d4SigUU,0.00995433,nb GeV^-4,0.00106305,0.000716322,CLAS,e-,5.88,p,0.938272088
1775,0.275,-0.868,2.401,293.2,96,deg,d4SigUU,0.0144442,nb GeV^-4,0.0012326,0.0012248,CLAS,e-,5.88,p,0.938272088
1776,0.275,-0.868,2.396,308.3,96,deg,d4SigUU,0.0218147,nb GeV^-4,0.00175259,0.00162024,CLAS,e-,5.88,p,0.938272088
1777,0.275,-0.866,2.389,323.5,96,deg,d4SigUU,0.0368984,nb GeV^-4,0.00200512,0.00509078,CLAS,e-,5.88,p,0.938272088
1778,0.275,-1.431,2.371,7.6,97,deg,d4SigUU,0.0155838,nb GeV^-4,0.00122291,0.00117742,CLAS,e-,5.88,p,0.938272088
1779,0.275,-1.365,2.366,21.7,97,deg,d4SigUU,0.0135596,nb GeV^-4,0.000984278,0.00083813,CLAS,e-,5.88,p,0.938272088
1780,0.275,-1.379,2.379,36.6,97,deg,d4SigUU,0.00523643,nb GeV^-4,0.000461999,0.000370791,CLAS,e-,5.88,p,0.938272088
1781,0.275,-1.386,2.39,51.7,97,deg,d4SigUU,0.00480659,nb GeV^-4,0.000462492,0.000472894,CLAS,e-,5.88,p,0.938272088
1782,0.275,-1.388,2.397,66.9,97,deg,d4SigUU,0.00342402,nb GeV^-4,0.000483603,0.000319456,CLAS,e-,5.88,p,0.938272088
1783,0.276,-1.389,2.403,82,97,deg,d4SigUU,0.00323385,nb GeV^-4,0.000818993,0.0003245,CLAS,e-,5.88,p,0.938272088
1784,0.276,-1.389,2.409,97.1,97,deg,d4SigUU,0.0014152,nb GeV^-4,0.000980546,8.25197E-05,CLAS,e-,5.88,p,0.938272088
1785,0.276,-1.386,2.413,187.7,97,deg,d4SigUU,0.000381365,nb GeV^-4,0.000339456,2.22372E-05,CLAS,e-,5.88,p,0.938272088
1786,0.274,-1.386,2.416,217.6,97,deg,d4SigUU,0.00454483,nb GeV^-4,0.00347864,0.000265007,CLAS,e-,5.88,p,0.938272088
1787,0.276,-1.389,2.409,262.9,97,deg,d4SigUU,0.0030897,nb GeV^-4,0.00267141,0.000266807,CLAS,e-,5.88,p,0.938272088
1788,0.276,-1.389,2.403,278,97,deg,d4SigUU,0.00347456,nb GeV^-4,0.000937081,0.000366724,CLAS,e-,5.88,p,0.938272088
1789,0.275,-1.388,2.397,293.1,97,deg,d4SigUU,0.00342622,nb GeV^-4,0.000552555,0.000286356,CLAS,e-,5.88,p,0.938272088
1790,0.275,-1.386,2.39,308.3,97,deg,d4SigUU,0.00422921,nb GeV^-4,0.000586762,0.000592498,CLAS,e-,5.88,p,0.938272088
1791,0.275,-1.379,2.379,323.4,97,deg,d4SigUU,0.00731777,nb GeV^-4,0.000638668,0.000530975,CLAS,e-,5.88,p,0.938272088
1792,0.275,-1.365,2.366,338.3,97,deg,d4SigUU,0.0105899,nb GeV^-4,0.000651673,0.00106946,CLAS,e-,5.88,p,0.938272088
1793,0.275,-1.431,2.371,352.4,97,deg,d4SigUU,0.0177189,nb GeV^-4,0.0011645,0.00615318,CLAS,e-,5.88,p,0.938272088
1794,0.301,-0.118,2.143,7.5,98,deg,d4SigUU,0.0671461,nb GeV^-4,0.0114501,0.019342,CLAS,e-,5.88,p,0.938272088
1795,0.301,-0.118,2.143,22.4,98,deg,d4SigUU,0.14948,nb GeV^-4,0.0235329,0.0276929,CLAS,e-,5.88,p,0.938272088
1796,0.301,-0.118,2.144,37.4,98,deg,d4SigUU,0.10614,nb GeV^-4,0.0139559,0.0066702,CLAS,e-,5.88,p,0.938272088
1797,0.301,-0.118,2.145,52.4,98,deg,d4SigUU,0.150504,nb GeV^-4,0.0248152,0.0100485,CLAS,e-,5.88,p,0.938272088
1798,0.301,-0.118,2.145,67.4,98,deg,d4SigUU,0.0859682,nb GeV^-4,0.0146691,0.0132222,CLAS,e-,5.88,p,0.938272088
1799,0.301,-0.118,2.146,82.3,98,deg,d4SigUU,0.0545097,nb GeV^-4,0.0294187,0.00317843,CLAS,e-,5.88,p,0.938272088
1800,0.301,-0.118,2.145,307.6,98,deg,d4SigUU,0.102723,nb GeV^-4,0.0155938,0.0627366,CLAS,e-,5.88,p,0.938272088
1801,0.301,-0.118,2.144,322.6,98,deg,d4SigUU,0.129211,nb GeV^-4,0.016974,0.0144728,CLAS,e-,5.88,p,0.938272088
1802,0.301,-0.118,2.143,337.6,98,deg,d4SigUU,0.180427,nb GeV^-4,0.0205718,0.0349981,CLAS,e-,5.88,p,0.938272088
1803,0.304,-0.156,2.159,7.5,99,deg,d4SigUU,0.253885,nb GeV^-4,0.0183118,0.0171568,CLAS,e-,5.88,p,0.938272088
1804,0.304,-0.155,2.16,22.4,99,deg,d4SigUU,0.192624,nb GeV^-4,0.0132166,0.0147823,CLAS,e-,5.88,p,0.938272088
1805,0.304,-0.155,2.16,37.3,99,deg,d4SigUU,0.211939,nb GeV^-4,0.0145423,0.0155675,CLAS,e-,5.88,p,0.938272088
1806,0.304,-0.155,2.161,52.3,99,deg,d4SigUU,0.135756,nb GeV^-4,0.00886633,0.00927429,CLAS,e-,5.88,p,0.938272088
1807,0.304,-0.154,2.162,67.2,99,deg,d4SigUU,0.0959401,nb GeV^-4,0.00709295,0.00795188,CLAS,e-,5.88,p,0.938272088
1808,0.304,-0.154,2.164,82.2,99,deg,d4SigUU,0.0747864,nb GeV^-4,0.0082939,0.00782848,CLAS,e-,5.88,p,0.938272088
1809,0.304,-0.154,2.165,97.3,99,deg,d4SigUU,0.0673436,nb GeV^-4,0.0123114,0.0103452,CLAS,e-,5.88,p,0.938272088
1810,0.304,-0.153,2.166,112.3,99,deg,d4SigUU,0.0775819,nb GeV^-4,0.0160827,0.0050815,CLAS,e-,5.88,p,0.938272088
1811,0.305,-0.153,2.167,127.3,99,deg,d4SigUU,0.0600209,nb GeV^-4,0.015476,0.00349979,CLAS,e-,5.88,p,0.938272088
1812,0.304,-0.153,2.166,247.7,99,deg,d4SigUU,0.0770722,nb GeV^-4,0.0150158,0.00483836,CLAS,e-,5.88,p,0.938272088
1813,0.304,-0.154,2.165,262.7,99,deg,d4SigUU,0.0486484,nb GeV^-4,0.00673471,0.007677,CLAS,e-,5.88,p,0.938272088
1814,0.304,-0.154,2.164,277.8,99,deg,d4SigUU,0.0759243,nb GeV^-4,0.00855204,0.00636659,CLAS,e-,5.88,p,0.938272088
1815,0.304,-0.154,2.162,292.8,99,deg,d4SigUU,0.110668,nb GeV^-4,0.0112467,0.00803115,CLAS,e-,5.88,p,0.938272088
1816,0.304,-0.155,2.161,307.7,99,deg,d4SigUU,0.149421,nb GeV^-4,0.0107984,0.012031,CLAS,e-,5.88,p,0.938272088
1817,0.304,-0.155,2.16,322.7,99,deg,d4SigUU,0.256522,nb GeV^-4,0.0166754,0.0157527,CLAS,e-,5.88,p,0.938272088
1818,0.304,-0.155,2.16,337.6,99,deg,d4SigUU,0.210197,nb GeV^-4,0.0117513,0.0139216,CLAS,e-,5.88,p,0.938272088
1819,0.304,-0.156,2.159,352.5,99,deg,d4SigUU,0.243103,nb GeV^-4,0.0158237,0.0151316,CLAS,e-,5.88,p,0.938272088
1820,0.304,-0.205,2.161,7.4,100,deg,d4SigUU,0.31394,nb GeV^-4,0.0187762,0.0274799,CLAS,e-,5.88,p,0.938272088
1821,0.304,-0.205,2.162,22.3,100,deg,d4SigUU,0.251665,nb GeV^-4,0.0160065,0.015575,CLAS,e-,5.88,p,0.938272088
1822,0.304,-0.205,2.162,37.2,100,deg,d4SigUU,0.21533,nb GeV^-4,0.0131697,0.0130176,CLAS,e-,5.88,p,0.938272088
1823,0.304,-0.204,2.163,52.2,100,deg,d4SigUU,0.147167,nb GeV^-4,0.00956115,0.00921948,CLAS,e-,5.88,p,0.938272088
1824,0.304,-0.204,2.164,67.2,100,deg,d4SigUU,0.124328,nb GeV^-4,0.0104869,0.00801716,CLAS,e-,5.88,p,0.938272088
1825,0.304,-0.204,2.165,82.2,100,deg,d4SigUU,0.102611,nb GeV^-4,0.0117055,0.00831532,CLAS,e-,5.88,p,0.938272088
1826,0.304,-0.204,2.166,97.2,100,deg,d4SigUU,0.0424981,nb GeV^-4,0.00564556,0.00450689,CLAS,e-,5.88,p,0.938272088
1827,0.305,-0.203,2.167,112.2,100,deg,d4SigUU,0.0419671,nb GeV^-4,0.00787984,0.00383127,CLAS,e-,5.88,p,0.938272088
1828,0.305,-0.203,2.168,127.3,100,deg,d4SigUU,0.0584326,nb GeV^-4,0.0111014,0.00417111,CLAS,e-,5.88,p,0.938272088
1829,0.305,-0.203,2.169,142.3,100,deg,d4SigUU,0.0368848,nb GeV^-4,0.010866,0.00991215,CLAS,e-,5.88,p,0.938272088
1830,0.305,-0.203,2.169,157.4,100,deg,d4SigUU,0.114345,nb GeV^-4,0.0653666,0.0176684,CLAS,e-,5.88,p,0.938272088
1831,0.305,-0.203,2.169,217.7,100,deg,d4SigUU,0.00976522,nb GeV^-4,0.00538566,0.00444597,CLAS,e-,5.88,p,0.938272088
1832,0.305,-0.203,2.168,232.7,100,deg,d4SigUU,0.037736,nb GeV^-4,0.00762742,0.00420458,CLAS,e-,5.88,p,0.938272088
1833,0.305,-0.203,2.167,247.8,100,deg,d4SigUU,0.079854,nb GeV^-4,0.0144979,0.0177899,CLAS,e-,5.88,p,0.938272088
1834,0.304,-0.204,2.166,262.8,100,deg,d4SigUU,0.0784411,nb GeV^-4,0.0088472,0.00486447,CLAS,e-,5.88,p,0.938272088
1835,0.304,-0.204,2.165,277.8,100,deg,d4SigUU,0.0897911,nb GeV^-4,0.00907859,0.00799457,CLAS,e-,5.88,p,0.938272088
1836,0.304,-0.204,2.164,292.8,100,deg,d4SigUU,0.146179,nb GeV^-4,0.0147774,0.031277,CLAS,e-,5.88,p,0.938272088
1837,0.304,-0.204,2.163,307.8,100,deg,d4SigUU,0.196171,nb GeV^-4,0.0168853,0.0140141,CLAS,e-,5.88,p,0.938272088
1838,0.304,-0.205,2.162,322.8,100,deg,d4SigUU,0.241501,nb GeV^-4,0.0143259,0.0143653,CLAS,e-,5.88,p,0.938272088
1839,0.304,-0.205,2.162,337.7,100,deg,d4SigUU,0.24975,nb GeV^-4,0.0130763,0.0149394,CLAS,e-,5.88,p,0.938272088
1840,0.304,-0.205,2.161,352.6,100,deg,d4SigUU,0.301013,nb GeV^-4,0.0150982,0.0185261,CLAS,e-,5.88,p,0.938272088
1841,0.304,-0.265,2.162,7.4,101,deg,d4SigUU,0.265964,nb GeV^-4,0.0129528,0.0175121,CLAS,e-,5.88,p,0.938272088
1842,0.304,-0.264,2.162,22.2,101,deg,d4SigUU,0.263367,nb GeV^-4,0.0140544,0.0169759,CLAS,e-,5.88,p,0.938272088
1843,0.304,-0.264,2.162,37.1,101,deg,d4SigUU,0.191951,nb GeV^-4,0.0101664,0.0117064,CLAS,e-,5.88,p,0.938272088
1844,0.304,-0.263,2.163,52.1,101,deg,d4SigUU,0.119121,nb GeV^-4,0.00746407,0.00763529,CLAS,e-,5.88,p,0.938272088
1845,0.304,-0.263,2.164,67.1,101,deg,d4SigUU,0.0905939,nb GeV^-4,0.00706054,0.00720375,CLAS,e-,5.88,p,0.938272088
1846,0.304,-0.263,2.165,82.1,101,deg,d4SigUU,0.0518193,nb GeV^-4,0.00566437,0.00553796,CLAS,e-,5.88,p,0.938272088
1847,0.305,-0.262,2.166,97.2,101,deg,d4SigUU,0.0265439,nb GeV^-4,0.0036308,0.00387624,CLAS,e-,5.88,p,0.938272088
1848,0.305,-0.262,2.167,112.2,101,deg,d4SigUU,0.0406202,nb GeV^-4,0.00828433,0.00571628,CLAS,e-,5.88,p,0.938272088
1849,0.305,-0.262,2.168,127.3,101,deg,d4SigUU,0.0191644,nb GeV^-4,0.00488943,0.00119869,CLAS,e-,5.88,p,0.938272088
1850,0.305,-0.262,2.169,142.3,101,deg,d4SigUU,0.00769631,nb GeV^-4,0.00622819,0.0128213,CLAS,e-,5.88,p,0.938272088
1851,0.305,-0.262,2.169,217.7,101,deg,d4SigUU,0.0295067,nb GeV^-4,0.014532,0.00385821,CLAS,e-,5.88,p,0.938272088
1852,0.305,-0.262,2.168,232.7,101,deg,d4SigUU,0.0340281,nb GeV^-4,0.0104742,0.00664533,CLAS,e-,5.88,p,0.938272088
1853,0.305,-0.262,2.167,247.8,101,deg,d4SigUU,0.0213992,nb GeV^-4,0.00521494,0.00195336,CLAS,e-,5.88,p,0.938272088
1854,0.305,-0.262,2.166,262.8,101,deg,d4SigUU,0.0571371,nb GeV^-4,0.00627278,0.00709677,CLAS,e-,5.88,p,0.938272088
1855,0.304,-0.263,2.165,277.9,101,deg,d4SigUU,0.0710573,nb GeV^-4,0.00602355,0.00484373,CLAS,e-,5.88,p,0.938272088
1856,0.304,-0.263,2.164,292.9,101,deg,d4SigUU,0.12601,nb GeV^-4,0.0117181,0.0103497,CLAS,e-,5.88,p,0.938272088
1857,0.304,-0.263,2.163,307.9,101,deg,d4SigUU,0.144158,nb GeV^-4,0.0104503,0.0117227,CLAS,e-,5.88,p,0.938272088
1858,0.304,-0.264,2.162,322.9,101,deg,d4SigUU,0.161733,nb GeV^-4,0.00802413,0.0116732,CLAS,e-,5.88,p,0.938272088
1859,0.304,-0.264,2.162,337.8,101,deg,d4SigUU,0.235973,nb GeV^-4,0.0101834,0.0155163,CLAS,e-,5.88,p,0.938272088
1860,0.304,-0.265,2.162,352.6,101,deg,d4SigUU,0.255358,nb GeV^-4,0.0105943,0.0153097,CLAS,e-,5.88,p,0.938272088
1861,0.304,-0.345,2.163,7.3,102,deg,d4SigUU,0.26221,nb GeV^-4,0.0104619,0.0155465,CLAS,e-,5.88,p,0.938272088
1862,0.304,-0.344,2.162,22,102,deg,d4SigUU,0.256196,nb GeV^-4,0.0119671,0.021024,CLAS,e-,5.88,p,0.938272088
1863,0.304,-0.343,2.162,37,102,deg,d4SigUU,0.139462,nb GeV^-4,0.00734924,0.00832223,CLAS,e-,5.88,p,0.938272088
1864,0.304,-0.342,2.163,52,102,deg,d4SigUU,0.103917,nb GeV^-4,0.00618349,0.00615851,CLAS,e-,5.88,p,0.938272088
1865,0.304,-0.342,2.164,67,102,deg,d4SigUU,0.0635693,nb GeV^-4,0.0052108,0.00628156,CLAS,e-,5.88,p,0.938272088
1866,0.305,-0.341,2.165,82.1,102,deg,d4SigUU,0.0386427,nb GeV^-4,0.00496391,0.00268783,CLAS,e-,5.88,p,0.938272088
1867,0.305,-0.341,2.166,97.1,102,deg,d4SigUU,0.0262876,nb GeV^-4,0.00446493,0.00379919,CLAS,e-,5.88,p,0.938272088
1868,0.305,-0.341,2.167,112.2,102,deg,d4SigUU,0.030261,nb GeV^-4,0.00983593,0.0017645,CLAS,e-,5.88,p,0.938272088
1869,0.305,-0.341,2.167,247.8,102,deg,d4SigUU,0.0255672,nb GeV^-4,0.00854505,0.00289129,CLAS,e-,5.88,p,0.938272088
1870,0.305,-0.341,2.166,262.9,102,deg,d4SigUU,0.041334,nb GeV^-4,0.00573042,0.00316963,CLAS,e-,5.88,p,0.938272088
1871,0.305,-0.341,2.165,277.9,102,deg,d4SigUU,0.0387954,nb GeV^-4,0.00370767,0.00290197,CLAS,e-,5.88,p,0.938272088
1872,0.304,-0.342,2.164,293,102,deg,d4SigUU,0.0759731,nb GeV^-4,0.00635886,0.00564727,CLAS,e-,5.88,p,0.938272088
1873,0.304,-0.342,2.163,308,102,deg,d4SigUU,0.106939,nb GeV^-4,0.00761249,0.00928632,CLAS,e-,5.88,p,0.938272088
1874,0.304,-0.343,2.162,323,102,deg,d4SigUU,0.156365,nb GeV^-4,0.00812673,0.0100963,CLAS,e-,5.88,p,0.938272088
1875,0.304,-0.344,2.162,338,102,deg,d4SigUU,0.203659,nb GeV^-4,0.00736439,0.0123961,CLAS,e-,5.88,p,0.938272088
1876,0.304,-0.345,2.163,352.7,102,deg,d4SigUU,0.274478,nb GeV^-4,0.00958748,0.0167368,CLAS,e-,5.88,p,0.938272088
1877,0.305,-0.451,2.143,7.5,103,deg,d4SigUU,0.284518,nb GeV^-4,0.0131661,0.0168819,CLAS,e-,5.88,p,0.938272088
1878,0.304,-0.453,2.162,21.8,103,deg,d4SigUU,0.187258,nb GeV^-4,0.00841061,0.0110356,CLAS,e-,5.88,p,0.938272088
1879,0.304,-0.451,2.162,36.8,103,deg,d4SigUU,0.0997812,nb GeV^-4,0.00506166,0.00623414,CLAS,e-,5.88,p,0.938272088
1880,0.304,-0.45,2.162,51.8,103,deg,d4SigUU,0.072278,nb GeV^-4,0.00435285,0.00504098,CLAS,e-,5.88,p,0.938272088
1881,0.305,-0.449,2.163,66.9,103,deg,d4SigUU,0.0529041,nb GeV^-4,0.00448471,0.00393612,CLAS,e-,5.88,p,0.938272088
1882,0.305,-0.448,2.165,82,103,deg,d4SigUU,0.0370748,nb GeV^-4,0.00511535,0.00347447,CLAS,e-,5.88,p,0.938272088
1883,0.305,-0.448,2.166,97.1,103,deg,d4SigUU,0.0134277,nb GeV^-4,0.00301237,0.0079597,CLAS,e-,5.88,p,0.938272088
1884,0.305,-0.448,2.167,112.2,103,deg,d4SigUU,0.0456271,nb GeV^-4,0.0265911,0.00266049,CLAS,e-,5.88,p,0.938272088
1885,0.305,-0.447,2.169,157.4,103,deg,d4SigUU,0.0178284,nb GeV^-4,0.00916496,0.00114086,CLAS,e-,5.88,p,0.938272088
1886,0.305,-0.447,2.169,172.5,103,deg,d4SigUU,0.0146453,nb GeV^-4,0.00509424,0.00236189,CLAS,e-,5.88,p,0.938272088
1887,0.305,-0.448,2.167,247.8,103,deg,d4SigUU,0.00628206,nb GeV^-4,0.00533896,0.00402031,CLAS,e-,5.88,p,0.938272088
1888,0.305,-0.448,2.165,278,103,deg,d4SigUU,0.0439601,nb GeV^-4,0.00449395,0.00346668,CLAS,e-,5.88,p,0.938272088
1889,0.305,-0.449,2.163,293.1,103,deg,d4SigUU,0.0468169,nb GeV^-4,0.00415449,0.00486647,CLAS,e-,5.88,p,0.938272088
1890,0.304,-0.45,2.162,308.2,103,deg,d4SigUU,0.0816141,nb GeV^-4,0.00630935,0.00767998,CLAS,e-,5.88,p,0.938272088
1891,0.304,-0.451,2.162,323.2,103,deg,d4SigUU,0.113078,nb GeV^-4,0.00546916,0.00836733,CLAS,e-,5.88,p,0.938272088
1892,0.304,-0.453,2.162,338.2,103,deg,d4SigUU,0.191682,nb GeV^-4,0.00694514,0.0122379,CLAS,e-,5.88,p,0.938272088
1893,0.305,-0.451,2.143,352.5,103,deg,d4SigUU,0.271013,nb GeV^-4,0.0108676,0.0226145,CLAS,e-,5.88,p,0.938272088
1894,0.305,-0.611,2.144,22,104,deg,d4SigUU,0.137746,nb GeV^-4,0.00716044,0.00808341,CLAS,e-,5.88,p,0.938272088
1895,0.304,-0.611,2.16,36.5,104,deg,d4SigUU,0.0744455,nb GeV^-4,0.00394888,0.00452388,CLAS,e-,5.88,p,0.938272088
1896,0.305,-0.609,2.161,51.7,104,deg,d4SigUU,0.0407132,nb GeV^-4,0.00262775,0.00260396,CLAS,e-,5.88,p,0.938272088
1897,0.305,-0.607,2.163,66.8,104,deg,d4SigUU,0.0245706,nb GeV^-4,0.00222766,0.00144335,CLAS,e-,5.88,p,0.938272088
1898,0.305,-0.606,2.165,81.9,104,deg,d4SigUU,0.0172797,nb GeV^-4,0.00271255,0.00333019,CLAS,e-,5.88,p,0.938272088
1899,0.305,-0.606,2.166,97,104,deg,d4SigUU,0.00706893,nb GeV^-4,0.00523384,0.0024001,CLAS,e-,5.88,p,0.938272088
1900,0.305,-0.605,2.168,127.2,104,deg,d4SigUU,0.010729,nb GeV^-4,0.00734036,0.00225735,CLAS,e-,5.88,p,0.938272088
1901,0.305,-0.605,2.169,142.3,104,deg,d4SigUU,0.0140664,nb GeV^-4,0.00810393,0.00342054,CLAS,e-,5.88,p,0.938272088
1902,0.305,-0.605,2.17,172.5,104,deg,d4SigUU,0.0214555,nb GeV^-4,0.00740312,0.00280844,CLAS,e-,5.88,p,0.938272088
1903,0.305,-0.605,2.17,187.5,104,deg,d4SigUU,0.0121647,nb GeV^-4,0.00501081,0.0137574,CLAS,e-,5.88,p,0.938272088
1904,0.305,-0.605,2.169,202.6,104,deg,d4SigUU,0.0446618,nb GeV^-4,0.0340927,0.00821232,CLAS,e-,5.88,p,0.938272088
1905,0.305,-0.605,2.169,217.7,104,deg,d4SigUU,0.0149978,nb GeV^-4,0.0134933,0.000874513,CLAS,e-,5.88,p,0.938272088
1906,0.305,-0.606,2.166,263,104,deg,d4SigUU,0.0264218,nb GeV^-4,0.00878158,0.00209634,CLAS,e-,5.88,p,0.938272088
1907,0.305,-0.606,2.165,278.1,104,deg,d4SigUU,0.0154497,nb GeV^-4,0.00186314,0.00104065,CLAS,e-,5.88,p,0.938272088
1908,0.305,-0.607,2.163,293.2,104,deg,d4SigUU,0.0209267,nb GeV^-4,0.00216312,0.00203213,CLAS,e-,5.88,p,0.938272088
1909,0.305,-0.609,2.161,308.3,104,deg,d4SigUU,0.0355835,nb GeV^-4,0.00298068,0.00284316,CLAS,e-,5.88,p,0.938272088
1910,0.304,-0.611,2.16,323.5,104,deg,d4SigUU,0.0705849,nb GeV^-4,0.00387286,0.00442203,CLAS,e-,5.88,p,0.938272088
1911,0.305,-0.611,2.144,338,104,deg,d4SigUU,0.132711,nb GeV^-4,0.00541421,0.0246921,CLAS,e-,5.88,p,0.938272088
1912,0.305,-0.883,2.127,23.1,105,deg,d4SigUU,0.0879631,nb GeV^-4,0.00598476,0.00519478,CLAS,e-,5.88,p,0.938272088
1913,0.305,-0.877,2.156,36.3,105,deg,d4SigUU,0.032258,nb GeV^-4,0.00199482,0.00197967,CLAS,e-,5.88,p,0.938272088
1914,0.305,-0.874,2.159,51.6,105,deg,d4SigUU,0.0161861,nb GeV^-4,0.00127244,0.00127842,CLAS,e-,5.88,p,0.938272088
1915,0.305,-0.872,2.162,66.8,105,deg,d4SigUU,0.0105793,nb GeV^-4,0.00113701,0.000868291,CLAS,e-,5.88,p,0.938272088
1916,0.305,-0.87,2.164,81.9,105,deg,d4SigUU,0.00350995,nb GeV^-4,0.000809539,0.000573992,CLAS,e-,5.88,p,0.938272088
1917,0.305,-0.868,2.169,127.2,105,deg,d4SigUU,0.00623294,nb GeV^-4,0.00494496,0.00174137,CLAS,e-,5.88,p,0.938272088
1918,0.305,-0.868,2.169,142.3,105,deg,d4SigUU,0.0101894,nb GeV^-4,0.0046563,0.00119711,CLAS,e-,5.88,p,0.938272088
1919,0.305,-0.867,2.168,157.3,105,deg,d4SigUU,0.0119542,nb GeV^-4,0.0052336,0.00353913,CLAS,e-,5.88,p,0.938272088
1920,0.305,-0.867,2.169,172.5,105,deg,d4SigUU,0.00575001,nb GeV^-4,0.00153853,0.000784896,CLAS,e-,5.88,p,0.938272088
1921,0.305,-0.868,2.169,217.7,105,deg,d4SigUU,0.0242656,nb GeV^-4,0.0183088,0.00324438,CLAS,e-,5.88,p,0.938272088
1922,0.305,-0.868,2.169,232.8,105,deg,d4SigUU,0.00703858,nb GeV^-4,0.00593974,0.000410416,CLAS,e-,5.88,p,0.938272088
1923,0.305,-0.87,2.164,278.1,105,deg,d4SigUU,0.00821564,nb GeV^-4,0.00186123,0.00095355,CLAS,e-,5.88,p,0.938272088
1924,0.305,-0.872,2.162,293.2,105,deg,d4SigUU,0.0114975,nb GeV^-4,0.00158671,0.0014973,CLAS,e-,5.88,p,0.938272088
1925,0.305,-0.874,2.159,308.4,105,deg,d4SigUU,0.0284424,nb GeV^-4,0.00303126,0.00251619,CLAS,e-,5.88,p,0.938272088
1926,0.305,-0.877,2.156,323.7,105,deg,d4SigUU,0.0365636,nb GeV^-4,0.00224086,0.00323675,CLAS,e-,5.88,p,0.938272088
1927,0.305,-0.883,2.127,336.9,105,deg,d4SigUU,0.098767,nb GeV^-4,0.00561839,0.00577363,CLAS,e-,5.88,p,0.938272088
1928,0.305,-1.591,2.126,7.8,106,deg,d4SigUU,0.0258765,nb GeV^-4,0.00216947,0.0018296,CLAS,e-,5.88,p,0.938272088
1929,0.305,-1.386,2.141,21.3,106,deg,d4SigUU,0.0171634,nb GeV^-4,0.00115115,0.00106174,CLAS,e-,5.88,p,0.938272088
1930,0.305,-1.396,2.151,36.3,106,deg,d4SigUU,0.00997902,nb GeV^-4,0.00102465,0.000698151,CLAS,e-,5.88,p,0.938272088
1931,0.305,-1.398,2.157,51.5,106,deg,d4SigUU,0.00479487,nb GeV^-4,0.000593027,0.000594981,CLAS,e-,5.88,p,0.938272088
1932,0.305,-1.396,2.161,66.7,106,deg,d4SigUU,0.00354422,nb GeV^-4,0.000783919,0.000206662,CLAS,e-,5.88,p,0.938272088
1933,0.304,-1.391,2.163,96.9,106,deg,d4SigUU,0.00330855,nb GeV^-4,0.00186964,0.000551278,CLAS,e-,5.88,p,0.938272088
1934,0.306,-1.388,2.171,142.2,106,deg,d4SigUU,0.00187779,nb GeV^-4,0.00109402,0.000533337,CLAS,e-,5.88,p,0.938272088
1935,0.302,-1.389,2.168,157.7,106,deg,d4SigUU,0.00495806,nb GeV^-4,0.00354795,0.000446459,CLAS,e-,5.88,p,0.938272088
1936,0.307,-1.386,2.171,172.3,106,deg,d4SigUU,0.00435631,nb GeV^-4,0.00217146,0.000315215,CLAS,e-,5.88,p,0.938272088
1937,0.302,-1.389,2.168,202.3,106,deg,d4SigUU,0.00201414,nb GeV^-4,0.000743235,0.00101627,CLAS,e-,5.88,p,0.938272088
1938,0.303,-1.39,2.166,247.9,106,deg,d4SigUU,0.0120896,nb GeV^-4,0.00890302,0.00126252,CLAS,e-,5.88,p,0.938272088
1939,0.304,-1.391,2.163,263.1,106,deg,d4SigUU,0.00306872,nb GeV^-4,0.00121709,0.000178935,CLAS,e-,5.88,p,0.938272088
1940,0.305,-1.396,2.161,293.3,106,deg,d4SigUU,0.00159696,nb GeV^-4,0.000526477,0.000176069,CLAS,e-,5.88,p,0.938272088
1941,0.305,-1.398,2.157,308.5,106,deg,d4SigUU,0.00497981,nb GeV^-4,0.000842551,0.000712438,CLAS,e-,5.88,p,0.938272088
1942,0.305,-1.396,2.151,323.7,106,deg,d4SigUU,0.00864888,nb GeV^-4,0.000896893,0.000557563,CLAS,e-,5.88,p,0.938272088
1943,0.305,-1.386,2.141,338.7,106,deg,d4SigUU,0.0178676,nb GeV^-4,0.00102151,0.00173727,CLAS,e-,5.88,p,0.938272088
1944,0.305,-1.591,2.126,352.2,106,deg,d4SigUU,0.0262603,nb GeV^-4,0.0019512,0.00726022,CLAS,e-,5.88,p,0.938272088
1945,0.3,-0.119,2.625,7.5,107,deg,d4SigUU,0.282496,nb GeV^-4,0.0519423,0.131255,CLAS,e-,5.88,p,0.938272088
1946,0.301,-0.119,2.625,22.4,107,deg,d4SigUU,0.184852,nb GeV^-4,0.0277226,0.012485,CLAS,e-,5.88,p,0.938272088
1947,0.301,-0.119,2.625,37.4,107,deg,d4SigUU,0.108036,nb GeV^-4,0.0141716,0.007502,CLAS,e-,5.88,p,0.938272088
1948,0.301,-0.119,2.626,52.4,107,deg,d4SigUU,0.064381,nb GeV^-4,0.0115665,0.00839306,CLAS,e-,5.88,p,0.938272088
1949,0.301,-0.118,2.627,67.4,107,deg,d4SigUU,0.0991424,nb GeV^-4,0.0260001,0.00640161,CLAS,e-,5.88,p,0.938272088
1950,0.301,-0.118,2.628,82.4,107,deg,d4SigUU,0.0583323,nb GeV^-4,0.0260956,0.00340133,CLAS,e-,5.88,p,0.938272088
1951,0.301,-0.118,2.628,277.6,107,deg,d4SigUU,0.0151282,nb GeV^-4,0.0126629,0.0152994,CLAS,e-,5.88,p,0.938272088
1952,0.301,-0.119,2.626,307.6,107,deg,d4SigUU,0.0675803,nb GeV^-4,0.0148488,0.00660235,CLAS,e-,5.88,p,0.938272088
1953,0.301,-0.119,2.625,322.6,107,deg,d4SigUU,0.0730761,nb GeV^-4,0.0105164,0.22449,CLAS,e-,5.88,p,0.938272088
1954,0.301,-0.119,2.625,337.6,107,deg,d4SigUU,0.103901,nb GeV^-4,0.01331,0.00840493,CLAS,e-,5.88,p,0.938272088
1955,0.3,-0.119,2.625,352.5,107,deg,d4SigUU,0.207949,nb GeV^-4,0.0284067,0.0589619,CLAS,e-,5.88,p,0.938272088
1956,0.304,-0.156,2.651,7.4,108,deg,d4SigUU,0.257949,nb GeV^-4,0.0152348,0.0159488,CLAS,e-,5.88,p,0.938272088
1957,0.304,-0.156,2.653,22.4,108,deg,d4SigUU,0.258129,nb GeV^-4,0.0152107,0.0153897,CLAS,e-,5.88,p,0.938272088
1958,0.304,-0.155,2.653,37.3,108,deg,d4SigUU,0.204698,nb GeV^-4,0.00997324,0.0125101,CLAS,e-,5.88,p,0.938272088
1959,0.304,-0.155,2.652,52.3,108,deg,d4SigUU,0.173846,nb GeV^-4,0.00972251,0.0108545,CLAS,e-,5.88,p,0.938272088
1960,0.304,-0.154,2.652,67.2,108,deg,d4SigUU,0.154235,nb GeV^-4,0.0120157,0.00979402,CLAS,e-,5.88,p,0.938272088
1961,0.304,-0.154,2.653,82.3,108,deg,d4SigUU,0.165617,nb GeV^-4,0.0194014,0.0120118,CLAS,e-,5.88,p,0.938272088
1962,0.304,-0.154,2.654,97.3,108,deg,d4SigUU,0.154257,nb GeV^-4,0.0211428,0.020109,CLAS,e-,5.88,p,0.938272088
1963,0.304,-0.153,2.655,112.3,108,deg,d4SigUU,0.0979958,nb GeV^-4,0.0140745,0.00703386,CLAS,e-,5.88,p,0.938272088
1964,0.305,-0.153,2.656,127.3,108,deg,d4SigUU,0.0750916,nb GeV^-4,0.0144036,0.00968487,CLAS,e-,5.88,p,0.938272088
1965,0.305,-0.153,2.658,142.4,108,deg,d4SigUU,0.140875,nb GeV^-4,0.040552,0.0132438,CLAS,e-,5.88,p,0.938272088
1966,0.305,-0.153,2.658,217.6,108,deg,d4SigUU,0.10226,nb GeV^-4,0.0208681,0.00792517,CLAS,e-,5.88,p,0.938272088
1967,0.305,-0.153,2.656,232.7,108,deg,d4SigUU,0.0783796,nb GeV^-4,0.0177987,0.0057752,CLAS,e-,5.88,p,0.938272088
1968,0.304,-0.153,2.655,247.7,108,deg,d4SigUU,0.103179,nb GeV^-4,0.0167342,0.00963896,CLAS,e-,5.88,p,0.938272088
1969,0.304,-0.154,2.654,262.7,108,deg,d4SigUU,0.10062,nb GeV^-4,0.0105016,0.00907543,CLAS,e-,5.88,p,0.938272088
1970,0.304,-0.154,2.653,277.7,108,deg,d4SigUU,0.116281,nb GeV^-4,0.0111129,0.00821344,CLAS,e-,5.88,p,0.938272088
1971,0.304,-0.154,2.652,292.8,108,deg,d4SigUU,0.168393,nb GeV^-4,0.0146512,0.0139716,CLAS,e-,5.88,p,0.938272088
1972,0.304,-0.155,2.652,307.7,108,deg,d4SigUU,0.192937,nb GeV^-4,0.012557,0.0170196,CLAS,e-,5.88,p,0.938272088
1973,0.304,-0.155,2.653,322.7,108,deg,d4SigUU,0.218279,nb GeV^-4,0.0108946,0.0150006,CLAS,e-,5.88,p,0.938272088
1974,0.304,-0.156,2.653,337.6,108,deg,d4SigUU,0.292047,nb GeV^-4,0.0141887,0.0175544,CLAS,e-,5.88,p,0.938272088
1975,0.304,-0.156,2.651,352.6,108,deg,d4SigUU,0.322635,nb GeV^-4,0.0173131,0.0200902,CLAS,e-,5.88,p,0.938272088
1976,0.305,-0.204,2.629,7.5,109,deg,d4SigUU,0.392142,nb GeV^-4,0.0240755,0.0271681,CLAS,e-,5.88,p,0.938272088
1977,0.304,-0.204,2.645,22.4,109,deg,d4SigUU,0.363532,nb GeV^-4,0.0231154,0.0213737,CLAS,e-,5.88,p,0.938272088
1978,0.304,-0.205,2.656,37.2,109,deg,d4SigUU,0.268798,nb GeV^-4,0.0135736,0.0163191,CLAS,e-,5.88,p,0.938272088
1979,0.304,-0.204,2.655,52.1,109,deg,d4SigUU,0.19388,nb GeV^-4,0.00996726,0.0118183,CLAS,e-,5.88,p,0.938272088
1980,0.304,-0.204,2.654,67.1,109,deg,d4SigUU,0.180643,nb GeV^-4,0.0118941,0.0126975,CLAS,e-,5.88,p,0.938272088
1981,0.304,-0.204,2.654,82.2,109,deg,d4SigUU,0.128792,nb GeV^-4,0.0123217,0.00986397,CLAS,e-,5.88,p,0.938272088
1982,0.305,-0.204,2.654,97.2,109,deg,d4SigUU,0.0668474,nb GeV^-4,0.00687904,0.00510502,CLAS,e-,5.88,p,0.938272088
1983,0.305,-0.203,2.655,112.3,109,deg,d4SigUU,0.0681701,nb GeV^-4,0.00692499,0.00465011,CLAS,e-,5.88,p,0.938272088
1984,0.305,-0.203,2.656,127.3,109,deg,d4SigUU,0.0619574,nb GeV^-4,0.0069791,0.00468567,CLAS,e-,5.88,p,0.938272088
1985,0.305,-0.203,2.657,142.4,109,deg,d4SigUU,0.0468074,nb GeV^-4,0.00639737,0.00393737,CLAS,e-,5.88,p,0.938272088
1986,0.305,-0.203,2.657,157.4,109,deg,d4SigUU,0.0633596,nb GeV^-4,0.00832409,0.0052976,CLAS,e-,5.88,p,0.938272088
1987,0.305,-0.203,2.658,172.5,109,deg,d4SigUU,0.0548928,nb GeV^-4,0.00716054,0.00576114,CLAS,e-,5.88,p,0.938272088
1988,0.305,-0.203,2.658,187.5,109,deg,d4SigUU,0.0527441,nb GeV^-4,0.00916931,0.00450579,CLAS,e-,5.88,p,0.938272088
1989,0.305,-0.203,2.657,202.6,109,deg,d4SigUU,0.061784,nb GeV^-4,0.00759049,0.00799091,CLAS,e-,5.88,p,0.938272088
1990,0.305,-0.203,2.657,217.6,109,deg,d4SigUU,0.078956,nb GeV^-4,0.00970818,0.00790071,CLAS,e-,5.88,p,0.938272088
1991,0.305,-0.203,2.656,232.7,109,deg,d4SigUU,0.0682214,nb GeV^-4,0.00896436,0.00789578,CLAS,e-,5.88,p,0.938272088
1992,0.305,-0.203,2.655,247.7,109,deg,d4SigUU,0.078066,nb GeV^-4,0.00984183,0.00616064,CLAS,e-,5.88,p,0.938272088
1993,0.305,-0.204,2.654,262.8,109,deg,d4SigUU,0.123114,nb GeV^-4,0.0110986,0.0120974,CLAS,e-,5.88,p,0.938272088
1994,0.304,-0.204,2.654,277.8,109,deg,d4SigUU,0.114567,nb GeV^-4,0.00875645,0.00777042,CLAS,e-,5.88,p,0.938272088
1995,0.304,-0.204,2.654,292.9,109,deg,d4SigUU,0.138793,nb GeV^-4,0.0105471,0.0104697,CLAS,e-,5.88,p,0.938272088
1996,0.304,-0.204,2.655,307.9,109,deg,d4SigUU,0.290473,nb GeV^-4,0.0203604,0.018147,CLAS,e-,5.88,p,0.938272088
1997,0.304,-0.205,2.656,322.8,109,deg,d4SigUU,0.296399,nb GeV^-4,0.0149402,0.0207764,CLAS,e-,5.88,p,0.938272088
1998,0.304,-0.204,2.645,337.6,109,deg,d4SigUU,0.362093,nb GeV^-4,0.0178175,0.0219381,CLAS,e-,5.88,p,0.938272088
1999,0.305,-0.204,2.629,352.5,109,deg,d4SigUU,0.345533,nb GeV^-4,0.0187883,0.0247235,CLAS,e-,5.88,p,0.938272088
2000,0.305,-0.262,2.567,7.6,110,deg,d4SigUU,0.449897,nb GeV^-4,0.0241269,0.0282468,CLAS,e-,5.88,p,0.938272088
2001,0.305,-0.263,2.609,22.6,110,deg,d4SigUU,0.365945,nb GeV^-4,0.0188642,0.027838,CLAS,e-,5.88,p,0.938272088
2002,0.304,-0.264,2.652,37.2,110,deg,d4SigUU,0.364716,nb GeV^-4,0.011897,0.0218552,CLAS,e-,5.88,p,0.938272088
2003,0.304,-0.263,2.655,52,110,deg,d4SigUU,0.153435,nb GeV^-4,0.00721936,0.00975695,CLAS,e-,5.88,p,0.938272088
2004,0.304,-0.263,2.653,67.1,110,deg,d4SigUU,0.117032,nb GeV^-4,0.00721074,0.00965173,CLAS,e-,5.88,p,0.938272088
2005,0.305,-0.262,2.653,82.1,110,deg,d4SigUU,0.0993623,nb GeV^-4,0.0091283,0.00644662,CLAS,e-,5.88,p,0.938272088
2006,0.305,-0.262,2.653,97.2,110,deg,d4SigUU,0.0767467,nb GeV^-4,0.00677723,0.00488133,CLAS,e-,5.88,p,0.938272088
2007,0.305,-0.262,2.654,112.2,110,deg,d4SigUU,0.0370981,nb GeV^-4,0.00345739,0.0026938,CLAS,e-,5.88,p,0.938272088
2008,0.305,-0.262,2.655,127.3,110,deg,d4SigUU,0.0325337,nb GeV^-4,0.0038431,0.0031977,CLAS,e-,5.88,p,0.938272088
2009,0.305,-0.262,2.656,142.3,110,deg,d4SigUU,0.0364246,nb GeV^-4,0.00471236,0.00382868,CLAS,e-,5.88,p,0.938272088
2010,0.305,-0.262,2.657,157.4,110,deg,d4SigUU,0.0472728,nb GeV^-4,0.00580776,0.00422223,CLAS,e-,5.88,p,0.938272088
2011,0.305,-0.262,2.657,172.5,110,deg,d4SigUU,0.0301469,nb GeV^-4,0.00364396,0.00205947,CLAS,e-,5.88,p,0.938272088
2012,0.305,-0.262,2.657,187.5,110,deg,d4SigUU,0.0370409,nb GeV^-4,0.00513593,0.00300362,CLAS,e-,5.88,p,0.938272088
2013,0.305,-0.262,2.657,202.6,110,deg,d4SigUU,0.0252588,nb GeV^-4,0.00292894,0.0024223,CLAS,e-,5.88,p,0.938272088
2014,0.305,-0.262,2.656,217.7,110,deg,d4SigUU,0.0366642,nb GeV^-4,0.00400087,0.0030005,CLAS,e-,5.88,p,0.938272088
2015,0.305,-0.262,2.654,247.8,110,deg,d4SigUU,0.0406756,nb GeV^-4,0.00510382,0.00335484,CLAS,e-,5.88,p,0.938272088
2016,0.305,-0.262,2.653,262.8,110,deg,d4SigUU,0.0738277,nb GeV^-4,0.00606833,0.00481936,CLAS,e-,5.88,p,0.938272088
2017,0.305,-0.262,2.653,277.9,110,deg,d4SigUU,0.0994366,nb GeV^-4,0.00707182,0.00676546,CLAS,e-,5.88,p,0.938272088
2018,0.304,-0.263,2.653,292.9,110,deg,d4SigUU,0.109218,nb GeV^-4,0.00696911,0.0101646,CLAS,e-,5.88,p,0.938272088
2019,0.304,-0.263,2.655,308,110,deg,d4SigUU,0.1761,nb GeV^-4,0.00993434,0.0120168,CLAS,e-,5.88,p,0.938272088
2020,0.304,-0.264,2.652,322.8,110,deg,d4SigUU,0.394935,nb GeV^-4,0.0123718,0.0266358,CLAS,e-,5.88,p,0.938272088
2021,0.305,-0.263,2.609,337.4,110,deg,d4SigUU,0.440943,nb GeV^-4,0.0189076,0.0279563,CLAS,e-,5.88,p,0.938272088
2022,0.305,-0.262,2.567,352.4,110,deg,d4SigUU,0.496893,nb GeV^-4,0.0232203,0.0375465,CLAS,e-,5.88,p,0.938272088
2023,0.305,-0.341,2.553,22.7,111,deg,d4SigUU,0.415607,nb GeV^-4,0.028153,0.0284919,CLAS,e-,5.88,p,0.938272088
2024,0.305,-0.342,2.639,37.3,111,deg,d4SigUU,0.215894,nb GeV^-4,0.0100079,0.0154237,CLAS,e-,5.88,p,0.938272088
2025,0.304,-0.342,2.653,51.9,111,deg,d4SigUU,0.893265,nb GeV^-4,0.00599198,0.0521946,CLAS,e-,5.88,p,0.938272088
2026,0.305,-0.341,2.652,67,111,deg,d4SigUU,0.078419,nb GeV^-4,0.00530348,0.00627063,CLAS,e-,5.88,p,0.938272088
2027,0.305,-0.341,2.652,82.1,111,deg,d4SigUU,0.0732422,nb GeV^-4,0.00641789,0.00554365,CLAS,e-,5.88,p,0.938272088
2028,0.305,-0.341,2.652,97.1,111,deg,d4SigUU,0.0406147,nb GeV^-4,0.00389653,0.00254211,CLAS,e-,5.88,p,0.938272088
2029,0.305,-0.341,2.653,112.2,111,deg,d4SigUU,0.025534,nb GeV^-4,0.00273053,0.00202041,CLAS,e-,5.88,p,0.938272088
2030,0.305,-0.341,2.654,127.3,111,deg,d4SigUU,0.0227531,nb GeV^-4,0.00327817,0.00237477,CLAS,e-,5.88,p,0.938272088
2031,0.305,-0.341,2.655,142.3,111,deg,d4SigUU,0.0123405,nb GeV^-4,0.00258365,0.00133908,CLAS,e-,5.88,p,0.938272088
2032,0.305,-0.341,2.656,157.4,111,deg,d4SigUU,0.0131796,nb GeV^-4,0.00232913,0.00148685,CLAS,e-,5.88,p,0.938272088
2033,0.305,-0.341,2.656,172.5,111,deg,d4SigUU,0.0209453,nb GeV^-4,0.00368016,0.00169073,CLAS,e-,5.88,p,0.938272088
2034,0.305,-0.341,2.656,187.5,111,deg,d4SigUU,0.0124196,nb GeV^-4,0.00218467,0.00218005,CLAS,e-,5.88,p,0.938272088
2035,0.305,-0.341,2.655,217.7,111,deg,d4SigUU,0.0236539,nb GeV^-4,0.00375779,0.003773,CLAS,e-,5.88,p,0.938272088
2036,0.305,-0.341,2.654,232.7,111,deg,d4SigUU,0.0311836,nb GeV^-4,0.00480219,0.00237859,CLAS,e-,5.88,p,0.938272088
2037,0.305,-0.341,2.653,247.8,111,deg,d4SigUU,0.0637079,nb GeV^-4,0.00995403,0.00455029,CLAS,e-,5.88,p,0.938272088
2038,0.305,-0.341,2.652,262.9,111,deg,d4SigUU,0.0407703,nb GeV^-4,0.00353761,0.00333712,CLAS,e-,5.88,p,0.938272088
2039,0.305,-0.341,2.652,277.9,111,deg,d4SigUU,0.0617285,nb GeV^-4,0.00449893,0.00453789,CLAS,e-,5.88,p,0.938272088
2040,0.305,-0.341,2.652,293,111,deg,d4SigUU,0.098627,nb GeV^-4,0.00719673,0.00894573,CLAS,e-,5.88,p,0.938272088
2041,0.304,-0.342,2.653,308.1,111,deg,d4SigUU,1.05087,nb GeV^-4,0.00815167,0.061428,CLAS,e-,5.88,p,0.938272088
2042,0.305,-0.342,2.639,322.7,111,deg,d4SigUU,0.210154,nb GeV^-4,0.0100193,0.0132845,CLAS,e-,5.88,p,0.938272088
2043,0.305,-0.341,2.553,337.3,111,deg,d4SigUU,0.408441,nb GeV^-4,0.0212493,0.0364017,CLAS,e-,5.88,p,0.938272088
2044,0.305,-0.45,2.629,37.3,112,deg,d4SigUU,0.147254,nb GeV^-4,0.00734618,0.00891122,CLAS,e-,5.88,p,0.938272088
2045,0.305,-0.449,2.649,51.8,112,deg,d4SigUU,0.0812085,nb GeV^-4,0.00401731,0.00551297,CLAS,e-,5.88,p,0.938272088
2046,0.305,-0.448,2.649,66.9,112,deg,d4SigUU,0.0728626,nb GeV^-4,0.00540047,0.00438038,CLAS,e-,5.88,p,0.938272088
2047,0.305,-0.448,2.65,82,112,deg,d4SigUU,0.035023,nb GeV^-4,0.00364841,0.00244233,CLAS,e-,5.88,p,0.938272088
2048,0.305,-0.448,2.651,97.1,112,deg,d4SigUU,0.0208481,nb GeV^-4,0.00215482,0.00205656,CLAS,e-,5.88,p,0.938272088
2049,0.305,-0.447,2.652,112.2,112,deg,d4SigUU,0.0198859,nb GeV^-4,0.002174,0.001336,CLAS,e-,5.88,p,0.938272088
2050,0.305,-0.447,2.653,127.3,112,deg,d4SigUU,0.0175962,nb GeV^-4,0.00304601,0.00161901,CLAS,e-,5.88,p,0.938272088
2051,0.305,-0.447,2.654,142.3,112,deg,d4SigUU,0.013047,nb GeV^-4,0.00326651,0.0049471,CLAS,e-,5.88,p,0.938272088
2052,0.305,-0.447,2.655,157.4,112,deg,d4SigUU,0.00779848,nb GeV^-4,0.00166099,0.00133052,CLAS,e-,5.88,p,0.938272088
2053,0.305,-0.447,2.655,172.5,112,deg,d4SigUU,0.0154995,nb GeV^-4,0.00511169,0.00185033,CLAS,e-,5.88,p,0.938272088
2054,0.305,-0.447,2.655,187.5,112,deg,d4SigUU,0.0110399,nb GeV^-4,0.00346871,0.00154405,CLAS,e-,5.88,p,0.938272088
2055,0.305,-0.447,2.655,202.6,112,deg,d4SigUU,0.016601,nb GeV^-4,0.00451943,0.00268085,CLAS,e-,5.88,p,0.938272088
2056,0.305,-0.447,2.654,217.7,112,deg,d4SigUU,0.0186898,nb GeV^-4,0.00350171,0.0038221,CLAS,e-,5.88,p,0.938272088
2057,0.305,-0.447,2.653,232.7,112,deg,d4SigUU,0.023775,nb GeV^-4,0.00508225,0.0017411,CLAS,e-,5.88,p,0.938272088
2058,0.305,-0.447,2.652,247.8,112,deg,d4SigUU,0.0249759,nb GeV^-4,0.00388754,0.00184252,CLAS,e-,5.88,p,0.938272088
2059,0.305,-0.448,2.651,262.9,112,deg,d4SigUU,0.0244914,nb GeV^-4,0.00243333,0.00186173,CLAS,e-,5.88,p,0.938272088
2060,0.305,-0.448,2.65,278,112,deg,d4SigUU,0.0437594,nb GeV^-4,0.00351265,0.00340454,CLAS,e-,5.88,p,0.938272088
2061,0.305,-0.448,2.649,293.1,112,deg,d4SigUU,0.0547281,nb GeV^-4,0.00382001,0.00399097,CLAS,e-,5.88,p,0.938272088
2062,0.305,-0.449,2.649,308.2,112,deg,d4SigUU,0.0763064,nb GeV^-4,0.00456948,0.00518086,CLAS,e-,5.88,p,0.938272088
2063,0.305,-0.45,2.629,322.7,112,deg,d4SigUU,0.133364,nb GeV^-4,0.00689946,0.0121398,CLAS,e-,5.88,p,0.938272088
2064,0.305,-0.61,2.626,37,113,deg,d4SigUU,0.0772309,nb GeV^-4,0.00408174,0.0047602,CLAS,e-,5.88,p,0.938272088
2065,0.305,-0.607,2.644,51.7,113,deg,d4SigUU,0.0441756,nb GeV^-4,0.00261176,0.0029078,CLAS,e-,5.88,p,0.938272088
2066,0.305,-0.606,2.645,66.9,113,deg,d4SigUU,0.0265218,nb GeV^-4,0.00220401,0.00201903,CLAS,e-,5.88,p,0.938272088
2067,0.305,-0.606,2.647,82,113,deg,d4SigUU,0.0200523,nb GeV^-4,0.00213471,0.00137009,CLAS,e-,5.88,p,0.938272088
2068,0.305,-0.605,2.649,97.1,113,deg,d4SigUU,0.0133869,nb GeV^-4,0.00167679,0.00142422,CLAS,e-,5.88,p,0.938272088
2069,0.305,-0.605,2.651,112.2,113,deg,d4SigUU,0.00955356,nb GeV^-4,0.00159253,0.0019206,CLAS,e-,5.88,p,0.938272088
2070,0.305,-0.605,2.652,127.3,113,deg,d4SigUU,0.0137067,nb GeV^-4,0.00352004,0.0020541,CLAS,e-,5.88,p,0.938272088
2071,0.305,-0.605,2.653,142.3,113,deg,d4SigUU,0.00184883,nb GeV^-4,0.000983476,0.00272388,CLAS,e-,5.88,p,0.938272088
2072,0.305,-0.604,2.655,172.5,113,deg,d4SigUU,0.00128732,nb GeV^-4,0.00077799,0.000163269,CLAS,e-,5.88,p,0.938272088
2073,0.305,-0.604,2.655,187.5,113,deg,d4SigUU,0.00419005,nb GeV^-4,0.00150811,0.00150604,CLAS,e-,5.88,p,0.938272088
2074,0.305,-0.605,2.653,217.7,113,deg,d4SigUU,0.00844118,nb GeV^-4,0.00229666,0.00269041,CLAS,e-,5.88,p,0.938272088
2075,0.305,-0.605,2.652,232.7,113,deg,d4SigUU,0.00430156,nb GeV^-4,0.0011107,0.000688659,CLAS,e-,5.88,p,0.938272088
2076,0.305,-0.605,2.651,247.8,113,deg,d4SigUU,0.00807616,nb GeV^-4,0.00185538,0.00194697,CLAS,e-,5.88,p,0.938272088
2077,0.305,-0.605,2.649,262.9,113,deg,d4SigUU,0.0193244,nb GeV^-4,0.00257422,0.00160741,CLAS,e-,5.88,p,0.938272088
2078,0.305,-0.606,2.647,278,113,deg,d4SigUU,0.0238604,nb GeV^-4,0.00226007,0.0018563,CLAS,e-,5.88,p,0.938272088
2079,0.305,-0.606,2.645,293.1,113,deg,d4SigUU,0.0244194,nb GeV^-4,0.00204988,0.00187291,CLAS,e-,5.88,p,0.938272088
2080,0.305,-0.607,2.644,308.3,113,deg,d4SigUU,0.0477246,nb GeV^-4,0.00322578,0.00339482,CLAS,e-,5.88,p,0.938272088
2081,0.305,-0.61,2.626,323,113,deg,d4SigUU,0.0899092,nb GeV^-4,0.0051385,0.108223,CLAS,e-,5.88,p,0.938272088
2082,0.305,-0.869,2.629,36.5,114,deg,d4SigUU,0.0319959,nb GeV^-4,0.0018987,0.00199341,CLAS,e-,5.88,p,0.938272088
2083,0.305,-0.869,2.636,51.7,114,deg,d4SigUU,0.0190911,nb GeV^-4,0.00136308,0.0012978,CLAS,e-,5.88,p,0.938272088
2084,0.305,-0.869,2.641,66.8,114,deg,d4SigUU,0.0105679,nb GeV^-4,0.00107846,0.000709911,CLAS,e-,5.88,p,0.938272088
2085,0.305,-0.869,2.644,82,114,deg,d4SigUU,0.00851083,nb GeV^-4,0.0012254,0.00106901,CLAS,e-,5.88,p,0.938272088
2086,0.305,-0.868,2.647,97.1,114,deg,d4SigUU,0.00398784,nb GeV^-4,0.000953714,0.00072865,CLAS,e-,5.88,p,0.938272088
2087,0.305,-0.868,2.65,112.2,114,deg,d4SigUU,0.00148632,nb GeV^-4,0.000455065,0.000182705,CLAS,e-,5.88,p,0.938272088
2088,0.305,-0.868,2.65,247.8,114,deg,d4SigUU,0.00975541,nb GeV^-4,0.00459119,0.000929465,CLAS,e-,5.88,p,0.938272088
2089,0.305,-0.868,2.647,262.9,114,deg,d4SigUU,0.00306004,nb GeV^-4,0.000592747,0.000625054,CLAS,e-,5.88,p,0.938272088
2090,0.305,-0.869,2.644,278,114,deg,d4SigUU,0.00657,nb GeV^-4,0.00068632,0.000520133,CLAS,e-,5.88,p,0.938272088
2091,0.305,-0.869,2.641,293.2,114,deg,d4SigUU,0.00938026,nb GeV^-4,0.000919654,0.000979,CLAS,e-,5.88,p,0.938272088
2092,0.305,-0.869,2.636,308.3,114,deg,d4SigUU,0.0234661,nb GeV^-4,0.00191467,0.00166851,CLAS,e-,5.88,p,0.938272088
2093,0.305,-0.869,2.629,323.5,114,deg,d4SigUU,0.0312715,nb GeV^-4,0.0019093,0.00846876,CLAS,e-,5.88,p,0.938272088
2094,0.304,-1.533,2.612,7.9,115,deg,d4SigUU,0.018206,nb GeV^-4,0.00180535,0.00114991,CLAS,e-,5.88,p,0.938272088
2095,0.305,-1.381,2.604,21.9,115,deg,d4SigUU,0.00991155,nb GeV^-4,0.000768513,0.000653579,CLAS,e-,5.88,p,0.938272088
2096,0.305,-1.381,2.617,36.6,115,deg,d4SigUU,0.00786439,nb GeV^-4,0.000797769,0.000535949,CLAS,e-,5.88,p,0.938272088
2097,0.305,-1.389,2.628,51.7,115,deg,d4SigUU,0.00385032,nb GeV^-4,0.000407674,0.000465086,CLAS,e-,5.88,p,0.938272088
2098,0.304,-1.39,2.635,66.8,115,deg,d4SigUU,0.00428404,nb GeV^-4,0.000704558,0.000251541,CLAS,e-,5.88,p,0.938272088
2099,0.304,-1.39,2.64,81.9,115,deg,d4SigUU,0.00134158,nb GeV^-4,0.000408172,0.000379417,CLAS,e-,5.88,p,0.938272088
2100,0.305,-1.389,2.645,97,115,deg,d4SigUU,0.00156368,nb GeV^-4,0.000971785,0.000282965,CLAS,e-,5.88,p,0.938272088
2101,0.304,-1.39,2.649,112.2,115,deg,d4SigUU,0.000391987,nb GeV^-4,0.000354254,2.28566E-05,CLAS,e-,5.88,p,0.938272088
2102,0.305,-1.386,2.652,172.2,115,deg,d4SigUU,0.00266293,nb GeV^-4,0.00204408,0.000155274,CLAS,e-,5.88,p,0.938272088
2103,0.304,-1.388,2.656,217.4,115,deg,d4SigUU,0.00174737,nb GeV^-4,0.00139129,0.000101888,CLAS,e-,5.88,p,0.938272088
2104,0.305,-1.389,2.645,263,115,deg,d4SigUU,0.000756004,nb GeV^-4,0.000568409,0.000207276,CLAS,e-,5.88,p,0.938272088
2105,0.304,-1.39,2.64,278.1,115,deg,d4SigUU,0.00147416,nb GeV^-4,0.000358126,0.000230267,CLAS,e-,5.88,p,0.938272088
2106,0.304,-1.39,2.635,293.2,115,deg,d4SigUU,0.00240991,nb GeV^-4,0.000420645,0.000232741,CLAS,e-,5.88,p,0.938272088
2107,0.305,-1.389,2.628,308.3,115,deg,d4SigUU,0.00481984,nb GeV^-4,0.000715028,0.000507647,CLAS,e-,5.88,p,0.938272088
2108,0.305,-1.381,2.617,323.4,115,deg,d4SigUU,0.00715686,nb GeV^-4,0.00065077,0.000459802,CLAS,e-,5.88,p,0.938272088
2109,0.305,-1.381,2.604,338.1,115,deg,d4SigUU,0.00999232,nb GeV^-4,0.000645227,0.000730611,CLAS,e-,5.88,p,0.938272088
2110,0.304,-1.533,2.612,352.1,115,deg,d4SigUU,0.0142697,nb GeV^-4,0.00102622,0.000878528,CLAS,e-,5.88,p,0.938272088
2111,0.324,-0.127,2.23,52.4,116,deg,d4SigUU,0.0367393,nb GeV^-4,0.0307486,0.00214225,CLAS,e-,5.88,p,0.938272088
2112,0.333,-0.159,2.285,7.5,117,deg,d4SigUU,0.102563,nb GeV^-4,0.0121551,0.00743703,CLAS,e-,5.88,p,0.938272088
2113,0.333,-0.158,2.286,22.4,117,deg,d4SigUU,0.113309,nb GeV^-4,0.0152844,0.0193963,CLAS,e-,5.88,p,0.938272088
2114,0.333,-0.158,2.286,37.4,117,deg,d4SigUU,0.088301,nb GeV^-4,0.0100949,0.0111982,CLAS,e-,5.88,p,0.938272088
2115,0.333,-0.158,2.287,52.3,117,deg,d4SigUU,0.0669427,nb GeV^-4,0.0071434,0.00556216,CLAS,e-,5.88,p,0.938272088
2116,0.333,-0.157,2.288,67.3,117,deg,d4SigUU,0.0902839,nb GeV^-4,0.0123686,0.0160662,CLAS,e-,5.88,p,0.938272088
2117,0.333,-0.157,2.29,82.3,117,deg,d4SigUU,0.0292922,nb GeV^-4,0.00711998,0.00849626,CLAS,e-,5.88,p,0.938272088
2118,0.333,-0.156,2.291,97.3,117,deg,d4SigUU,0.0422797,nb GeV^-4,0.0130766,0.0124076,CLAS,e-,5.88,p,0.938272088
2119,0.333,-0.156,2.291,262.7,117,deg,d4SigUU,0.0528492,nb GeV^-4,0.0140438,0.0030856,CLAS,e-,5.88,p,0.938272088
2120,0.333,-0.157,2.29,277.7,117,deg,d4SigUU,0.0346419,nb GeV^-4,0.0107344,0.00282646,CLAS,e-,5.88,p,0.938272088
2121,0.333,-0.157,2.288,292.7,117,deg,d4SigUU,0.104206,nb GeV^-4,0.0235666,0.0239706,CLAS,e-,5.88,p,0.938272088
2122,0.333,-0.158,2.287,307.7,117,deg,d4SigUU,0.076226,nb GeV^-4,0.00995076,0.00953266,CLAS,e-,5.88,p,0.938272088
2123,0.333,-0.158,2.286,322.6,117,deg,d4SigUU,0.0825934,nb GeV^-4,0.00811753,0.0100371,CLAS,e-,5.88,p,0.938272088
2124,0.333,-0.158,2.286,337.6,117,deg,d4SigUU,0.11188,nb GeV^-4,0.00995963,0.00748112,CLAS,e-,5.88,p,0.938272088
2125,0.333,-0.159,2.285,352.5,117,deg,d4SigUU,0.117003,nb GeV^-4,0.0123711,0.0103325,CLAS,e-,5.88,p,0.938272088
2126,0.334,-0.205,2.293,7.4,118,deg,d4SigUU,0.154741,nb GeV^-4,0.0116751,0.0131406,CLAS,e-,5.88,p,0.938272088
2127,0.334,-0.205,2.294,22.3,118,deg,d4SigUU,0.125455,nb GeV^-4,0.0112998,0.0136401,CLAS,e-,5.88,p,0.938272088
2128,0.334,-0.205,2.295,37.3,118,deg,d4SigUU,0.10157,nb GeV^-4,0.00768786,0.00632982,CLAS,e-,5.88,p,0.938272088
2129,0.334,-0.204,2.295,52.2,118,deg,d4SigUU,0.103516,nb GeV^-4,0.00823508,0.00734534,CLAS,e-,5.88,p,0.938272088
2130,0.334,-0.204,2.297,67.2,118,deg,d4SigUU,0.0588155,nb GeV^-4,0.0054531,0.00409268,CLAS,e-,5.88,p,0.938272088
2131,0.334,-0.204,2.298,82.2,118,deg,d4SigUU,0.0681623,nb GeV^-4,0.00957589,0.00429996,CLAS,e-,5.88,p,0.938272088
2132,0.335,-0.204,2.299,97.2,118,deg,d4SigUU,0.042729,nb GeV^-4,0.00734764,0.00878327,CLAS,e-,5.88,p,0.938272088
2133,0.335,-0.203,2.3,112.3,118,deg,d4SigUU,0.0441861,nb GeV^-4,0.0117535,0.012573,CLAS,e-,5.88,p,0.938272088
2134,0.335,-0.203,2.302,127.3,118,deg,d4SigUU,0.104661,nb GeV^-4,0.0483241,0.00610274,CLAS,e-,5.88,p,0.938272088
2135,0.335,-0.203,2.302,232.7,118,deg,d4SigUU,0.125122,nb GeV^-4,0.100892,0.00744361,CLAS,e-,5.88,p,0.938272088
2136,0.335,-0.203,2.3,247.7,118,deg,d4SigUU,0.0513097,nb GeV^-4,0.0102294,0.00312072,CLAS,e-,5.88,p,0.938272088
2137,0.335,-0.204,2.299,262.8,118,deg,d4SigUU,0.0450537,nb GeV^-4,0.00644047,0.00796207,CLAS,e-,5.88,p,0.938272088
2138,0.334,-0.204,2.298,277.8,118,deg,d4SigUU,0.111274,nb GeV^-4,0.0180467,0.00717995,CLAS,e-,5.88,p,0.938272088
2139,0.334,-0.204,2.297,292.8,118,deg,d4SigUU,0.0644442,nb GeV^-4,0.00788389,0.00569248,CLAS,e-,5.88,p,0.938272088
2140,0.334,-0.204,2.295,307.8,118,deg,d4SigUU,0.117705,nb GeV^-4,0.0120631,0.00739358,CLAS,e-,5.88,p,0.938272088
2141,0.334,-0.205,2.295,322.7,118,deg,d4SigUU,0.110951,nb GeV^-4,0.00838583,0.00672992,CLAS,e-,5.88,p,0.938272088
2142,0.334,-0.205,2.294,337.7,118,deg,d4SigUU,0.146996,nb GeV^-4,0.0097823,0.00926705,CLAS,e-,5.88,p,0.938272088
2143,0.334,-0.205,2.293,352.6,118,deg,d4SigUU,0.154205,nb GeV^-4,0.0101639,0.00917473,CLAS,e-,5.88,p,0.938272088
2144,0.334,-0.265,2.294,7.4,119,deg,d4SigUU,0.159658,nb GeV^-4,0.00947149,0.0093961,CLAS,e-,5.88,p,0.938272088
2145,0.334,-0.265,2.295,22.3,119,deg,d4SigUU,0.134909,nb GeV^-4,0.00968565,0.0115273,CLAS,e-,5.88,p,0.938272088
2146,0.334,-0.264,2.295,37.2,119,deg,d4SigUU,0.11348,nb GeV^-4,0.00783074,0.00731134,CLAS,e-,5.88,p,0.938272088
2147,0.334,-0.264,2.296,52.1,119,deg,d4SigUU,0.0893448,nb GeV^-4,0.00652458,0.00580236,CLAS,e-,5.88,p,0.938272088
2148,0.334,-0.263,2.297,67.1,119,deg,d4SigUU,0.0682105,nb GeV^-4,0.00595093,0.00451059,CLAS,e-,5.88,p,0.938272088
2149,0.335,-0.263,2.298,82.2,119,deg,d4SigUU,0.0331728,nb GeV^-4,0.0041648,0.0031817,CLAS,e-,5.88,p,0.938272088
2150,0.335,-0.262,2.3,97.2,119,deg,d4SigUU,0.0276225,nb GeV^-4,0.00500189,0.00676324,CLAS,e-,5.88,p,0.938272088
2151,0.335,-0.262,2.301,112.2,119,deg,d4SigUU,0.0289165,nb GeV^-4,0.00693537,0.00370328,CLAS,e-,5.88,p,0.938272088
2152,0.335,-0.262,2.302,127.3,119,deg,d4SigUU,0.0319969,nb GeV^-4,0.0114354,0.00186572,CLAS,e-,5.88,p,0.938272088
2153,0.335,-0.262,2.302,232.7,119,deg,d4SigUU,0.0107175,nb GeV^-4,0.00567995,0.000895714,CLAS,e-,5.88,p,0.938272088
2154,0.335,-0.262,2.3,262.8,119,deg,d4SigUU,0.0318201,nb GeV^-4,0.00524633,0.00379648,CLAS,e-,5.88,p,0.938272088
2155,0.335,-0.263,2.298,277.8,119,deg,d4SigUU,0.053998,nb GeV^-4,0.00695134,0.00527198,CLAS,e-,5.88,p,0.938272088
2156,0.334,-0.263,2.297,292.9,119,deg,d4SigUU,0.0704453,nb GeV^-4,0.00735998,0.0169466,CLAS,e-,5.88,p,0.938272088
2157,0.334,-0.264,2.296,307.9,119,deg,d4SigUU,0.0737219,nb GeV^-4,0.00626397,0.00625883,CLAS,e-,5.88,p,0.938272088
2158,0.334,-0.264,2.295,322.8,119,deg,d4SigUU,0.0947321,nb GeV^-4,0.00554817,0.00612054,CLAS,e-,5.88,p,0.938272088
2159,0.334,-0.265,2.295,337.7,119,deg,d4SigUU,0.13581,nb GeV^-4,0.00704871,0.00836032,CLAS,e-,5.88,p,0.938272088
2160,0.334,-0.265,2.294,352.6,119,deg,d4SigUU,0.158608,nb GeV^-4,0.00812411,0.00962262,CLAS,e-,5.88,p,0.938272088
2161,0.334,-0.345,2.295,7.4,120,deg,d4SigUU,0.110551,nb GeV^-4,0.00806389,0.00719554,CLAS,e-,5.88,p,0.938272088
2162,0.334,-0.344,2.295,22.1,120,deg,d4SigUU,0.132784,nb GeV^-4,0.00852145,0.0088953,CLAS,e-,5.88,p,0.938272088
2163,0.334,-0.343,2.295,37,120,deg,d4SigUU,0.0875667,nb GeV^-4,0.00538208,0.00538139,CLAS,e-,5.88,p,0.938272088
2164,0.334,-0.343,2.296,52,120,deg,d4SigUU,0.0745279,nb GeV^-4,0.00515767,0.00492996,CLAS,e-,5.88,p,0.938272088
2165,0.334,-0.342,2.297,67,120,deg,d4SigUU,0.0508206,nb GeV^-4,0.00461337,0.00320969,CLAS,e-,5.88,p,0.938272088
2166,0.335,-0.341,2.299,82.1,120,deg,d4SigUU,0.0473609,nb GeV^-4,0.00709418,0.00509496,CLAS,e-,5.88,p,0.938272088
2167,0.335,-0.341,2.301,247.8,120,deg,d4SigUU,0.0202631,nb GeV^-4,0.0146327,0.00273968,CLAS,e-,5.88,p,0.938272088
2168,0.335,-0.341,2.3,262.9,120,deg,d4SigUU,0.036373,nb GeV^-4,0.00683666,0.00505732,CLAS,e-,5.88,p,0.938272088
2169,0.335,-0.341,2.299,277.9,120,deg,d4SigUU,0.0445472,nb GeV^-4,0.00661054,0.00634538,CLAS,e-,5.88,p,0.938272088
2170,0.334,-0.342,2.297,293,120,deg,d4SigUU,0.0630225,nb GeV^-4,0.00632579,0.00446955,CLAS,e-,5.88,p,0.938272088
2171,0.334,-0.343,2.296,308,120,deg,d4SigUU,0.0622651,nb GeV^-4,0.00587708,0.00814858,CLAS,e-,5.88,p,0.938272088
2172,0.334,-0.343,2.295,323,120,deg,d4SigUU,0.10246,nb GeV^-4,0.00666623,0.00654107,CLAS,e-,5.88,p,0.938272088
2173,0.334,-0.344,2.295,337.9,120,deg,d4SigUU,0.125882,nb GeV^-4,0.00597823,0.0075639,CLAS,e-,5.88,p,0.938272088
2174,0.334,-0.345,2.295,352.6,120,deg,d4SigUU,0.106567,nb GeV^-4,0.0065059,0.00669819,CLAS,e-,5.88,p,0.938272088
2175,0.334,-0.456,2.295,7.3,121,deg,d4SigUU,0.136767,nb GeV^-4,0.00568529,0.00854858,CLAS,e-,5.88,p,0.938272088
2176,0.334,-0.454,2.295,21.9,121,deg,d4SigUU,0.118903,nb GeV^-4,0.00627843,0.0076131,CLAS,e-,5.88,p,0.938272088
2177,0.334,-0.452,2.295,36.9,121,deg,d4SigUU,0.0667826,nb GeV^-4,0.00454033,0.00398595,CLAS,e-,5.88,p,0.938272088
2178,0.334,-0.45,2.296,51.9,121,deg,d4SigUU,0.0482533,nb GeV^-4,0.00335175,0.00295603,CLAS,e-,5.88,p,0.938272088
2179,0.335,-0.449,2.297,67,121,deg,d4SigUU,0.0302966,nb GeV^-4,0.00274071,0.00230778,CLAS,e-,5.88,p,0.938272088
2180,0.335,-0.448,2.298,82,121,deg,d4SigUU,0.0166922,nb GeV^-4,0.00314337,0.00338028,CLAS,e-,5.88,p,0.938272088
2181,0.335,-0.448,2.3,97.1,121,deg,d4SigUU,0.0172986,nb GeV^-4,0.00632542,0.00100867,CLAS,e-,5.88,p,0.938272088
2182,0.335,-0.448,2.3,262.9,121,deg,d4SigUU,0.0181606,nb GeV^-4,0.00543668,0.0128723,CLAS,e-,5.88,p,0.938272088
2183,0.335,-0.448,2.298,278,121,deg,d4SigUU,0.0279571,nb GeV^-4,0.00387428,0.00252578,CLAS,e-,5.88,p,0.938272088
2184,0.335,-0.449,2.297,293,121,deg,d4SigUU,0.0323543,nb GeV^-4,0.00371653,0.003521,CLAS,e-,5.88,p,0.938272088
2185,0.334,-0.45,2.296,308.1,121,deg,d4SigUU,0.049939,nb GeV^-4,0.00411205,0.00393782,CLAS,e-,5.88,p,0.938272088
2186,0.334,-0.452,2.295,323.1,121,deg,d4SigUU,0.0644773,nb GeV^-4,0.00454955,0.00447852,CLAS,e-,5.88,p,0.938272088
2187,0.334,-0.454,2.295,338.1,121,deg,d4SigUU,0.110616,nb GeV^-4,0.00443228,0.00671848,CLAS,e-,5.88,p,0.938272088
2188,0.334,-0.456,2.295,352.7,121,deg,d4SigUU,0.172966,nb GeV^-4,0.00634681,0.0105515,CLAS,e-,5.88,p,0.938272088
2189,0.335,-0.605,2.254,7.8,122,deg,d4SigUU,0.170778,nb GeV^-4,0.0100934,0.0104068,CLAS,e-,5.88,p,0.938272088
2190,0.334,-0.617,2.291,21.6,122,deg,d4SigUU,0.0821578,nb GeV^-4,0.00397497,0.006286,CLAS,e-,5.88,p,0.938272088
2191,0.334,-0.612,2.293,36.6,122,deg,d4SigUU,0.0489706,nb GeV^-4,0.00301547,0.00302491,CLAS,e-,5.88,p,0.938272088
2192,0.335,-0.609,2.294,51.8,122,deg,d4SigUU,0.0285896,nb GeV^-4,0.00212037,0.00314011,CLAS,e-,5.88,p,0.938272088
2193,0.335,-0.608,2.296,66.9,122,deg,d4SigUU,0.0246442,nb GeV^-4,0.00253967,0.0018453,CLAS,e-,5.88,p,0.938272088
2194,0.335,-0.607,2.298,82,122,deg,d4SigUU,0.0220758,nb GeV^-4,0.00466928,0.00132967,CLAS,e-,5.88,p,0.938272088
2195,0.335,-0.605,2.302,127.2,122,deg,d4SigUU,0.0342197,nb GeV^-4,0.0259979,0.0135069,CLAS,e-,5.88,p,0.938272088
2196,0.335,-0.605,2.303,142.3,122,deg,d4SigUU,0.0504988,nb GeV^-4,0.0373057,0.00358168,CLAS,e-,5.88,p,0.938272088
2197,0.335,-0.605,2.303,157.4,122,deg,d4SigUU,0.0135294,nb GeV^-4,0.00756566,0.00214671,CLAS,e-,5.88,p,0.938272088
2198,0.335,-0.605,2.303,172.5,122,deg,d4SigUU,0.0105385,nb GeV^-4,0.00379526,0.000927039,CLAS,e-,5.88,p,0.938272088
2199,0.335,-0.605,2.303,187.5,122,deg,d4SigUU,0.00531212,nb GeV^-4,0.00328032,0.00953304,CLAS,e-,5.88,p,0.938272088
2200,0.335,-0.605,2.303,202.6,122,deg,d4SigUU,0.0514092,nb GeV^-4,0.0377546,0.00403279,CLAS,e-,5.88,p,0.938272088
2201,0.335,-0.605,2.303,217.7,122,deg,d4SigUU,0.0131746,nb GeV^-4,0.0051963,0.00494228,CLAS,e-,5.88,p,0.938272088
2202,0.335,-0.605,2.302,232.8,122,deg,d4SigUU,0.0135832,nb GeV^-4,0.0114465,0.000792031,CLAS,e-,5.88,p,0.938272088
2203,0.335,-0.607,2.298,278,122,deg,d4SigUU,0.0137312,nb GeV^-4,0.00270758,0.00132656,CLAS,e-,5.88,p,0.938272088
2204,0.335,-0.608,2.296,293.1,122,deg,d4SigUU,0.0180862,nb GeV^-4,0.00222253,0.00173428,CLAS,e-,5.88,p,0.938272088
2205,0.335,-0.609,2.294,308.2,122,deg,d4SigUU,0.0307413,nb GeV^-4,0.00288276,0.00572461,CLAS,e-,5.88,p,0.938272088
2206,0.334,-0.612,2.293,323.4,122,deg,d4SigUU,0.0500644,nb GeV^-4,0.00324484,0.00355871,CLAS,e-,5.88,p,0.938272088
2207,0.334,-0.617,2.291,338.4,122,deg,d4SigUU,0.0784876,nb GeV^-4,0.0030081,0.00551982,CLAS,e-,5.88,p,0.938272088
2208,0.335,-0.605,2.254,352.2,122,deg,d4SigUU,0.15608,nb GeV^-4,0.00772865,1.43436,CLAS,e-,5.88,p,0.938272088
2209,0.335,-0.883,2.264,22,123,deg,d4SigUU,0.0570589,nb GeV^-4,0.00337349,0.00359307,CLAS,e-,5.88,p,0.938272088
2210,0.335,-0.881,2.289,36.4,123,deg,d4SigUU,0.0265644,nb GeV^-4,0.00186026,0.001612,CLAS,e-,5.88,p,0.938272088
2211,0.335,-0.876,2.292,51.6,123,deg,d4SigUU,0.0104583,nb GeV^-4,0.000967734,0.000767778,CLAS,e-,5.88,p,0.938272088
2212,0.335,-0.873,2.295,66.8,123,deg,d4SigUU,0.00844724,nb GeV^-4,0.00104214,0.000612919,CLAS,e-,5.88,p,0.938272088
2213,0.335,-0.871,2.297,81.9,123,deg,d4SigUU,0.00366173,nb GeV^-4,0.00165972,0.000542654,CLAS,e-,5.88,p,0.938272088
2214,0.334,-0.868,2.301,127.1,123,deg,d4SigUU,0.00205411,nb GeV^-4,0.00156908,0.00452666,CLAS,e-,5.88,p,0.938272088
2215,0.335,-0.869,2.304,142.4,123,deg,d4SigUU,0.0294568,nb GeV^-4,0.0214511,0.00176847,CLAS,e-,5.88,p,0.938272088
2216,0.335,-0.867,2.302,157.3,123,deg,d4SigUU,0.00309455,nb GeV^-4,0.00114438,0.00344481,CLAS,e-,5.88,p,0.938272088
2217,0.335,-0.868,2.304,172.5,123,deg,d4SigUU,0.0144318,nb GeV^-4,0.00737999,0.000888087,CLAS,e-,5.88,p,0.938272088
2218,0.335,-0.868,2.304,187.5,123,deg,d4SigUU,0.00308272,nb GeV^-4,0.00170559,0.00137106,CLAS,e-,5.88,p,0.938272088
2219,0.335,-0.867,2.302,202.7,123,deg,d4SigUU,0.00540477,nb GeV^-4,0.00196724,0.00438204,CLAS,e-,5.88,p,0.938272088
2220,0.335,-0.869,2.304,217.6,123,deg,d4SigUU,0.0220613,nb GeV^-4,0.0115896,0.0136961,CLAS,e-,5.88,p,0.938272088
2221,0.335,-0.869,2.301,247.9,123,deg,d4SigUU,0.0117806,nb GeV^-4,0.00906421,0.00273166,CLAS,e-,5.88,p,0.938272088
2222,0.335,-0.871,2.297,278.1,123,deg,d4SigUU,0.00717326,nb GeV^-4,0.00254667,0.000574506,CLAS,e-,5.88,p,0.938272088
2223,0.335,-0.873,2.295,293.2,123,deg,d4SigUU,0.0102849,nb GeV^-4,0.00180352,0.000821736,CLAS,e-,5.88,p,0.938272088
2224,0.335,-0.881,2.289,323.6,123,deg,d4SigUU,0.0261298,nb GeV^-4,0.00168287,0.00162434,CLAS,e-,5.88,p,0.938272088
2225,0.335,-0.883,2.264,338,123,deg,d4SigUU,0.055956,nb GeV^-4,0.00263973,0.329337,CLAS,e-,5.88,p,0.938272088
2226,0.334,-1.662,2.236,8.4,124,deg,d4SigUU,0.0180888,nb GeV^-4,0.00238397,0.00106641,CLAS,e-,5.88,p,0.938272088
2227,0.335,-1.401,2.269,21.2,124,deg,d4SigUU,0.0155641,nb GeV^-4,0.00111336,0.00109547,CLAS,e-,5.88,p,0.938272088
2228,0.335,-1.404,2.284,36.3,124,deg,d4SigUU,0.00949234,nb GeV^-4,0.000976773,0.000581515,CLAS,e-,5.88,p,0.938272088
2229,0.335,-1.403,2.29,51.5,124,deg,d4SigUU,0.00402524,nb GeV^-4,0.000607277,0.00050086,CLAS,e-,5.88,p,0.938272088
2230,0.335,-1.4,2.295,66.7,124,deg,d4SigUU,0.00116862,nb GeV^-4,0.000797347,0.000612067,CLAS,e-,5.88,p,0.938272088
2231,0.336,-1.397,2.299,81.9,124,deg,d4SigUU,0.00203489,nb GeV^-4,0.00124921,0.00183919,CLAS,e-,5.88,p,0.938272088
2232,0.335,-1.387,2.295,126.8,124,deg,d4SigUU,0.00196714,nb GeV^-4,0.00144785,0.000825838,CLAS,e-,5.88,p,0.938272088
2233,0.333,-1.39,2.298,142.2,124,deg,d4SigUU,0.00241312,nb GeV^-4,0.00114323,0.00127562,CLAS,e-,5.88,p,0.938272088
2234,0.331,-1.387,2.298,157.1,124,deg,d4SigUU,0.00325873,nb GeV^-4,0.00174623,0.000206117,CLAS,e-,5.88,p,0.938272088
2235,0.333,-1.39,2.298,217.8,124,deg,d4SigUU,0.00106555,nb GeV^-4,0.000742679,0.000662152,CLAS,e-,5.88,p,0.938272088
2236,0.336,-1.393,2.306,247.7,124,deg,d4SigUU,0.00465857,nb GeV^-4,0.00230105,0.000659729,CLAS,e-,5.88,p,0.938272088
2237,0.335,-1.392,2.299,263.1,124,deg,d4SigUU,0.0119128,nb GeV^-4,0.00622278,0.000868999,CLAS,e-,5.88,p,0.938272088
2238,0.336,-1.397,2.299,278.1,124,deg,d4SigUU,0.00202671,nb GeV^-4,0.00124467,0.000344846,CLAS,e-,5.88,p,0.938272088
2239,0.335,-1.4,2.295,293.3,124,deg,d4SigUU,0.00615758,nb GeV^-4,0.00290427,0.000367906,CLAS,e-,5.88,p,0.938272088
2240,0.335,-1.403,2.29,308.5,124,deg,d4SigUU,0.00299302,nb GeV^-4,0.00054856,0.000428149,CLAS,e-,5.88,p,0.938272088
2241,0.335,-1.404,2.284,323.7,124,deg,d4SigUU,0.00865303,nb GeV^-4,0.000898003,0.000663825,CLAS,e-,5.88,p,0.938272088
2242,0.335,-1.401,2.269,338.8,124,deg,d4SigUU,0.0164309,nb GeV^-4,0.000925642,0.001108,CLAS,e-,5.88,p,0.938272088
2243,0.334,-1.662,2.236,351.6,124,deg,d4SigUU,0.0212778,nb GeV^-4,0.00187304,0.00201423,CLAS,e-,5.88,p,0.938272088
2244,0.332,-0.159,2.843,7.5,125,deg,d4SigUU,0.15231,nb GeV^-4,0.0161413,0.0174382,CLAS,e-,5.88,p,0.938272088
2245,0.332,-0.159,2.843,22.4,125,deg,d4SigUU,0.145911,nb GeV^-4,0.0165042,0.0290911,CLAS,e-,5.88,p,0.938272088
2246,0.332,-0.159,2.843,37.4,125,deg,d4SigUU,0.10512,nb GeV^-4,0.0106059,0.00709038,CLAS,e-,5.88,p,0.938272088
2247,0.332,-0.158,2.843,52.3,125,deg,d4SigUU,0.1261,nb GeV^-4,0.0154856,0.0101787,CLAS,e-,5.88,p,0.938272088
2248,0.333,-0.158,2.844,67.3,125,deg,d4SigUU,0.0872528,nb GeV^-4,0.01104,0.00560625,CLAS,e-,5.88,p,0.938272088
2249,0.333,-0.158,2.845,82.3,125,deg,d4SigUU,0.0848734,nb GeV^-4,0.0152061,0.00544236,CLAS,e-,5.88,p,0.938272088
2250,0.333,-0.157,2.846,97.3,125,deg,d4SigUU,0.0798367,nb GeV^-4,0.0209875,0.045598,CLAS,e-,5.88,p,0.938272088
2251,0.333,-0.157,2.846,262.7,125,deg,d4SigUU,0.222971,nb GeV^-4,0.0534609,0.0132237,CLAS,e-,5.88,p,0.938272088
2252,0.333,-0.158,2.845,277.7,125,deg,d4SigUU,0.0511496,nb GeV^-4,0.00874551,0.00573839,CLAS,e-,5.88,p,0.938272088
2253,0.333,-0.158,2.844,292.7,125,deg,d4SigUU,0.149619,nb GeV^-4,0.0263935,0.0100347,CLAS,e-,5.88,p,0.938272088
2254,0.332,-0.158,2.843,307.7,125,deg,d4SigUU,0.148167,nb GeV^-4,0.0203368,0.0284479,CLAS,e-,5.88,p,0.938272088
2255,0.332,-0.159,2.843,322.6,125,deg,d4SigUU,0.121318,nb GeV^-4,0.0112924,0.0122084,CLAS,e-,5.88,p,0.938272088
2256,0.332,-0.159,2.843,337.6,125,deg,d4SigUU,0.180725,nb GeV^-4,0.0153734,0.0111724,CLAS,e-,5.88,p,0.938272088
2257,0.332,-0.159,2.843,352.5,125,deg,d4SigUU,0.137916,nb GeV^-4,0.0128364,0.0101965,CLAS,e-,5.88,p,0.938272088
2258,0.334,-0.205,2.86,7.4,126,deg,d4SigUU,0.172497,nb GeV^-4,0.0107842,0.0106113,CLAS,e-,5.88,p,0.938272088
2259,0.334,-0.205,2.859,22.3,126,deg,d4SigUU,0.185933,nb GeV^-4,0.0126771,0.0116589,CLAS,e-,5.88,p,0.938272088
2260,0.334,-0.205,2.858,37.3,126,deg,d4SigUU,0.163687,nb GeV^-4,0.0100252,0.010545,CLAS,e-,5.88,p,0.938272088
2261,0.334,-0.205,2.858,52.2,126,deg,d4SigUU,0.127122,nb GeV^-4,0.00847788,0.00849216,CLAS,e-,5.88,p,0.938272088
2262,0.334,-0.204,2.857,67.2,126,deg,d4SigUU,0.118667,nb GeV^-4,0.0103473,0.00716518,CLAS,e-,5.88,p,0.938272088
2263,0.334,-0.204,2.858,82.2,126,deg,d4SigUU,0.0899042,nb GeV^-4,0.00960713,0.018858,CLAS,e-,5.88,p,0.938272088
2264,0.335,-0.204,2.858,97.3,126,deg,d4SigUU,0.0372844,nb GeV^-4,0.00390257,0.00507396,CLAS,e-,5.88,p,0.938272088
2265,0.335,-0.203,2.859,112.3,126,deg,d4SigUU,0.0505604,nb GeV^-4,0.00521199,0.00441709,CLAS,e-,5.88,p,0.938272088
2266,0.335,-0.203,2.861,127.3,126,deg,d4SigUU,0.0613389,nb GeV^-4,0.0102573,0.00394989,CLAS,e-,5.88,p,0.938272088
2267,0.335,-0.203,2.862,142.4,126,deg,d4SigUU,0.0368023,nb GeV^-4,0.0101846,0.00408725,CLAS,e-,5.88,p,0.938272088
2268,0.335,-0.203,2.862,217.6,126,deg,d4SigUU,0.0611715,nb GeV^-4,0.013721,0.00464705,CLAS,e-,5.88,p,0.938272088
2269,0.335,-0.203,2.861,232.7,126,deg,d4SigUU,0.0479213,nb GeV^-4,0.00889621,0.003245,CLAS,e-,5.88,p,0.938272088
2270,0.335,-0.203,2.859,247.7,126,deg,d4SigUU,0.0713717,nb GeV^-4,0.0100731,0.0155655,CLAS,e-,5.88,p,0.938272088
2271,0.335,-0.204,2.858,262.7,126,deg,d4SigUU,0.0734725,nb GeV^-4,0.00653219,0.00576483,CLAS,e-,5.88,p,0.938272088
2272,0.334,-0.204,2.858,277.8,126,deg,d4SigUU,0.0710881,nb GeV^-4,0.00676809,0.00672989,CLAS,e-,5.88,p,0.938272088
2273,0.334,-0.204,2.857,292.8,126,deg,d4SigUU,0.0966958,nb GeV^-4,0.00973412,0.00651575,CLAS,e-,5.88,p,0.938272088
2274,0.334,-0.205,2.858,307.8,126,deg,d4SigUU,0.116655,nb GeV^-4,0.00887412,0.00759423,CLAS,e-,5.88,p,0.938272088
2275,0.334,-0.205,2.858,322.7,126,deg,d4SigUU,0.146883,nb GeV^-4,0.00872946,0.00895162,CLAS,e-,5.88,p,0.938272088
2276,0.334,-0.205,2.859,337.7,126,deg,d4SigUU,0.165326,nb GeV^-4,0.0089835,0.0101736,CLAS,e-,5.88,p,0.938272088
2277,0.334,-0.205,2.86,352.6,126,deg,d4SigUU,0.234149,nb GeV^-4,0.0133655,0.0140475,CLAS,e-,5.88,p,0.938272088
2278,0.334,-0.264,2.841,7.5,127,deg,d4SigUU,0.289071,nb GeV^-4,0.0133701,0.0180846,CLAS,e-,5.88,p,0.938272088
2279,0.334,-0.264,2.857,22.3,127,deg,d4SigUU,0.190125,nb GeV^-4,0.0156232,0.0137694,CLAS,e-,5.88,p,0.938272088
2280,0.334,-0.264,2.861,37.1,127,deg,d4SigUU,0.154017,nb GeV^-4,0.00804489,0.00952115,CLAS,e-,5.88,p,0.938272088
2281,0.334,-0.264,2.859,52.1,127,deg,d4SigUU,0.105575,nb GeV^-4,0.00575976,0.00666665,CLAS,e-,5.88,p,0.938272088
2282,0.334,-0.263,2.857,67.1,127,deg,d4SigUU,0.0878782,nb GeV^-4,0.006421,0.00810709,CLAS,e-,5.88,p,0.938272088
2283,0.335,-0.263,2.857,82.2,127,deg,d4SigUU,0.068883,nb GeV^-4,0.00721255,0.00516335,CLAS,e-,5.88,p,0.938272088
2284,0.335,-0.262,2.858,97.2,127,deg,d4SigUU,0.0398272,nb GeV^-4,0.00433917,0.0026949,CLAS,e-,5.88,p,0.938272088
2285,0.335,-0.262,2.859,112.3,127,deg,d4SigUU,0.0371286,nb GeV^-4,0.00329037,0.00256933,CLAS,e-,5.88,p,0.938272088
2286,0.335,-0.262,2.86,127.3,127,deg,d4SigUU,0.026656,nb GeV^-4,0.00260303,0.00200325,CLAS,e-,5.88,p,0.938272088
2287,0.335,-0.262,2.861,142.4,127,deg,d4SigUU,0.0298246,nb GeV^-4,0.00448966,0.00775706,CLAS,e-,5.88,p,0.938272088
2288,0.335,-0.262,2.861,157.4,127,deg,d4SigUU,0.0248852,nb GeV^-4,0.00440188,0.00154907,CLAS,e-,5.88,p,0.938272088
2289,0.335,-0.262,2.862,172.5,127,deg,d4SigUU,0.0211519,nb GeV^-4,0.00386866,0.00250325,CLAS,e-,5.88,p,0.938272088
2290,0.335,-0.262,2.862,187.5,127,deg,d4SigUU,0.0225243,nb GeV^-4,0.0051419,0.00256625,CLAS,e-,5.88,p,0.938272088
2291,0.335,-0.262,2.861,202.6,127,deg,d4SigUU,0.0271087,nb GeV^-4,0.00434995,0.00472528,CLAS,e-,5.88,p,0.938272088
2292,0.335,-0.262,2.861,217.6,127,deg,d4SigUU,0.0460569,nb GeV^-4,0.00549978,0.00454657,CLAS,e-,5.88,p,0.938272088
2293,0.335,-0.262,2.86,232.7,127,deg,d4SigUU,0.0440332,nb GeV^-4,0.00575927,0.00289238,CLAS,e-,5.88,p,0.938272088
2294,0.335,-0.262,2.859,247.7,127,deg,d4SigUU,0.0543766,nb GeV^-4,0.00592818,0.0048585,CLAS,e-,5.88,p,0.938272088
2295,0.335,-0.262,2.858,262.8,127,deg,d4SigUU,0.0347292,nb GeV^-4,0.00385038,0.00299358,CLAS,e-,5.88,p,0.938272088
2296,0.335,-0.263,2.857,277.8,127,deg,d4SigUU,0.0615957,nb GeV^-4,0.00549411,0.00425558,CLAS,e-,5.88,p,0.938272088
2297,0.334,-0.263,2.857,292.9,127,deg,d4SigUU,0.104062,nb GeV^-4,0.00907794,0.00765793,CLAS,e-,5.88,p,0.938272088
2298,0.334,-0.264,2.859,307.9,127,deg,d4SigUU,0.120021,nb GeV^-4,0.0082207,0.00784789,CLAS,e-,5.88,p,0.938272088
2299,0.334,-0.264,2.861,322.9,127,deg,d4SigUU,0.163072,nb GeV^-4,0.00824653,0.0107061,CLAS,e-,5.88,p,0.938272088
2300,0.334,-0.264,2.857,337.7,127,deg,d4SigUU,0.130642,nb GeV^-4,0.0078836,0.00884218,CLAS,e-,5.88,p,0.938272088
2301,0.334,-0.264,2.841,352.5,127,deg,d4SigUU,0.273535,nb GeV^-4,0.0114466,0.0178811,CLAS,e-,5.88,p,0.938272088
2302,0.335,-0.342,2.764,7.5,128,deg,d4SigUU,0.269223,nb GeV^-4,0.0146152,0.0199439,CLAS,e-,5.88,p,0.938272088
2303,0.335,-0.342,2.822,22.5,128,deg,d4SigUU,0.181607,nb GeV^-4,0.0100665,0.0111315,CLAS,e-,5.88,p,0.938272088
2304,0.334,-0.343,2.86,37,128,deg,d4SigUU,0.125824,nb GeV^-4,0.00624547,0.00745411,CLAS,e-,5.88,p,0.938272088
2305,0.334,-0.342,2.858,52,128,deg,d4SigUU,0.0854025,nb GeV^-4,0.00485894,0.00518501,CLAS,e-,5.88,p,0.938272088
2306,0.335,-0.342,2.856,67,128,deg,d4SigUU,0.0519845,nb GeV^-4,0.00364802,0.00354938,CLAS,e-,5.88,p,0.938272088
2307,0.335,-0.341,2.856,82.1,128,deg,d4SigUU,0.0374095,nb GeV^-4,0.00412607,0.00275957,CLAS,e-,5.88,p,0.938272088
2308,0.335,-0.341,2.857,97.2,128,deg,d4SigUU,0.0251581,nb GeV^-4,0.00321008,0.00229277,CLAS,e-,5.88,p,0.938272088
2309,0.335,-0.341,2.858,112.2,128,deg,d4SigUU,0.0220922,nb GeV^-4,0.00260566,0.00192968,CLAS,e-,5.88,p,0.938272088
2310,0.335,-0.341,2.859,127.3,128,deg,d4SigUU,0.0237199,nb GeV^-4,0.00292324,0.00195864,CLAS,e-,5.88,p,0.938272088
2311,0.335,-0.341,2.86,142.3,128,deg,d4SigUU,0.0134409,nb GeV^-4,0.00249385,0.00223029,CLAS,e-,5.88,p,0.938272088
2312,0.335,-0.341,2.861,172.5,128,deg,d4SigUU,0.014015,nb GeV^-4,0.00257762,0.00269792,CLAS,e-,5.88,p,0.938272088
2313,0.335,-0.341,2.861,187.5,128,deg,d4SigUU,0.0133153,nb GeV^-4,0.00306361,0.00164877,CLAS,e-,5.88,p,0.938272088
2314,0.335,-0.341,2.86,202.6,128,deg,d4SigUU,0.0191849,nb GeV^-4,0.00261236,0.00135421,CLAS,e-,5.88,p,0.938272088
2315,0.335,-0.341,2.86,217.7,128,deg,d4SigUU,0.0135276,nb GeV^-4,0.0017388,0.00103289,CLAS,e-,5.88,p,0.938272088
2316,0.335,-0.341,2.859,232.7,128,deg,d4SigUU,0.0193409,nb GeV^-4,0.00249808,0.00220459,CLAS,e-,5.88,p,0.938272088
2317,0.335,-0.341,2.858,247.8,128,deg,d4SigUU,0.0329667,nb GeV^-4,0.00455872,0.00389526,CLAS,e-,5.88,p,0.938272088
2318,0.335,-0.341,2.857,262.8,128,deg,d4SigUU,0.0408952,nb GeV^-4,0.00465017,0.00268104,CLAS,e-,5.88,p,0.938272088
2319,0.335,-0.341,2.856,277.9,128,deg,d4SigUU,0.0460492,nb GeV^-4,0.00406621,0.00329548,CLAS,e-,5.88,p,0.938272088
2320,0.335,-0.342,2.856,293,128,deg,d4SigUU,0.0529654,nb GeV^-4,0.00406454,0.00695448,CLAS,e-,5.88,p,0.938272088
2321,0.334,-0.342,2.858,308,128,deg,d4SigUU,0.109645,nb GeV^-4,0.00720075,0.00724011,CLAS,e-,5.88,p,0.938272088
2322,0.334,-0.343,2.86,323,128,deg,d4SigUU,0.107385,nb GeV^-4,0.00501175,0.00720903,CLAS,e-,5.88,p,0.938272088
2323,0.335,-0.342,2.764,352.5,128,deg,d4SigUU,0.248618,nb GeV^-4,0.0123362,0.0204452,CLAS,e-,5.88,p,0.938272088
2324,0.335,-0.448,2.755,22.8,129,deg,d4SigUU,0.146123,nb GeV^-4,0.00936281,0.00989022,CLAS,e-,5.88,p,0.938272088
2325,0.335,-0.45,2.851,37,129,deg,d4SigUU,0.112321,nb GeV^-4,0.00595106,0.00675121,CLAS,e-,5.88,p,0.938272088
2326,0.334,-0.449,2.855,51.9,129,deg,d4SigUU,0.0615475,nb GeV^-4,0.00360524,0.00398426,CLAS,e-,5.88,p,0.938272088
2327,0.335,-0.449,2.854,67,129,deg,d4SigUU,0.0336286,nb GeV^-4,0.00244553,0.00251572,CLAS,e-,5.88,p,0.938272088
2328,0.335,-0.448,2.854,82.1,129,deg,d4SigUU,0.0294393,nb GeV^-4,0.00313156,0.0017699,CLAS,e-,5.88,p,0.938272088
2329,0.335,-0.448,2.855,97.1,129,deg,d4SigUU,0.0173546,nb GeV^-4,0.00230381,0.00145372,CLAS,e-,5.88,p,0.938272088
2330,0.335,-0.448,2.856,112.2,129,deg,d4SigUU,0.0168319,nb GeV^-4,0.00248817,0.00165673,CLAS,e-,5.88,p,0.938272088
2331,0.335,-0.447,2.858,127.3,129,deg,d4SigUU,0.0143478,nb GeV^-4,0.00256201,0.000895614,CLAS,e-,5.88,p,0.938272088
2332,0.335,-0.447,2.858,142.3,129,deg,d4SigUU,0.00931476,nb GeV^-4,0.00197897,0.000818988,CLAS,e-,5.88,p,0.938272088
2333,0.335,-0.447,2.86,157.4,129,deg,d4SigUU,0.00388051,nb GeV^-4,0.00165865,0.000862292,CLAS,e-,5.88,p,0.938272088
2334,0.335,-0.447,2.859,172.5,129,deg,d4SigUU,0.00725283,nb GeV^-4,0.00226908,0.000441643,CLAS,e-,5.88,p,0.938272088
2335,0.335,-0.447,2.859,187.5,129,deg,d4SigUU,0.00618995,nb GeV^-4,0.0017291,0.00143582,CLAS,e-,5.88,p,0.938272088
2336,0.335,-0.447,2.86,202.6,129,deg,d4SigUU,0.00770708,nb GeV^-4,0.0015591,0.00124638,CLAS,e-,5.88,p,0.938272088
2337,0.335,-0.447,2.858,217.7,129,deg,d4SigUU,0.00800087,nb GeV^-4,0.00152312,0.000600708,CLAS,e-,5.88,p,0.938272088
2338,0.335,-0.447,2.858,232.7,129,deg,d4SigUU,0.00616532,nb GeV^-4,0.001056,0.000945608,CLAS,e-,5.88,p,0.938272088
2339,0.335,-0.448,2.856,247.8,129,deg,d4SigUU,0.0162583,nb GeV^-4,0.00321468,0.00166744,CLAS,e-,5.88,p,0.938272088
2340,0.335,-0.448,2.855,262.9,129,deg,d4SigUU,0.0206823,nb GeV^-4,0.00254594,0.00215517,CLAS,e-,5.88,p,0.938272088
2341,0.335,-0.448,2.854,277.9,129,deg,d4SigUU,0.0255055,nb GeV^-4,0.00222607,0.00233418,CLAS,e-,5.88,p,0.938272088
2342,0.335,-0.449,2.854,293,129,deg,d4SigUU,0.0382216,nb GeV^-4,0.00300751,0.00287115,CLAS,e-,5.88,p,0.938272088
2343,0.334,-0.449,2.855,308.1,129,deg,d4SigUU,0.065072,nb GeV^-4,0.00434332,0.00461623,CLAS,e-,5.88,p,0.938272088
2344,0.335,-0.45,2.851,323,129,deg,d4SigUU,0.104673,nb GeV^-4,0.0052967,0.0075534,CLAS,e-,5.88,p,0.938272088
2345,0.335,-0.448,2.755,337.2,129,deg,d4SigUU,0.167335,nb GeV^-4,0.00849691,0.011143,CLAS,e-,5.88,p,0.938272088
2346,0.335,-0.611,2.842,36.8,130,deg,d4SigUU,0.0645244,nb GeV^-4,0.00354203,0.00396786,CLAS,e-,5.88,p,0.938272088
2347,0.335,-0.608,2.849,51.8,130,deg,d4SigUU,0.0339432,nb GeV^-4,0.00221822,0.00228477,CLAS,e-,5.88,p,0.938272088
2348,0.335,-0.607,2.85,66.9,130,deg,d4SigUU,0.0218212,nb GeV^-4,0.00171799,0.00169201,CLAS,e-,5.88,p,0.938272088
2349,0.335,-0.606,2.851,82,130,deg,d4SigUU,0.0129331,nb GeV^-4,0.00152924,0.00154457,CLAS,e-,5.88,p,0.938272088
2350,0.335,-0.605,2.853,97.1,130,deg,d4SigUU,0.0135098,nb GeV^-4,0.00202029,0.00139534,CLAS,e-,5.88,p,0.938272088
2351,0.335,-0.605,2.857,127.3,130,deg,d4SigUU,0.00709648,nb GeV^-4,0.00168004,0.000623342,CLAS,e-,5.88,p,0.938272088
2352,0.335,-0.605,2.858,142.3,130,deg,d4SigUU,0.00279005,nb GeV^-4,0.00119024,0.00292197,CLAS,e-,5.88,p,0.938272088
2353,0.335,-0.605,2.859,157.4,130,deg,d4SigUU,0.00400488,nb GeV^-4,0.00286351,0.000701206,CLAS,e-,5.88,p,0.938272088
2354,0.335,-0.604,2.858,172.4,130,deg,d4SigUU,0.00338426,nb GeV^-4,0.00141172,0.000569521,CLAS,e-,5.88,p,0.938272088
2355,0.335,-0.604,2.858,187.6,130,deg,d4SigUU,0.0031991,nb GeV^-4,0.00194894,0.000351889,CLAS,e-,5.88,p,0.938272088
2356,0.335,-0.605,2.859,202.6,130,deg,d4SigUU,0.00260423,nb GeV^-4,0.00114883,0.000379755,CLAS,e-,5.88,p,0.938272088
2357,0.335,-0.605,2.858,217.7,130,deg,d4SigUU,0.00324149,nb GeV^-4,0.00105752,0.000639327,CLAS,e-,5.88,p,0.938272088
2358,0.335,-0.605,2.857,232.7,130,deg,d4SigUU,0.00341811,nb GeV^-4,0.0010823,0.000567832,CLAS,e-,5.88,p,0.938272088
2359,0.335,-0.605,2.855,247.8,130,deg,d4SigUU,0.0080532,nb GeV^-4,0.00222219,0.00233196,CLAS,e-,5.88,p,0.938272088
2360,0.335,-0.605,2.853,262.9,130,deg,d4SigUU,0.0129016,nb GeV^-4,0.00185706,0.00096514,CLAS,e-,5.88,p,0.938272088
2361,0.335,-0.606,2.851,278,130,deg,d4SigUU,0.0130553,nb GeV^-4,0.001324,0.000985886,CLAS,e-,5.88,p,0.938272088
2362,0.335,-0.607,2.85,293.1,130,deg,d4SigUU,0.0192048,nb GeV^-4,0.00153427,0.00165996,CLAS,e-,5.88,p,0.938272088
2363,0.335,-0.608,2.849,308.2,130,deg,d4SigUU,0.0281648,nb GeV^-4,0.00203885,0.00260417,CLAS,e-,5.88,p,0.938272088
2364,0.335,-0.611,2.842,323.2,130,deg,d4SigUU,0.0608318,nb GeV^-4,0.0034066,0.00423841,CLAS,e-,5.88,p,0.938272088
2365,0.335,-0.873,2.835,36.5,131,deg,d4SigUU,0.0297611,nb GeV^-4,0.0018432,0.00189154,CLAS,e-,5.88,p,0.938272088
2366,0.335,-0.872,2.841,51.7,131,deg,d4SigUU,0.0126418,nb GeV^-4,0.000904725,0.000996209,CLAS,e-,5.88,p,0.938272088
2367,0.335,-0.87,2.844,66.8,131,deg,d4SigUU,0.00942483,nb GeV^-4,0.000968346,0.000734413,CLAS,e-,5.88,p,0.938272088
2368,0.335,-0.87,2.848,82,131,deg,d4SigUU,0.010312,nb GeV^-4,0.00163361,0.000864025,CLAS,e-,5.88,p,0.938272088
2369,0.335,-0.869,2.851,97.1,131,deg,d4SigUU,0.00556737,nb GeV^-4,0.00198876,0.000482285,CLAS,e-,5.88,p,0.938272088
2370,0.335,-0.868,2.857,217.6,131,deg,d4SigUU,0.000738829,nb GeV^-4,0.000345677,0.000255888,CLAS,e-,5.88,p,0.938272088
2371,0.335,-0.868,2.853,247.9,131,deg,d4SigUU,0.00635651,nb GeV^-4,0.00299736,0.00265438,CLAS,e-,5.88,p,0.938272088
2372,0.335,-0.869,2.851,262.9,131,deg,d4SigUU,0.0079376,nb GeV^-4,0.00204773,0.000657182,CLAS,e-,5.88,p,0.938272088
2373,0.335,-0.87,2.848,278,131,deg,d4SigUU,0.0056026,nb GeV^-4,0.000723567,0.000443256,CLAS,e-,5.88,p,0.938272088
2374,0.335,-0.87,2.844,293.2,131,deg,d4SigUU,0.00800567,nb GeV^-4,0.000828583,0.000616187,CLAS,e-,5.88,p,0.938272088
2375,0.335,-0.872,2.841,308.3,131,deg,d4SigUU,0.0126107,nb GeV^-4,0.00101174,0.00099818,CLAS,e-,5.88,p,0.938272088
2376,0.335,-0.873,2.835,323.5,131,deg,d4SigUU,0.0264638,nb GeV^-4,0.00161416,0.00281679,CLAS,e-,5.88,p,0.938272088
2377,0.334,-1.646,2.805,7.9,132,deg,d4SigUU,0.0136898,nb GeV^-4,0.00156121,0.000980939,CLAS,e-,5.88,p,0.938272088
2378,0.335,-1.408,2.802,22.4,132,deg,d4SigUU,0.0124151,nb GeV^-4,0.00105017,0.000749467,CLAS,e-,5.88,p,0.938272088
2379,0.335,-1.385,2.818,36.5,132,deg,d4SigUU,0.00496414,nb GeV^-4,0.000523815,0.000338935,CLAS,e-,5.88,p,0.938272088
2380,0.335,-1.392,2.83,51.7,132,deg,d4SigUU,0.00301808,nb GeV^-4,0.000406631,0.000269374,CLAS,e-,5.88,p,0.938272088
2381,0.335,-1.393,2.839,66.8,132,deg,d4SigUU,0.00216746,nb GeV^-4,0.000396092,0.000309906,CLAS,e-,5.88,p,0.938272088
2382,0.335,-1.392,2.843,81.9,132,deg,d4SigUU,0.00161299,nb GeV^-4,0.000862773,0.000163185,CLAS,e-,5.88,p,0.938272088
2383,0.337,-1.39,2.855,172.2,132,deg,d4SigUU,0.000802323,nb GeV^-4,0.000661654,0.000351915,CLAS,e-,5.88,p,0.938272088
2384,0.337,-1.39,2.855,187.8,132,deg,d4SigUU,0.000363364,nb GeV^-4,0.000329544,3.2209E-05,CLAS,e-,5.88,p,0.938272088
2385,0.334,-1.389,2.844,263.1,132,deg,d4SigUU,0.00147085,nb GeV^-4,0.000897469,0.000544838,CLAS,e-,5.88,p,0.938272088
2386,0.335,-1.392,2.843,278.1,132,deg,d4SigUU,0.00310607,nb GeV^-4,0.0012771,0.000253374,CLAS,e-,5.88,p,0.938272088
2387,0.335,-1.393,2.839,293.2,132,deg,d4SigUU,0.00143099,nb GeV^-4,0.000260766,0.000197801,CLAS,e-,5.88,p,0.938272088
2388,0.335,-1.385,2.818,323.5,132,deg,d4SigUU,0.00707077,nb GeV^-4,0.000663368,0.000536451,CLAS,e-,5.88,p,0.938272088
2389,0.335,-1.408,2.802,337.6,132,deg,d4SigUU,0.00967423,nb GeV^-4,0.000658057,0.00071337,CLAS,e-,5.88,p,0.938272088
2390,0.334,-1.646,2.805,352.1,132,deg,d4SigUU,0.0173115,nb GeV^-4,0.00194746,0.00143231,CLAS,e-,5.88,p,0.938272088
2391,0.359,-0.17,2.386,7.5,133,deg,d4SigUU,0.121151,nb GeV^-4,0.0411915,0.107888,CLAS,e-,5.88,p,0.938272088
2392,0.359,-0.17,2.387,22.5,133,deg,d4SigUU,0.0352515,nb GeV^-4,0.0341452,0.00308804,CLAS,e-,5.88,p,0.938272088
2393,0.359,-0.169,2.387,37.4,133,deg,d4SigUU,0.0281011,nb GeV^-4,0.0151533,0.00485636,CLAS,e-,5.88,p,0.938272088
2394,0.359,-0.169,2.389,67.4,133,deg,d4SigUU,0.0136818,nb GeV^-4,0.0100033,0.000797778,CLAS,e-,5.88,p,0.938272088
2395,0.359,-0.169,2.39,82.4,133,deg,d4SigUU,0.0153985,nb GeV^-4,0.0119637,0.000897877,CLAS,e-,5.88,p,0.938272088
2396,0.359,-0.169,2.389,292.6,133,deg,d4SigUU,0.073375,nb GeV^-4,0.0335755,0.00729389,CLAS,e-,5.88,p,0.938272088
2397,0.359,-0.169,2.387,322.6,133,deg,d4SigUU,0.0482182,nb GeV^-4,0.0133367,0.00702396,CLAS,e-,5.88,p,0.938272088
2398,0.359,-0.17,2.387,337.5,133,deg,d4SigUU,0.121681,nb GeV^-4,0.034461,0.0103063,CLAS,e-,5.88,p,0.938272088
2399,0.359,-0.17,2.386,352.5,133,deg,d4SigUU,0.0660045,nb GeV^-4,0.0201645,0.00538044,CLAS,e-,5.88,p,0.938272088
2400,0.364,-0.206,2.416,7.5,134,deg,d4SigUU,0.11605,nb GeV^-4,0.0152555,0.0214821,CLAS,e-,5.88,p,0.938272088
2401,0.364,-0.206,2.416,22.4,134,deg,d4SigUU,0.0550456,nb GeV^-4,0.00626371,0.0134945,CLAS,e-,5.88,p,0.938272088
2402,0.364,-0.205,2.417,37.3,134,deg,d4SigUU,0.0916904,nb GeV^-4,0.0113059,0.00600138,CLAS,e-,5.88,p,0.938272088
2403,0.364,-0.205,2.419,52.3,134,deg,d4SigUU,0.0502594,nb GeV^-4,0.00696995,0.00399036,CLAS,e-,5.88,p,0.938272088
2404,0.364,-0.205,2.42,67.3,134,deg,d4SigUU,0.0484186,nb GeV^-4,0.00686619,0.00562824,CLAS,e-,5.88,p,0.938272088
2405,0.364,-0.204,2.422,82.3,134,deg,d4SigUU,0.0676342,nb GeV^-4,0.0126349,0.00468484,CLAS,e-,5.88,p,0.938272088
2406,0.365,-0.204,2.423,97.3,134,deg,d4SigUU,0.0453165,nb GeV^-4,0.0138605,0.00264238,CLAS,e-,5.88,p,0.938272088
2407,0.365,-0.203,2.425,247.7,134,deg,d4SigUU,0.0210413,nb GeV^-4,0.013583,0.00167262,CLAS,e-,5.88,p,0.938272088
2408,0.365,-0.204,2.423,262.7,134,deg,d4SigUU,0.0531468,nb GeV^-4,0.0120941,0.0150325,CLAS,e-,5.88,p,0.938272088
2409,0.364,-0.204,2.422,277.7,134,deg,d4SigUU,0.0270351,nb GeV^-4,0.00605971,0.00652078,CLAS,e-,5.88,p,0.938272088
2410,0.364,-0.205,2.42,292.7,134,deg,d4SigUU,0.0535615,nb GeV^-4,0.0103322,0.0532584,CLAS,e-,5.88,p,0.938272088
2411,0.364,-0.205,2.419,307.7,134,deg,d4SigUU,0.0462248,nb GeV^-4,0.00661756,0.00977579,CLAS,e-,5.88,p,0.938272088
2412,0.364,-0.205,2.417,322.7,134,deg,d4SigUU,0.0622438,nb GeV^-4,0.00657178,0.00389812,CLAS,e-,5.88,p,0.938272088
2413,0.364,-0.206,2.416,337.6,134,deg,d4SigUU,0.0842696,nb GeV^-4,0.00799765,0.00569002,CLAS,e-,5.88,p,0.938272088
2414,0.364,-0.206,2.416,352.5,134,deg,d4SigUU,0.0841277,nb GeV^-4,0.00831274,0.0062193,CLAS,e-,5.88,p,0.938272088
2415,0.364,-0.265,2.418,7.4,135,deg,d4SigUU,0.0927817,nb GeV^-4,0.0072283,0.00840204,CLAS,e-,5.88,p,0.938272088
2416,0.364,-0.265,2.418,22.3,135,deg,d4SigUU,0.111026,nb GeV^-4,0.0102457,0.0123229,CLAS,e-,5.88,p,0.938272088
2417,0.364,-0.264,2.419,37.2,135,deg,d4SigUU,0.0561953,nb GeV^-4,0.0047286,0.00431771,CLAS,e-,5.88,p,0.938272088
2418,0.364,-0.264,2.42,52.2,135,deg,d4SigUU,0.0565052,nb GeV^-4,0.00479713,0.00397382,CLAS,e-,5.88,p,0.938272088
2419,0.364,-0.263,2.422,67.2,135,deg,d4SigUU,0.0477145,nb GeV^-4,0.00543279,0.00311005,CLAS,e-,5.88,p,0.938272088
2420,0.365,-0.263,2.425,97.2,135,deg,d4SigUU,0.036561,nb GeV^-4,0.0115496,0.00360948,CLAS,e-,5.88,p,0.938272088
2421,0.365,-0.263,2.425,262.8,135,deg,d4SigUU,0.0146982,nb GeV^-4,0.00342512,0.00361905,CLAS,e-,5.88,p,0.938272088
2422,0.365,-0.263,2.423,277.8,135,deg,d4SigUU,0.0750254,nb GeV^-4,0.0210089,0.00516859,CLAS,e-,5.88,p,0.938272088
2423,0.364,-0.263,2.422,292.8,135,deg,d4SigUU,0.0455046,nb GeV^-4,0.00738192,0.00420225,CLAS,e-,5.88,p,0.938272088
2424,0.364,-0.264,2.42,307.8,135,deg,d4SigUU,0.0815877,nb GeV^-4,0.00961819,0.0112635,CLAS,e-,5.88,p,0.938272088
2425,0.364,-0.264,2.419,322.8,135,deg,d4SigUU,0.0577709,nb GeV^-4,0.00410654,0.00392888,CLAS,e-,5.88,p,0.938272088
2426,0.364,-0.265,2.418,337.7,135,deg,d4SigUU,0.0930062,nb GeV^-4,0.00666755,0.00556932,CLAS,e-,5.88,p,0.938272088
2427,0.364,-0.265,2.418,352.6,135,deg,d4SigUU,0.0939474,nb GeV^-4,0.00635571,0.00587262,CLAS,e-,5.88,p,0.938272088
2428,0.364,-0.345,2.418,7.4,136,deg,d4SigUU,0.0738496,nb GeV^-4,0.00486668,0.00462881,CLAS,e-,5.88,p,0.938272088
2429,0.364,-0.344,2.419,22.2,136,deg,d4SigUU,0.0666484,nb GeV^-4,0.00531028,0.00476997,CLAS,e-,5.88,p,0.938272088
2430,0.364,-0.343,2.419,37.1,136,deg,d4SigUU,0.0624542,nb GeV^-4,0.00512026,0.0038599,CLAS,e-,5.88,p,0.938272088
2431,0.364,-0.343,2.421,52.1,136,deg,d4SigUU,0.0461934,nb GeV^-4,0.00406236,0.00300525,CLAS,e-,5.88,p,0.938272088
2432,0.364,-0.342,2.422,67.1,136,deg,d4SigUU,0.0287696,nb GeV^-4,0.0029007,0.0028918,CLAS,e-,5.88,p,0.938272088
2433,0.365,-0.342,2.423,82.1,136,deg,d4SigUU,0.0193444,nb GeV^-4,0.0038447,0.00369955,CLAS,e-,5.88,p,0.938272088
2434,0.365,-0.341,2.425,97.2,136,deg,d4SigUU,0.00558528,nb GeV^-4,0.00333527,0.0117282,CLAS,e-,5.88,p,0.938272088
2435,0.365,-0.341,2.425,262.8,136,deg,d4SigUU,0.0149288,nb GeV^-4,0.00588712,0.00118137,CLAS,e-,5.88,p,0.938272088
2436,0.365,-0.342,2.423,277.9,136,deg,d4SigUU,0.0299899,nb GeV^-4,0.00712568,0.00460115,CLAS,e-,5.88,p,0.938272088
2437,0.364,-0.342,2.422,292.9,136,deg,d4SigUU,0.0479041,nb GeV^-4,0.00632031,0.00640936,CLAS,e-,5.88,p,0.938272088
2438,0.364,-0.343,2.421,307.9,136,deg,d4SigUU,0.0736209,nb GeV^-4,0.00795967,0.00678752,CLAS,e-,5.88,p,0.938272088
2439,0.364,-0.343,2.419,322.9,136,deg,d4SigUU,0.0722232,nb GeV^-4,0.00529907,0.00499697,CLAS,e-,5.88,p,0.938272088
2440,0.364,-0.344,2.419,337.8,136,deg,d4SigUU,0.0889342,nb GeV^-4,0.00526861,0.00555692,CLAS,e-,5.88,p,0.938272088
2441,0.364,-0.345,2.418,352.6,136,deg,d4SigUU,0.0953264,nb GeV^-4,0.00532912,0.00571085,CLAS,e-,5.88,p,0.938272088
2442,0.364,-0.455,2.418,7.3,137,deg,d4SigUU,0.0937782,nb GeV^-4,0.00485252,0.0072749,CLAS,e-,5.88,p,0.938272088
2443,0.364,-0.454,2.418,22.1,137,deg,d4SigUU,0.0736333,nb GeV^-4,0.00472904,0.00445545,CLAS,e-,5.88,p,0.938272088
2444,0.364,-0.452,2.419,37,137,deg,d4SigUU,0.0422879,nb GeV^-4,0.00321326,0.0026274,CLAS,e-,5.88,p,0.938272088
2445,0.364,-0.45,2.42,52,137,deg,d4SigUU,0.0377181,nb GeV^-4,0.00328109,0.00358191,CLAS,e-,5.88,p,0.938272088
2446,0.365,-0.449,2.422,67,137,deg,d4SigUU,0.0245173,nb GeV^-4,0.00281475,0.00198854,CLAS,e-,5.88,p,0.938272088
2447,0.365,-0.449,2.423,82.1,137,deg,d4SigUU,0.0108649,nb GeV^-4,0.00218302,0.00238441,CLAS,e-,5.88,p,0.938272088
2448,0.365,-0.448,2.425,97.1,137,deg,d4SigUU,0.00657685,nb GeV^-4,0.00585238,0.00585223,CLAS,e-,5.88,p,0.938272088
2449,0.365,-0.447,2.428,142.3,137,deg,d4SigUU,0.0279347,nb GeV^-4,0.0219843,0.00162886,CLAS,e-,5.88,p,0.938272088
2450,0.365,-0.447,2.428,217.7,137,deg,d4SigUU,0.00903963,nb GeV^-4,0.00585175,0.000527096,CLAS,e-,5.88,p,0.938272088
2451,0.365,-0.449,2.423,277.9,137,deg,d4SigUU,0.019625,nb GeV^-4,0.00333011,0.00355171,CLAS,e-,5.88,p,0.938272088
2452,0.365,-0.449,2.422,293,137,deg,d4SigUU,0.0269499,nb GeV^-4,0.00343047,0.0028826,CLAS,e-,5.88,p,0.938272088
2453,0.364,-0.45,2.42,308,137,deg,d4SigUU,0.0416726,nb GeV^-4,0.00430447,0.00275806,CLAS,e-,5.88,p,0.938272088
2454,0.364,-0.452,2.419,323,137,deg,d4SigUU,0.0643368,nb GeV^-4,0.00460058,0.00387439,CLAS,e-,5.88,p,0.938272088
2455,0.364,-0.454,2.418,337.9,137,deg,d4SigUU,0.0711211,nb GeV^-4,0.00364836,0.00509474,CLAS,e-,5.88,p,0.938272088
2456,0.364,-0.455,2.418,352.7,137,deg,d4SigUU,0.0899285,nb GeV^-4,0.00389009,0.00540392,CLAS,e-,5.88,p,0.938272088
2457,0.364,-0.621,2.413,7.2,138,deg,d4SigUU,0.0779132,nb GeV^-4,0.00340472,0.00564611,CLAS,e-,5.88,p,0.938272088
2458,0.364,-0.618,2.417,21.8,138,deg,d4SigUU,0.0688738,nb GeV^-4,0.00389033,0.00434006,CLAS,e-,5.88,p,0.938272088
2459,0.364,-0.613,2.417,36.7,138,deg,d4SigUU,0.0285686,nb GeV^-4,0.00221066,0.001996,CLAS,e-,5.88,p,0.938272088
2460,0.365,-0.61,2.419,51.8,138,deg,d4SigUU,0.024866,nb GeV^-4,0.0021982,0.00152671,CLAS,e-,5.88,p,0.938272088
2461,0.365,-0.608,2.421,66.9,138,deg,d4SigUU,0.0141482,nb GeV^-4,0.00152407,0.00145425,CLAS,e-,5.88,p,0.938272088
2462,0.365,-0.607,2.423,82,138,deg,d4SigUU,0.00841656,nb GeV^-4,0.00233433,0.000490766,CLAS,e-,5.88,p,0.938272088
2463,0.365,-0.605,2.427,127.2,138,deg,d4SigUU,0.0449447,nb GeV^-4,0.0336628,0.0103794,CLAS,e-,5.88,p,0.938272088
2464,0.365,-0.605,2.428,142.3,138,deg,d4SigUU,0.0423114,nb GeV^-4,0.0316305,0.00579365,CLAS,e-,5.88,p,0.938272088
2465,0.365,-0.605,2.429,157.4,138,deg,d4SigUU,0.0217486,nb GeV^-4,0.0167111,0.00230734,CLAS,e-,5.88,p,0.938272088
2466,0.365,-0.605,2.428,172.4,138,deg,d4SigUU,0.00366222,nb GeV^-4,0.0016659,0.000612426,CLAS,e-,5.88,p,0.938272088
2467,0.365,-0.605,2.428,187.6,138,deg,d4SigUU,0.00164136,nb GeV^-4,0.00142446,0.00128501,CLAS,e-,5.88,p,0.938272088
2468,0.365,-0.605,2.429,202.6,138,deg,d4SigUU,0.00325957,nb GeV^-4,0.00122651,0.000763834,CLAS,e-,5.88,p,0.938272088
2469,0.365,-0.605,2.428,217.7,138,deg,d4SigUU,0.00626344,nb GeV^-4,0.00339272,0.00261598,CLAS,e-,5.88,p,0.938272088
2470,0.365,-0.605,2.427,232.8,138,deg,d4SigUU,0.00599226,nb GeV^-4,0.00516227,0.00310215,CLAS,e-,5.88,p,0.938272088
2471,0.365,-0.607,2.423,278,138,deg,d4SigUU,0.00806368,nb GeV^-4,0.00208703,0.00131359,CLAS,e-,5.88,p,0.938272088
2472,0.365,-0.608,2.421,293.1,138,deg,d4SigUU,0.0127067,nb GeV^-4,0.00157286,0.00187949,CLAS,e-,5.88,p,0.938272088
2473,0.365,-0.61,2.419,308.2,138,deg,d4SigUU,0.0266494,nb GeV^-4,0.00286354,0.00222449,CLAS,e-,5.88,p,0.938272088
2474,0.364,-0.613,2.417,323.3,138,deg,d4SigUU,0.0305926,nb GeV^-4,0.00210338,0.00223975,CLAS,e-,5.88,p,0.938272088
2475,0.364,-0.618,2.417,338.2,138,deg,d4SigUU,0.0551426,nb GeV^-4,0.00242953,0.00337308,CLAS,e-,5.88,p,0.938272088
2476,0.364,-0.621,2.413,352.8,138,deg,d4SigUU,0.0987788,nb GeV^-4,0.00391755,0.00960717,CLAS,e-,5.88,p,0.938272088
2477,0.364,-0.895,2.404,21.4,139,deg,d4SigUU,0.0439811,nb GeV^-4,0.00255162,0.00284238,CLAS,e-,5.88,p,0.938272088
2478,0.365,-0.885,2.414,36.4,139,deg,d4SigUU,0.0209025,nb GeV^-4,0.00173377,0.00156253,CLAS,e-,5.88,p,0.938272088
2479,0.365,-0.878,2.417,51.6,139,deg,d4SigUU,0.0140892,nb GeV^-4,0.00135426,0.00100599,CLAS,e-,5.88,p,0.938272088
2480,0.365,-0.874,2.42,66.8,139,deg,d4SigUU,0.0080375,nb GeV^-4,0.00125126,0.000607306,CLAS,e-,5.88,p,0.938272088
2481,0.365,-0.871,2.425,97,139,deg,d4SigUU,0.00665512,nb GeV^-4,0.00561307,0.00122955,CLAS,e-,5.88,p,0.938272088
2482,0.365,-0.869,2.426,127.2,139,deg,d4SigUU,0.00787953,nb GeV^-4,0.00287957,0.00132483,CLAS,e-,5.88,p,0.938272088
2483,0.365,-0.869,2.429,142.3,139,deg,d4SigUU,0.0112339,nb GeV^-4,0.00479248,0.00128603,CLAS,e-,5.88,p,0.938272088
2484,0.365,-0.867,2.429,157.4,139,deg,d4SigUU,0.00118492,nb GeV^-4,0.000598463,0.00142256,CLAS,e-,5.88,p,0.938272088
2485,0.366,-0.868,2.428,172.4,139,deg,d4SigUU,0.00992912,nb GeV^-4,0.007191,0.00123265,CLAS,e-,5.88,p,0.938272088
2486,0.365,-0.867,2.429,202.6,139,deg,d4SigUU,0.00766333,nb GeV^-4,0.0032321,0.00426076,CLAS,e-,5.88,p,0.938272088
2487,0.365,-0.869,2.429,217.7,139,deg,d4SigUU,0.0242844,nb GeV^-4,0.0181178,0.00239897,CLAS,e-,5.88,p,0.938272088
2488,0.365,-0.869,2.426,232.8,139,deg,d4SigUU,0.0147111,nb GeV^-4,0.011024,0.000857795,CLAS,e-,5.88,p,0.938272088
2489,0.365,-0.869,2.427,247.8,139,deg,d4SigUU,0.0120303,nb GeV^-4,0.00904883,0.000701484,CLAS,e-,5.88,p,0.938272088
2490,0.365,-0.874,2.42,293.2,139,deg,d4SigUU,0.00543161,nb GeV^-4,0.00118346,0.0018909,CLAS,e-,5.88,p,0.938272088
2491,0.365,-0.878,2.417,308.4,139,deg,d4SigUU,0.011281,nb GeV^-4,0.00144414,0.00116387,CLAS,e-,5.88,p,0.938272088
2492,0.365,-0.885,2.414,323.6,139,deg,d4SigUU,0.0188441,nb GeV^-4,0.00131983,0.00125996,CLAS,e-,5.88,p,0.938272088
2493,0.364,-0.895,2.404,338.6,139,deg,d4SigUU,0.0420771,nb GeV^-4,0.00189796,0.00385608,CLAS,e-,5.88,p,0.938272088
2494,0.365,-1.413,2.39,21.1,140,deg,d4SigUU,0.0142536,nb GeV^-4,0.000922408,0.000863374,CLAS,e-,5.88,p,0.938272088
2495,0.365,-1.413,2.407,36.2,140,deg,d4SigUU,0.00602503,nb GeV^-4,0.000665934,0.000467997,CLAS,e-,5.88,p,0.938272088
2496,0.365,-1.409,2.414,51.5,140,deg,d4SigUU,0.0030421,nb GeV^-4,0.00053274,0.000758834,CLAS,e-,5.88,p,0.938272088
2497,0.365,-1.404,2.418,66.7,140,deg,d4SigUU,0.00716478,nb GeV^-4,0.00324587,0.00159363,CLAS,e-,5.88,p,0.938272088
2498,0.364,-1.399,2.419,81.8,140,deg,d4SigUU,0.00628135,nb GeV^-4,0.004794,0.00177633,CLAS,e-,5.88,p,0.938272088
2499,0.363,-1.397,2.438,127.5,140,deg,d4SigUU,0.00844439,nb GeV^-4,0.00611221,0.00100872,CLAS,e-,5.88,p,0.938272088
2500,0.367,-1.392,2.425,142.3,140,deg,d4SigUU,0.00530382,nb GeV^-4,0.00270217,0.000323633,CLAS,e-,5.88,p,0.938272088
2501,0.362,-1.4,2.438,201.8,140,deg,d4SigUU,0.000881261,nb GeV^-4,0.000495251,0.000251563,CLAS,e-,5.88,p,0.938272088
2502,0.367,-1.392,2.425,217.7,140,deg,d4SigUU,0.0036361,nb GeV^-4,0.00146671,0.000453874,CLAS,e-,5.88,p,0.938272088
2503,0.366,-1.397,2.428,247.8,140,deg,d4SigUU,0.00314409,nb GeV^-4,0.0010533,0.00062325,CLAS,e-,5.88,p,0.938272088
2504,0.364,-1.399,2.419,278.2,140,deg,d4SigUU,0.00585016,nb GeV^-4,0.00311858,0.000771769,CLAS,e-,5.88,p,0.938272088
2505,0.365,-1.404,2.418,293.3,140,deg,d4SigUU,0.00268221,nb GeV^-4,0.00176494,0.000309642,CLAS,e-,5.88,p,0.938272088
2506,0.365,-1.409,2.414,308.5,140,deg,d4SigUU,0.00361935,nb GeV^-4,0.000674555,0.000742755,CLAS,e-,5.88,p,0.938272088
2507,0.365,-1.413,2.407,323.8,140,deg,d4SigUU,0.00624532,nb GeV^-4,0.000657834,0.000576795,CLAS,e-,5.88,p,0.938272088
2508,0.365,-1.413,2.39,338.9,140,deg,d4SigUU,0.013887,nb GeV^-4,0.000833985,0.000948669,CLAS,e-,5.88,p,0.938272088
2509,0.358,-0.171,2.998,7.5,141,deg,d4SigUU,0.105865,nb GeV^-4,0.0287796,0.011777,CLAS,e-,5.88,p,0.938272088
2510,0.358,-0.171,2.998,22.5,141,deg,d4SigUU,0.101735,nb GeV^-4,0.0533828,0.00718153,CLAS,e-,5.88,p,0.938272088
2511,0.358,-0.171,2.999,37.4,141,deg,d4SigUU,0.027318,nb GeV^-4,0.018282,0.00713575,CLAS,e-,5.88,p,0.938272088
2512,0.358,-0.171,2.999,52.4,141,deg,d4SigUU,0.0799349,nb GeV^-4,0.0286612,0.00716052,CLAS,e-,5.88,p,0.938272088
2513,0.358,-0.17,3,67.4,141,deg,d4SigUU,0.0554302,nb GeV^-4,0.0485934,0.00323211,CLAS,e-,5.88,p,0.938272088
2514,0.358,-0.17,3,292.6,141,deg,d4SigUU,0.054155,nb GeV^-4,0.0292711,0.00364311,CLAS,e-,5.88,p,0.938272088
2515,0.358,-0.171,2.999,307.6,141,deg,d4SigUU,0.664655,nb GeV^-4,0.48699,0.0389811,CLAS,e-,5.88,p,0.938272088
2516,0.358,-0.171,2.998,337.5,141,deg,d4SigUU,0.12698,nb GeV^-4,0.0364975,0.00850134,CLAS,e-,5.88,p,0.938272088
2517,0.363,-0.206,3.049,7.5,142,deg,d4SigUU,0.106121,nb GeV^-4,0.00967946,0.010568,CLAS,e-,5.88,p,0.938272088
2518,0.363,-0.206,3.049,22.4,142,deg,d4SigUU,0.0733631,nb GeV^-4,0.00720645,0.00519507,CLAS,e-,5.88,p,0.938272088
2519,0.364,-0.206,3.049,37.3,142,deg,d4SigUU,0.0637033,nb GeV^-4,0.00570576,0.00447477,CLAS,e-,5.88,p,0.938272088
2520,0.364,-0.205,3.05,52.3,142,deg,d4SigUU,0.0640428,nb GeV^-4,0.00577026,0.00415908,CLAS,e-,5.88,p,0.938272088
2521,0.364,-0.205,3.051,67.3,142,deg,d4SigUU,0.0575083,nb GeV^-4,0.00561417,0.00373766,CLAS,e-,5.88,p,0.938272088
2522,0.364,-0.204,3.052,82.3,142,deg,d4SigUU,0.0801076,nb GeV^-4,0.0132274,0.0070708,CLAS,e-,5.88,p,0.938272088
2523,0.364,-0.204,3.053,97.3,142,deg,d4SigUU,0.0447052,nb GeV^-4,0.0120992,0.0103848,CLAS,e-,5.88,p,0.938272088
2524,0.364,-0.204,3.053,262.7,142,deg,d4SigUU,0.0619388,nb GeV^-4,0.012132,0.00452868,CLAS,e-,5.88,p,0.938272088
2525,0.364,-0.204,3.052,277.7,142,deg,d4SigUU,0.0550282,nb GeV^-4,0.00706879,0.00358186,CLAS,e-,5.88,p,0.938272088
2526,0.364,-0.205,3.05,307.7,142,deg,d4SigUU,0.067887,nb GeV^-4,0.00692305,0.00502768,CLAS,e-,5.88,p,0.938272088
2527,0.364,-0.206,3.049,322.7,142,deg,d4SigUU,0.0840841,nb GeV^-4,0.00693612,0.00689708,CLAS,e-,5.88,p,0.938272088
2528,0.363,-0.206,3.049,337.6,142,deg,d4SigUU,0.0936393,nb GeV^-4,0.00674378,0.00741729,CLAS,e-,5.88,p,0.938272088
2529,0.363,-0.206,3.049,352.5,142,deg,d4SigUU,0.110533,nb GeV^-4,0.00954673,0.00875908,CLAS,e-,5.88,p,0.938272088
2530,0.364,-0.265,3.059,7.4,143,deg,d4SigUU,0.116269,nb GeV^-4,0.00744659,0.0075188,CLAS,e-,5.88,p,0.938272088
2531,0.364,-0.265,3.057,22.3,143,deg,d4SigUU,0.111541,nb GeV^-4,0.00758883,0.00679435,CLAS,e-,5.88,p,0.938272088
2532,0.364,-0.264,3.055,37.2,143,deg,d4SigUU,0.0942425,nb GeV^-4,0.00619224,0.00554701,CLAS,e-,5.88,p,0.938272088
2533,0.364,-0.264,3.054,52.2,143,deg,d4SigUU,0.0656328,nb GeV^-4,0.00445332,0.00392701,CLAS,e-,5.88,p,0.938272088
2534,0.364,-0.263,3.053,67.2,143,deg,d4SigUU,0.0523187,nb GeV^-4,0.00407309,0.00347767,CLAS,e-,5.88,p,0.938272088
2535,0.365,-0.263,3.054,82.2,143,deg,d4SigUU,0.0410116,nb GeV^-4,0.0036639,0.00302392,CLAS,e-,5.88,p,0.938272088
2536,0.365,-0.263,3.054,97.2,143,deg,d4SigUU,0.0417018,nb GeV^-4,0.00462455,0.00261763,CLAS,e-,5.88,p,0.938272088
2537,0.365,-0.262,3.055,112.3,143,deg,d4SigUU,0.0300631,nb GeV^-4,0.00368253,0.00197663,CLAS,e-,5.88,p,0.938272088
2538,0.365,-0.262,3.057,127.3,143,deg,d4SigUU,0.0261877,nb GeV^-4,0.00365851,0.00709624,CLAS,e-,5.88,p,0.938272088
2539,0.365,-0.262,3.058,217.6,143,deg,d4SigUU,0.0260033,nb GeV^-4,0.00720285,0.00185988,CLAS,e-,5.88,p,0.938272088
2540,0.365,-0.262,3.057,232.7,143,deg,d4SigUU,0.0320963,nb GeV^-4,0.00703853,0.00216666,CLAS,e-,5.88,p,0.938272088
2541,0.365,-0.262,3.055,247.7,143,deg,d4SigUU,0.0395166,nb GeV^-4,0.00488682,0.00317778,CLAS,e-,5.88,p,0.938272088
2542,0.365,-0.263,3.054,262.8,143,deg,d4SigUU,0.0340699,nb GeV^-4,0.00288371,0.00207707,CLAS,e-,5.88,p,0.938272088
2543,0.365,-0.263,3.054,277.8,143,deg,d4SigUU,0.0587737,nb GeV^-4,0.0054334,0.00393195,CLAS,e-,5.88,p,0.938272088
2544,0.364,-0.263,3.053,292.8,143,deg,d4SigUU,0.0489163,nb GeV^-4,0.00463827,0.00592083,CLAS,e-,5.88,p,0.938272088
2545,0.364,-0.264,3.054,307.8,143,deg,d4SigUU,0.086787,nb GeV^-4,0.00819075,0.00582031,CLAS,e-,5.88,p,0.938272088
2546,0.364,-0.264,3.055,322.8,143,deg,d4SigUU,0.0796732,nb GeV^-4,0.00482005,0.00509956,CLAS,e-,5.88,p,0.938272088
2547,0.364,-0.265,3.057,337.7,143,deg,d4SigUU,0.107985,nb GeV^-4,0.00576829,0.00876011,CLAS,e-,5.88,p,0.938272088
2548,0.364,-0.265,3.059,352.6,143,deg,d4SigUU,0.154979,nb GeV^-4,0.00958522,0.00927824,CLAS,e-,5.88,p,0.938272088
2549,0.364,-0.343,3.038,7.5,144,deg,d4SigUU,0.120453,nb GeV^-4,0.00624184,0.00904346,CLAS,e-,5.88,p,0.938272088
2550,0.364,-0.344,3.057,22.3,144,deg,d4SigUU,0.114373,nb GeV^-4,0.00697882,0.0102467,CLAS,e-,5.88,p,0.938272088
2551,0.364,-0.343,3.057,37.1,144,deg,d4SigUU,0.0674475,nb GeV^-4,0.00435413,0.00510624,CLAS,e-,5.88,p,0.938272088
2552,0.364,-0.343,3.054,52.1,144,deg,d4SigUU,0.0584087,nb GeV^-4,0.00387808,0.00354768,CLAS,e-,5.88,p,0.938272088
2553,0.365,-0.342,3.053,67.1,144,deg,d4SigUU,0.0343086,nb GeV^-4,0.00281346,0.00375382,CLAS,e-,5.88,p,0.938272088
2554,0.365,-0.342,3.053,82.1,144,deg,d4SigUU,0.0350854,nb GeV^-4,0.00436728,0.00240686,CLAS,e-,5.88,p,0.938272088
2555,0.365,-0.341,3.053,97.2,144,deg,d4SigUU,0.0227343,nb GeV^-4,0.00253549,0.00177303,CLAS,e-,5.88,p,0.938272088
2556,0.365,-0.341,3.054,112.2,144,deg,d4SigUU,0.0204648,nb GeV^-4,0.00206189,0.00169081,CLAS,e-,5.88,p,0.938272088
2557,0.365,-0.341,3.056,127.3,144,deg,d4SigUU,0.0237987,nb GeV^-4,0.00304317,0.00282809,CLAS,e-,5.88,p,0.938272088
2558,0.365,-0.341,3.056,142.4,144,deg,d4SigUU,0.0184959,nb GeV^-4,0.00357722,0.00402268,CLAS,e-,5.88,p,0.938272088
2559,0.365,-0.341,3.057,172.5,144,deg,d4SigUU,0.0249029,nb GeV^-4,0.00819492,0.00245047,CLAS,e-,5.88,p,0.938272088
2560,0.365,-0.341,3.057,187.5,144,deg,d4SigUU,0.0124158,nb GeV^-4,0.0039494,0.00195567,CLAS,e-,5.88,p,0.938272088
2561,0.365,-0.341,3.057,202.6,144,deg,d4SigUU,0.0137934,nb GeV^-4,0.00291853,0.000817577,CLAS,e-,5.88,p,0.938272088
2562,0.365,-0.341,3.056,217.6,144,deg,d4SigUU,0.0175196,nb GeV^-4,0.00291854,0.00221426,CLAS,e-,5.88,p,0.938272088
2563,0.365,-0.341,3.056,232.7,144,deg,d4SigUU,0.0145577,nb GeV^-4,0.00208457,0.00133047,CLAS,e-,5.88,p,0.938272088
2564,0.365,-0.341,3.054,247.8,144,deg,d4SigUU,0.022971,nb GeV^-4,0.00263702,0.00260077,CLAS,e-,5.88,p,0.938272088
2565,0.365,-0.341,3.053,262.8,144,deg,d4SigUU,0.0263705,nb GeV^-4,0.00280067,0.00186147,CLAS,e-,5.88,p,0.938272088
2566,0.365,-0.342,3.053,277.9,144,deg,d4SigUU,0.0323379,nb GeV^-4,0.00368661,0.00269199,CLAS,e-,5.88,p,0.938272088
2567,0.365,-0.342,3.053,292.9,144,deg,d4SigUU,0.0381944,nb GeV^-4,0.00377753,0.00308836,CLAS,e-,5.88,p,0.938272088
2568,0.364,-0.343,3.054,307.9,144,deg,d4SigUU,0.0707127,nb GeV^-4,0.00578457,0.0057939,CLAS,e-,5.88,p,0.938272088
2569,0.364,-0.343,3.057,322.9,144,deg,d4SigUU,0.080929,nb GeV^-4,0.00517944,0.00509233,CLAS,e-,5.88,p,0.938272088
2570,0.364,-0.344,3.057,337.7,144,deg,d4SigUU,0.113653,nb GeV^-4,0.00527865,0.00768466,CLAS,e-,5.88,p,0.938272088
2571,0.364,-0.343,3.038,352.5,144,deg,d4SigUU,0.127271,nb GeV^-4,0.005988,0.00807925,CLAS,e-,5.88,p,0.938272088
2572,0.365,-0.449,2.944,7.6,145,deg,d4SigUU,0.145127,nb GeV^-4,0.00851969,0.00988009,CLAS,e-,5.88,p,0.938272088
2573,0.365,-0.45,3.016,22.5,145,deg,d4SigUU,0.0986969,nb GeV^-4,0.00568842,0.00658199,CLAS,e-,5.88,p,0.938272088
2574,0.364,-0.451,3.057,36.9,145,deg,d4SigUU,0.06232,nb GeV^-4,0.00333187,0.00391737,CLAS,e-,5.88,p,0.938272088
2575,0.364,-0.45,3.052,51.9,145,deg,d4SigUU,0.0389686,nb GeV^-4,0.00280179,0.00242796,CLAS,e-,5.88,p,0.938272088
2576,0.365,-0.449,3.051,67,145,deg,d4SigUU,0.0231117,nb GeV^-4,0.00177502,0.00231546,CLAS,e-,5.88,p,0.938272088
2577,0.365,-0.448,3.051,82.1,145,deg,d4SigUU,0.0211991,nb GeV^-4,0.00315522,0.0017868,CLAS,e-,5.88,p,0.938272088
2578,0.365,-0.448,3.052,97.1,145,deg,d4SigUU,0.0133745,nb GeV^-4,0.00201766,0.000938394,CLAS,e-,5.88,p,0.938272088
2579,0.365,-0.448,3.053,112.2,145,deg,d4SigUU,0.0106228,nb GeV^-4,0.00139369,0.000828893,CLAS,e-,5.88,p,0.938272088
2580,0.365,-0.448,3.054,127.3,145,deg,d4SigUU,0.0103355,nb GeV^-4,0.00167275,0.000881273,CLAS,e-,5.88,p,0.938272088
2581,0.365,-0.447,3.055,142.3,145,deg,d4SigUU,0.0023938,nb GeV^-4,0.000833451,0.000460831,CLAS,e-,5.88,p,0.938272088
2582,0.365,-0.447,3.056,157.4,145,deg,d4SigUU,0.00623503,nb GeV^-4,0.00206536,0.000714596,CLAS,e-,5.88,p,0.938272088
2583,0.365,-0.447,3.056,172.5,145,deg,d4SigUU,0.00419259,nb GeV^-4,0.00171777,0.000636363,CLAS,e-,5.88,p,0.938272088
2584,0.365,-0.447,3.056,187.5,145,deg,d4SigUU,0.00477748,nb GeV^-4,0.0018638,0.000801574,CLAS,e-,5.88,p,0.938272088
2585,0.365,-0.447,3.056,202.6,145,deg,d4SigUU,0.0119143,nb GeV^-4,0.00250646,0.000707497,CLAS,e-,5.88,p,0.938272088
2586,0.365,-0.448,3.054,232.7,145,deg,d4SigUU,0.00883431,nb GeV^-4,0.00165567,0.00234477,CLAS,e-,5.88,p,0.938272088
2587,0.365,-0.448,3.053,247.8,145,deg,d4SigUU,0.0156558,nb GeV^-4,0.0026493,0.00111338,CLAS,e-,5.88,p,0.938272088
2588,0.365,-0.448,3.052,262.9,145,deg,d4SigUU,0.0124718,nb GeV^-4,0.00174142,0.00105515,CLAS,e-,5.88,p,0.938272088
2589,0.365,-0.448,3.051,277.9,145,deg,d4SigUU,0.0208523,nb GeV^-4,0.0022665,0.00162656,CLAS,e-,5.88,p,0.938272088
2590,0.365,-0.449,3.051,293,145,deg,d4SigUU,0.0274224,nb GeV^-4,0.00254326,0.00290163,CLAS,e-,5.88,p,0.938272088
2591,0.364,-0.45,3.052,308.1,145,deg,d4SigUU,0.0323432,nb GeV^-4,0.00273373,0.00319303,CLAS,e-,5.88,p,0.938272088
2592,0.364,-0.451,3.057,323.1,145,deg,d4SigUU,0.0662559,nb GeV^-4,0.00351487,0.00452825,CLAS,e-,5.88,p,0.938272088
2593,0.365,-0.45,3.016,337.5,145,deg,d4SigUU,0.100129,nb GeV^-4,0.00458316,0.00643969,CLAS,e-,5.88,p,0.938272088
2594,0.365,-0.449,2.944,352.4,145,deg,d4SigUU,0.147105,nb GeV^-4,0.00727971,0.0131508,CLAS,e-,5.88,p,0.938272088
2595,0.365,-0.608,2.94,22.9,146,deg,d4SigUU,0.0938459,nb GeV^-4,0.00700368,0.00716351,CLAS,e-,5.88,p,0.938272088
2596,0.365,-0.611,3.048,36.7,146,deg,d4SigUU,0.042386,nb GeV^-4,0.00249234,0.00316707,CLAS,e-,5.88,p,0.938272088
2597,0.365,-0.609,3.047,51.8,146,deg,d4SigUU,0.023828,nb GeV^-4,0.00152165,0.00153905,CLAS,e-,5.88,p,0.938272088
2598,0.365,-0.607,3.047,66.9,146,deg,d4SigUU,0.0143735,nb GeV^-4,0.00130211,0.001005,CLAS,e-,5.88,p,0.938272088
2599,0.365,-0.606,3.048,82,146,deg,d4SigUU,0.00673325,nb GeV^-4,0.000913912,0.000839102,CLAS,e-,5.88,p,0.938272088
2600,0.365,-0.606,3.05,97.1,146,deg,d4SigUU,0.00675617,nb GeV^-4,0.00151598,0.00126738,CLAS,e-,5.88,p,0.938272088
2601,0.365,-0.605,3.052,112.2,146,deg,d4SigUU,0.00411172,nb GeV^-4,0.000722915,0.000443135,CLAS,e-,5.88,p,0.938272088
2602,0.365,-0.605,3.053,127.3,146,deg,d4SigUU,0.00758468,nb GeV^-4,0.00197242,0.000692164,CLAS,e-,5.88,p,0.938272088
2603,0.365,-0.605,3.054,142.3,146,deg,d4SigUU,0.00910889,nb GeV^-4,0.00422856,0.00278994,CLAS,e-,5.88,p,0.938272088
2604,0.365,-0.605,3.055,157.4,146,deg,d4SigUU,0.0182152,nb GeV^-4,0.014079,0.00210984,CLAS,e-,5.88,p,0.938272088
2605,0.365,-0.605,3.056,172.5,146,deg,d4SigUU,0.00918136,nb GeV^-4,0.00762723,0.000538665,CLAS,e-,5.88,p,0.938272088
2606,0.365,-0.605,3.054,217.7,146,deg,d4SigUU,0.00323337,nb GeV^-4,0.000808761,0.000502155,CLAS,e-,5.88,p,0.938272088
2607,0.365,-0.605,3.053,232.7,146,deg,d4SigUU,0.00505999,nb GeV^-4,0.00121576,0.00073761,CLAS,e-,5.88,p,0.938272088
2608,0.365,-0.605,3.052,247.8,146,deg,d4SigUU,0.00636576,nb GeV^-4,0.00109443,0.000921006,CLAS,e-,5.88,p,0.938272088
2609,0.365,-0.606,3.05,262.9,146,deg,d4SigUU,0.00736078,nb GeV^-4,0.0013257,0.000531423,CLAS,e-,5.88,p,0.938272088
2610,0.365,-0.606,3.048,278,146,deg,d4SigUU,0.0106078,nb GeV^-4,0.00127584,0.0010569,CLAS,e-,5.88,p,0.938272088
2611,0.365,-0.607,3.047,293.1,146,deg,d4SigUU,0.0173218,nb GeV^-4,0.00173887,0.00140085,CLAS,e-,5.88,p,0.938272088
2612,0.365,-0.609,3.047,308.2,146,deg,d4SigUU,0.0232904,nb GeV^-4,0.00185174,0.00144957,CLAS,e-,5.88,p,0.938272088
2613,0.365,-0.611,3.048,323.3,146,deg,d4SigUU,0.0436764,nb GeV^-4,0.00248214,0.00303604,CLAS,e-,5.88,p,0.938272088
2614,0.365,-0.608,2.94,337.1,146,deg,d4SigUU,0.0740831,nb GeV^-4,0.00411306,0.0102826,CLAS,e-,5.88,p,0.938272088
2615,0.365,-0.877,3.036,36.5,147,deg,d4SigUU,0.0192726,nb GeV^-4,0.00120418,0.00115677,CLAS,e-,5.88,p,0.938272088
2616,0.365,-0.874,3.038,51.7,147,deg,d4SigUU,0.00960921,nb GeV^-4,0.000704437,0.000741701,CLAS,e-,5.88,p,0.938272088
2617,0.365,-0.872,3.041,66.9,147,deg,d4SigUU,0.00645169,nb GeV^-4,0.000690726,0.000461128,CLAS,e-,5.88,p,0.938272088
2618,0.365,-0.87,3.043,82,147,deg,d4SigUU,0.00454311,nb GeV^-4,0.000967346,0.000773098,CLAS,e-,5.88,p,0.938272088
2619,0.365,-0.869,3.048,97.1,147,deg,d4SigUU,0.00282071,nb GeV^-4,0.000730601,0.000325195,CLAS,e-,5.88,p,0.938272088
2620,0.365,-0.868,3.049,112.2,147,deg,d4SigUU,0.000786707,nb GeV^-4,0.000422298,0.000198545,CLAS,e-,5.88,p,0.938272088
2621,0.365,-0.868,3.052,217.7,147,deg,d4SigUU,0.00283723,nb GeV^-4,0.00168393,0.000165741,CLAS,e-,5.88,p,0.938272088
2622,0.365,-0.868,3.049,247.8,147,deg,d4SigUU,0.00122853,nb GeV^-4,0.000706553,0.000331437,CLAS,e-,5.88,p,0.938272088
2623,0.365,-0.869,3.048,262.9,147,deg,d4SigUU,0.00342529,nb GeV^-4,0.000912834,1485.17,CLAS,e-,5.88,p,0.938272088
2624,0.365,-0.87,3.043,278,147,deg,d4SigUU,0.0038581,nb GeV^-4,0.000664514,0.000353548,CLAS,e-,5.88,p,0.938272088
2625,0.365,-0.872,3.041,293.1,147,deg,d4SigUU,0.00734117,nb GeV^-4,0.000953312,0.000617877,CLAS,e-,5.88,p,0.938272088
2626,0.365,-0.874,3.038,308.3,147,deg,d4SigUU,0.013116,nb GeV^-4,0.00124981,0.00093193,CLAS,e-,5.88,p,0.938272088
2627,0.365,-0.877,3.036,323.5,147,deg,d4SigUU,0.0175322,nb GeV^-4,0.00108639,0.00154199,CLAS,e-,5.88,p,0.938272088
2628,0.365,-1.441,2.979,22.7,148,deg,d4SigUU,0.00986164,nb GeV^-4,0.00103621,0.00136191,CLAS,e-,5.88,p,0.938272088
2629,0.365,-1.391,3.012,36.4,148,deg,d4SigUU,0.00527904,nb GeV^-4,0.000534252,0.000341559,CLAS,e-,5.88,p,0.938272088
2630,0.365,-1.398,3.025,51.7,148,deg,d4SigUU,0.00180206,nb GeV^-4,0.000267898,0.000538879,CLAS,e-,5.88,p,0.938272088
2631,0.365,-1.397,3.033,66.8,148,deg,d4SigUU,0.00137849,nb GeV^-4,0.000415633,8.40784E-05,CLAS,e-,5.88,p,0.938272088
2632,0.365,-1.396,3.04,82,148,deg,d4SigUU,0.00196742,nb GeV^-4,0.000777341,0.000276577,CLAS,e-,5.88,p,0.938272088
2633,0.368,-1.389,3.056,172.7,148,deg,d4SigUU,0.00135436,nb GeV^-4,0.000704957,7.89723E-05,CLAS,e-,5.88,p,0.938272088
2634,0.365,-1.396,3.04,278,148,deg,d4SigUU,0.00112794,nb GeV^-4,0.000495619,0.000178333,CLAS,e-,5.88,p,0.938272088
2635,0.365,-1.397,3.033,293.2,148,deg,d4SigUU,0.00100447,nb GeV^-4,0.000947576,0.000389545,CLAS,e-,5.88,p,0.938272088
2636,0.365,-1.398,3.025,308.3,148,deg,d4SigUU,0.00429981,nb GeV^-4,0.000736872,0.000299799,CLAS,e-,5.88,p,0.938272088
2637,0.365,-1.391,3.012,323.6,148,deg,d4SigUU,0.00428685,nb GeV^-4,0.000409102,0.000412365,CLAS,e-,5.88,p,0.938272088
2638,0.365,-1.441,2.979,337.3,148,deg,d4SigUU,0.0104246,nb GeV^-4,0.000798024,0.00118548,CLAS,e-,5.88,p,0.938272088
2639,0.392,-0.213,2.514,7.5,149,deg,d4SigUU,0.0856595,nb GeV^-4,0.0195295,0.00507382,CLAS,e-,5.88,p,0.938272088
2640,0.392,-0.213,2.515,22.4,149,deg,d4SigUU,0.0467172,nb GeV^-4,0.0122763,0.0146409,CLAS,e-,5.88,p,0.938272088
2641,0.392,-0.213,2.516,37.4,149,deg,d4SigUU,0.0609549,nb GeV^-4,0.0152942,0.0077954,CLAS,e-,5.88,p,0.938272088
2642,0.392,-0.213,2.517,52.4,149,deg,d4SigUU,0.0587652,nb GeV^-4,0.0167617,0.012238,CLAS,e-,5.88,p,0.938272088
2643,0.392,-0.213,2.519,82.4,149,deg,d4SigUU,0.0307752,nb GeV^-4,0.0157775,0.0234315,CLAS,e-,5.88,p,0.938272088
2644,0.392,-0.213,2.518,292.6,149,deg,d4SigUU,0.0614514,nb GeV^-4,0.0233816,0.00928743,CLAS,e-,5.88,p,0.938272088
2645,0.392,-0.213,2.517,307.6,149,deg,d4SigUU,0.109071,nb GeV^-4,0.0316779,0.00654119,CLAS,e-,5.88,p,0.938272088
2646,0.392,-0.213,2.516,322.6,149,deg,d4SigUU,0.0479183,nb GeV^-4,0.00842572,0.0100061,CLAS,e-,5.88,p,0.938272088
2647,0.392,-0.213,2.515,337.6,149,deg,d4SigUU,0.0391242,nb GeV^-4,0.00583606,0.00327204,CLAS,e-,5.88,p,0.938272088
2648,0.392,-0.213,2.514,352.5,149,deg,d4SigUU,0.0481362,nb GeV^-4,0.00972175,0.00288181,CLAS,e-,5.88,p,0.938272088
2649,0.398,-0.266,2.548,7.5,150,deg,d4SigUU,0.0623799,nb GeV^-4,0.00732366,0.00516047,CLAS,e-,5.88,p,0.938272088
2650,0.398,-0.265,2.55,37.3,150,deg,d4SigUU,0.0188224,nb GeV^-4,0.00223572,0.00248495,CLAS,e-,5.88,p,0.938272088
2651,0.399,-0.264,2.552,52.3,150,deg,d4SigUU,0.0317148,nb GeV^-4,0.00360778,0.0032796,CLAS,e-,5.88,p,0.938272088
2652,0.399,-0.264,2.554,67.3,150,deg,d4SigUU,0.028729,nb GeV^-4,0.00393038,0.00203019,CLAS,e-,5.88,p,0.938272088
2653,0.399,-0.263,2.556,82.3,150,deg,d4SigUU,0.0160092,nb GeV^-4,0.00300233,0.00217145,CLAS,e-,5.88,p,0.938272088
2654,0.399,-0.263,2.559,97.3,150,deg,d4SigUU,0.0304759,nb GeV^-4,0.0164191,0.00177704,CLAS,e-,5.88,p,0.938272088
2655,0.399,-0.263,2.559,262.7,150,deg,d4SigUU,0.00890165,nb GeV^-4,0.00346358,0.000998144,CLAS,e-,5.88,p,0.938272088
2656,0.399,-0.263,2.556,277.7,150,deg,d4SigUU,0.0226011,nb GeV^-4,0.00564443,0.0107213,CLAS,e-,5.88,p,0.938272088
2657,0.399,-0.264,2.554,292.7,150,deg,d4SigUU,0.0280679,nb GeV^-4,0.00502798,0.00198059,CLAS,e-,5.88,p,0.938272088
2658,0.399,-0.264,2.552,307.7,150,deg,d4SigUU,0.0250837,nb GeV^-4,0.00337464,0.00224261,CLAS,e-,5.88,p,0.938272088
2659,0.398,-0.265,2.55,322.7,150,deg,d4SigUU,0.0368843,nb GeV^-4,0.00366979,0.00313687,CLAS,e-,5.88,p,0.938272088
2660,0.398,-0.265,2.549,337.6,150,deg,d4SigUU,0.049327,nb GeV^-4,0.00456826,0.00309083,CLAS,e-,5.88,p,0.938272088
2661,0.398,-0.266,2.548,352.5,150,deg,d4SigUU,0.039102,nb GeV^-4,0.00337046,0.00267914,CLAS,e-,5.88,p,0.938272088
2662,0.398,-0.345,2.549,7.4,151,deg,d4SigUU,0.0509549,nb GeV^-4,0.00379351,0.0030669,CLAS,e-,5.88,p,0.938272088
2663,0.398,-0.344,2.55,22.3,151,deg,d4SigUU,0.0438153,nb GeV^-4,0.00394863,0.00308241,CLAS,e-,5.88,p,0.938272088
2664,0.399,-0.344,2.552,37.2,151,deg,d4SigUU,0.0450622,nb GeV^-4,0.0043856,0.00276186,CLAS,e-,5.88,p,0.938272088
2665,0.399,-0.343,2.554,52.2,151,deg,d4SigUU,0.0276,nb GeV^-4,0.00257739,0.00251482,CLAS,e-,5.88,p,0.938272088
2666,0.399,-0.342,2.556,67.2,151,deg,d4SigUU,0.0223789,nb GeV^-4,0.00298521,0.00265473,CLAS,e-,5.88,p,0.938272088
2667,0.399,-0.342,2.558,82.2,151,deg,d4SigUU,0.0143157,nb GeV^-4,0.0042953,0.00132857,CLAS,e-,5.88,p,0.938272088
2668,0.399,-0.341,2.56,97.2,151,deg,d4SigUU,0.00994982,nb GeV^-4,0.00449636,0.000580169,CLAS,e-,5.88,p,0.938272088
2669,0.399,-0.341,2.56,262.8,151,deg,d4SigUU,0.00945481,nb GeV^-4,0.00601756,0.00267679,CLAS,e-,5.88,p,0.938272088
2670,0.399,-0.342,2.558,277.8,151,deg,d4SigUU,0.0158883,nb GeV^-4,0.00485473,0.00248625,CLAS,e-,5.88,p,0.938272088
2671,0.399,-0.342,2.556,292.8,151,deg,d4SigUU,0.0224492,nb GeV^-4,0.00406172,0.00274033,CLAS,e-,5.88,p,0.938272088
2672,0.399,-0.343,2.554,307.8,151,deg,d4SigUU,0.0348692,nb GeV^-4,0.00396217,0.00393741,CLAS,e-,5.88,p,0.938272088
2673,0.398,-0.344,2.55,337.7,151,deg,d4SigUU,0.0406899,nb GeV^-4,0.00264109,0.00255837,CLAS,e-,5.88,p,0.938272088
2674,0.398,-0.345,2.549,352.6,151,deg,d4SigUU,0.0487007,nb GeV^-4,0.0031166,0.00313732,CLAS,e-,5.88,p,0.938272088
2675,0.398,-0.455,2.549,7.4,152,deg,d4SigUU,0.0499663,nb GeV^-4,0.00314916,0.00298589,CLAS,e-,5.88,p,0.938272088
2676,0.398,-0.454,2.55,22.2,152,deg,d4SigUU,0.0471059,nb GeV^-4,0.00337316,0.00548253,CLAS,e-,5.88,p,0.938272088
2677,0.399,-0.452,2.551,37.1,152,deg,d4SigUU,0.0290117,nb GeV^-4,0.00247982,0.00180011,CLAS,e-,5.88,p,0.938272088
2678,0.399,-0.451,2.554,52,152,deg,d4SigUU,0.023447,nb GeV^-4,0.00216422,0.00195219,CLAS,e-,5.88,p,0.938272088
2679,0.399,-0.45,2.556,67.1,152,deg,d4SigUU,0.0149415,nb GeV^-4,0.00195552,0.00533888,CLAS,e-,5.88,p,0.938272088
2680,0.399,-0.449,2.558,82.1,152,deg,d4SigUU,0.0518355,nb GeV^-4,0.0276731,0.0030225,CLAS,e-,5.88,p,0.938272088
2681,0.4,-0.448,2.562,112.2,152,deg,d4SigUU,0.0120295,nb GeV^-4,0.00758889,0.000701435,CLAS,e-,5.88,p,0.938272088
2682,0.399,-0.449,2.558,277.9,152,deg,d4SigUU,0.0675307,nb GeV^-4,0.0355236,0.00402138,CLAS,e-,5.88,p,0.938272088
2683,0.399,-0.45,2.556,292.9,152,deg,d4SigUU,0.032983,nb GeV^-4,0.00587249,0.00594984,CLAS,e-,5.88,p,0.938272088
2684,0.399,-0.451,2.554,308,152,deg,d4SigUU,0.0195712,nb GeV^-4,0.00209506,0.0021592,CLAS,e-,5.88,p,0.938272088
2685,0.399,-0.452,2.551,322.9,152,deg,d4SigUU,0.035855,nb GeV^-4,0.00254594,0.00212068,CLAS,e-,5.88,p,0.938272088
2686,0.398,-0.454,2.55,337.8,152,deg,d4SigUU,0.0389748,nb GeV^-4,0.00217633,0.00233689,CLAS,e-,5.88,p,0.938272088
2687,0.398,-0.455,2.549,352.6,152,deg,d4SigUU,0.0511578,nb GeV^-4,0.0029253,0.00309516,CLAS,e-,5.88,p,0.938272088
2688,0.398,-0.621,2.547,7.2,153,deg,d4SigUU,0.0509841,nb GeV^-4,0.00221459,0.00318607,CLAS,e-,5.88,p,0.938272088
2689,0.398,-0.618,2.548,21.9,153,deg,d4SigUU,0.0348491,nb GeV^-4,0.00217471,0.00241676,CLAS,e-,5.88,p,0.938272088
2690,0.399,-0.614,2.55,36.9,153,deg,d4SigUU,0.0174584,nb GeV^-4,0.00137027,0.0011184,CLAS,e-,5.88,p,0.938272088
2691,0.399,-0.611,2.553,51.9,153,deg,d4SigUU,0.0172164,nb GeV^-4,0.00153487,0.00126028,CLAS,e-,5.88,p,0.938272088
2692,0.399,-0.609,2.555,67,153,deg,d4SigUU,0.00875862,nb GeV^-4,0.00117994,0.000851397,CLAS,e-,5.88,p,0.938272088
2693,0.4,-0.606,2.562,112.2,153,deg,d4SigUU,0.0136766,nb GeV^-4,0.0109658,1814.95,CLAS,e-,5.88,p,0.938272088
2694,0.4,-0.606,2.563,127.3,153,deg,d4SigUU,0.00749726,nb GeV^-4,0.00211971,0.000633043,CLAS,e-,5.88,p,0.938272088
2695,0.4,-0.606,2.562,247.8,153,deg,d4SigUU,0.0233311,nb GeV^-4,0.0174582,0.00136043,CLAS,e-,5.88,p,0.938272088
2696,0.399,-0.609,2.555,293,153,deg,d4SigUU,0.0101457,nb GeV^-4,0.00184703,0.00266357,CLAS,e-,5.88,p,0.938272088
2697,0.399,-0.611,2.553,308.1,153,deg,d4SigUU,0.0185196,nb GeV^-4,0.00187883,0.00132453,CLAS,e-,5.88,p,0.938272088
2698,0.399,-0.614,2.55,323.1,153,deg,d4SigUU,0.0230299,nb GeV^-4,0.00154446,0.00137572,CLAS,e-,5.88,p,0.938272088
2699,0.398,-0.618,2.548,338.1,153,deg,d4SigUU,0.0326787,nb GeV^-4,0.00153403,0.00211621,CLAS,e-,5.88,p,0.938272088
2700,0.398,-0.621,2.547,352.8,153,deg,d4SigUU,0.0472593,nb GeV^-4,0.00188885,0.00309888,CLAS,e-,5.88,p,0.938272088
2701,0.4,-0.873,2.511,7.9,154,deg,d4SigUU,0.0485215,nb GeV^-4,0.0022966,0.00293314,CLAS,e-,5.88,p,0.938272088
2702,0.399,-0.903,2.542,21.4,154,deg,d4SigUU,0.0262208,nb GeV^-4,0.00138946,0.00226233,CLAS,e-,5.88,p,0.938272088
2703,0.399,-0.888,2.547,36.5,154,deg,d4SigUU,0.0166755,nb GeV^-4,0.00137211,0.00110492,CLAS,e-,5.88,p,0.938272088
2704,0.399,-0.88,2.551,51.7,154,deg,d4SigUU,0.00843501,nb GeV^-4,0.000800941,0.000576925,CLAS,e-,5.88,p,0.938272088
2705,0.399,-0.876,2.554,66.8,154,deg,d4SigUU,0.00392856,nb GeV^-4,0.000881403,0.00159652,CLAS,e-,5.88,p,0.938272088
2706,0.4,-0.869,2.56,112.1,154,deg,d4SigUU,0.0107375,nb GeV^-4,0.00920724,0.00217224,CLAS,e-,5.88,p,0.938272088
2707,0.4,-0.87,2.563,127.3,154,deg,d4SigUU,0.0123643,nb GeV^-4,0.00544037,0.0030013,CLAS,e-,5.88,p,0.938272088
2708,0.4,-0.869,2.565,142.4,154,deg,d4SigUU,0.0085347,nb GeV^-4,0.00716288,0.000503282,CLAS,e-,5.88,p,0.938272088
2709,0.4,-0.869,2.566,202.6,154,deg,d4SigUU,0.00283409,nb GeV^-4,0.00215156,0.00161848,CLAS,e-,5.88,p,0.938272088
2710,0.4,-0.869,2.565,217.6,154,deg,d4SigUU,0.0105226,nb GeV^-4,0.0044101,0.00351616,CLAS,e-,5.88,p,0.938272088
2711,0.4,-0.87,2.563,232.7,154,deg,d4SigUU,0.0177307,nb GeV^-4,0.00907951,0.00179021,CLAS,e-,5.88,p,0.938272088
2712,0.399,-0.876,2.554,293.2,154,deg,d4SigUU,0.00482744,nb GeV^-4,0.00116855,0.000489335,CLAS,e-,5.88,p,0.938272088
2713,0.399,-0.88,2.551,308.3,154,deg,d4SigUU,0.00797684,nb GeV^-4,0.000993945,0.00122565,CLAS,e-,5.88,p,0.938272088
2714,0.399,-0.888,2.547,323.5,154,deg,d4SigUU,0.0143322,nb GeV^-4,0.00109732,0.00111632,CLAS,e-,5.88,p,0.938272088
2715,0.399,-0.903,2.542,338.6,154,deg,d4SigUU,0.0276152,nb GeV^-4,0.00117445,0.00266326,CLAS,e-,5.88,p,0.938272088
2716,0.4,-0.873,2.511,352.1,154,deg,d4SigUU,0.0538866,nb GeV^-4,0.00244704,0.00341881,CLAS,e-,5.88,p,0.938272088
2717,0.4,-1.433,2.528,20.9,155,deg,d4SigUU,0.01353,nb GeV^-4,0.000879908,0.000804786,CLAS,e-,5.88,p,0.938272088
2718,0.4,-1.425,2.541,36.2,155,deg,d4SigUU,0.00554432,nb GeV^-4,0.000606648,0.000594729,CLAS,e-,5.88,p,0.938272088
2719,0.4,-1.416,2.548,51.5,155,deg,d4SigUU,0.00244086,nb GeV^-4,0.000459645,0.000588233,CLAS,e-,5.88,p,0.938272088
2720,0.399,-1.408,2.551,66.7,155,deg,d4SigUU,0.00274725,nb GeV^-4,0.00239876,0.000160191,CLAS,e-,5.88,p,0.938272088
2721,0.402,-1.392,2.569,142.1,155,deg,d4SigUU,0.00489,nb GeV^-4,0.0033912,0.000285134,CLAS,e-,5.88,p,0.938272088
2722,0.402,-1.392,2.569,217.9,155,deg,d4SigUU,0.00124812,nb GeV^-4,0.000530015,0.00126883,CLAS,e-,5.88,p,0.938272088
2723,0.402,-1.402,2.567,247.5,155,deg,d4SigUU,0.00162557,nb GeV^-4,0.000871554,0.000403727,CLAS,e-,5.88,p,0.938272088
2724,0.399,-1.408,2.551,293.3,155,deg,d4SigUU,0.00365665,nb GeV^-4,0.00293123,0.000241273,CLAS,e-,5.88,p,0.938272088
2725,0.4,-1.416,2.548,308.5,155,deg,d4SigUU,0.00182966,nb GeV^-4,0.000504098,0.000527191,CLAS,e-,5.88,p,0.938272088
2726,0.4,-1.425,2.541,323.8,155,deg,d4SigUU,0.00601526,nb GeV^-4,0.000554297,0.000606901,CLAS,e-,5.88,p,0.938272088
2727,0.4,-1.433,2.528,339.1,155,deg,d4SigUU,0.0119044,nb GeV^-4,0.000588063,0.00149646,CLAS,e-,5.88,p,0.938272088
2728,0.39,-0.215,3.203,22.4,156,deg,d4SigUU,0.0910879,nb GeV^-4,0.0215216,0.026927,CLAS,e-,5.88,p,0.938272088
2729,0.391,-0.215,3.204,37.4,156,deg,d4SigUU,0.0660367,nb GeV^-4,0.0126901,0.00425448,CLAS,e-,5.88,p,0.938272088
2730,0.391,-0.215,3.204,52.4,156,deg,d4SigUU,0.0653359,nb GeV^-4,0.0142222,0.00401202,CLAS,e-,5.88,p,0.938272088
2731,0.391,-0.215,3.205,67.4,156,deg,d4SigUU,0.0386428,nb GeV^-4,0.0116529,0.00881402,CLAS,e-,5.88,p,0.938272088
2732,0.391,-0.215,3.205,292.6,156,deg,d4SigUU,0.0198881,nb GeV^-4,0.0107444,0.00204401,CLAS,e-,5.88,p,0.938272088
2733,0.391,-0.215,3.204,307.6,156,deg,d4SigUU,0.0478572,nb GeV^-4,0.00945036,0.00387997,CLAS,e-,5.88,p,0.938272088
2734,0.39,-0.215,3.203,337.6,156,deg,d4SigUU,0.0833194,nb GeV^-4,0.0121745,0.00497239,CLAS,e-,5.88,p,0.938272088
2735,0.39,-0.215,3.203,352.5,156,deg,d4SigUU,0.0778534,nb GeV^-4,0.0129495,0.00459699,CLAS,e-,5.88,p,0.938272088
2736,0.398,-0.266,3.263,7.5,157,deg,d4SigUU,0.0590832,nb GeV^-4,0.00417054,0.00393514,CLAS,e-,5.88,p,0.938272088
2737,0.398,-0.266,3.263,22.4,157,deg,d4SigUU,0.0527899,nb GeV^-4,0.00428331,0.00361605,CLAS,e-,5.88,p,0.938272088
2738,0.398,-0.265,3.264,37.3,157,deg,d4SigUU,0.0510263,nb GeV^-4,0.0039035,0.0030942,CLAS,e-,5.88,p,0.938272088
2739,0.398,-0.265,3.265,52.3,157,deg,d4SigUU,0.043981,nb GeV^-4,0.00312189,0.00322083,CLAS,e-,5.88,p,0.938272088
2740,0.399,-0.264,3.266,67.3,157,deg,d4SigUU,0.0424732,nb GeV^-4,0.00348932,0.003041,CLAS,e-,5.88,p,0.938272088
2741,0.399,-0.264,3.268,82.3,157,deg,d4SigUU,0.0518148,nb GeV^-4,0.00551742,0.00398889,CLAS,e-,5.88,p,0.938272088
2742,0.399,-0.263,3.271,262.7,157,deg,d4SigUU,0.0230145,nb GeV^-4,0.00303738,0.0682961,CLAS,e-,5.88,p,0.938272088
2743,0.399,-0.264,3.268,277.7,157,deg,d4SigUU,0.0336496,nb GeV^-4,0.00363648,0.00388341,CLAS,e-,5.88,p,0.938272088
2744,0.399,-0.264,3.266,292.7,157,deg,d4SigUU,0.0445007,nb GeV^-4,0.00417633,0.0045944,CLAS,e-,5.88,p,0.938272088
2745,0.398,-0.265,3.265,307.7,157,deg,d4SigUU,0.0514128,nb GeV^-4,0.00416317,0.00309385,CLAS,e-,5.88,p,0.938272088
2746,0.398,-0.265,3.264,322.7,157,deg,d4SigUU,0.0528026,nb GeV^-4,0.00358947,0.00332774,CLAS,e-,5.88,p,0.938272088
2747,0.398,-0.266,3.263,337.6,157,deg,d4SigUU,0.0475229,nb GeV^-4,0.00289282,0.00333789,CLAS,e-,5.88,p,0.938272088
2748,0.398,-0.266,3.263,352.5,157,deg,d4SigUU,0.0498861,nb GeV^-4,0.00324753,0.00304334,CLAS,e-,5.88,p,0.938272088
2749,0.398,-0.345,3.274,7.4,158,deg,d4SigUU,0.0727875,nb GeV^-4,0.00515588,0.00437805,CLAS,e-,5.88,p,0.938272088
2750,0.398,-0.345,3.272,22.3,158,deg,d4SigUU,0.0628778,nb GeV^-4,0.00449174,0.00388637,CLAS,e-,5.88,p,0.938272088
2751,0.399,-0.344,3.271,37.2,158,deg,d4SigUU,0.0433245,nb GeV^-4,0.00296389,0.00293504,CLAS,e-,5.88,p,0.938272088
2752,0.399,-0.343,3.27,52.2,158,deg,d4SigUU,0.0347922,nb GeV^-4,0.00261804,0.00224427,CLAS,e-,5.88,p,0.938272088
2753,0.399,-0.342,3.27,67.2,158,deg,d4SigUU,0.0288729,nb GeV^-4,0.00203463,0.00210776,CLAS,e-,5.88,p,0.938272088
2754,0.399,-0.342,3.271,82.2,158,deg,d4SigUU,0.0266193,nb GeV^-4,0.00229054,0.00235834,CLAS,e-,5.88,p,0.938272088
2755,0.399,-0.341,3.272,97.2,158,deg,d4SigUU,0.0274026,nb GeV^-4,0.00344358,0.00449951,CLAS,e-,5.88,p,0.938272088
2756,0.4,-0.341,3.273,112.3,158,deg,d4SigUU,0.0153469,nb GeV^-4,0.00200406,0.002337,CLAS,e-,5.88,p,0.938272088
2757,0.4,-0.341,3.275,232.7,158,deg,d4SigUU,0.0244831,nb GeV^-4,0.00624312,0.00145166,CLAS,e-,5.88,p,0.938272088
2758,0.4,-0.341,3.273,247.7,158,deg,d4SigUU,0.0149808,nb GeV^-4,0.00193354,0.00144323,CLAS,e-,5.88,p,0.938272088
2759,0.399,-0.341,3.272,262.8,158,deg,d4SigUU,0.015786,nb GeV^-4,0.00131347,0.00121689,CLAS,e-,5.88,p,0.938272088
2760,0.399,-0.342,3.271,277.8,158,deg,d4SigUU,0.0248964,nb GeV^-4,0.0021145,0.00196336,CLAS,e-,5.88,p,0.938272088
2761,0.399,-0.342,3.27,292.8,158,deg,d4SigUU,0.0218718,nb GeV^-4,0.00182353,0.00418773,CLAS,e-,5.88,p,0.938272088
2762,0.399,-0.343,3.27,307.8,158,deg,d4SigUU,0.0381026,nb GeV^-4,0.00307402,0.00409213,CLAS,e-,5.88,p,0.938272088
2763,0.399,-0.344,3.271,322.8,158,deg,d4SigUU,0.0428979,nb GeV^-4,0.00275604,0.00266967,CLAS,e-,5.88,p,0.938272088
2764,0.398,-0.345,3.272,337.7,158,deg,d4SigUU,0.0668601,nb GeV^-4,0.00381574,0.0040114,CLAS,e-,5.88,p,0.938272088
2765,0.398,-0.345,3.274,352.6,158,deg,d4SigUU,0.0642924,nb GeV^-4,0.00400747,0.00388285,CLAS,e-,5.88,p,0.938272088
2766,0.399,-0.452,3.253,7.5,159,deg,d4SigUU,0.0633841,nb GeV^-4,0.0030984,0.00399819,CLAS,e-,5.88,p,0.938272088
2767,0.399,-0.453,3.273,22.2,159,deg,d4SigUU,0.053979,nb GeV^-4,0.00290499,0.0032307,CLAS,e-,5.88,p,0.938272088
2768,0.399,-0.452,3.272,37,159,deg,d4SigUU,0.0418108,nb GeV^-4,0.00255668,0.00260749,CLAS,e-,5.88,p,0.938272088
2769,0.399,-0.45,3.269,52,159,deg,d4SigUU,0.0301924,nb GeV^-4,0.00198056,0.00209664,CLAS,e-,5.88,p,0.938272088
2770,0.399,-0.449,3.269,67.1,159,deg,d4SigUU,0.0201805,nb GeV^-4,0.00172461,0.00147308,CLAS,e-,5.88,p,0.938272088
2771,0.399,-0.449,3.269,82.1,159,deg,d4SigUU,0.0154301,nb GeV^-4,0.00171836,0.00155531,CLAS,e-,5.88,p,0.938272088
2772,0.4,-0.448,3.27,97.2,159,deg,d4SigUU,0.010964,nb GeV^-4,0.00138045,0.000846108,CLAS,e-,5.88,p,0.938272088
2773,0.4,-0.448,3.272,112.2,159,deg,d4SigUU,0.0107741,nb GeV^-4,0.0014165,0.000788847,CLAS,e-,5.88,p,0.938272088
2774,0.4,-0.448,3.273,127.3,159,deg,d4SigUU,0.00533856,nb GeV^-4,0.000784452,0.00064482,CLAS,e-,5.88,p,0.938272088
2775,0.4,-0.447,3.274,142.4,159,deg,d4SigUU,0.0126118,nb GeV^-4,0.00449821,0.000753126,CLAS,e-,5.88,p,0.938272088
2776,0.4,-0.447,3.275,157.4,159,deg,d4SigUU,0.00988833,nb GeV^-4,0.0047461,0.000691378,CLAS,e-,5.88,p,0.938272088
2777,0.4,-0.447,3.276,172.5,159,deg,d4SigUU,0.00100069,nb GeV^-4,0.000785499,0.000856342,CLAS,e-,5.88,p,0.938272088
2778,0.4,-0.447,3.276,187.5,159,deg,d4SigUU,0.00995197,nb GeV^-4,0.00479727,0.00225325,CLAS,e-,5.88,p,0.938272088
2779,0.4,-0.447,3.275,202.6,159,deg,d4SigUU,0.00860266,nb GeV^-4,0.00425639,0.000526128,CLAS,e-,5.88,p,0.938272088
2780,0.4,-0.447,3.274,217.6,159,deg,d4SigUU,0.00629407,nb GeV^-4,0.00128817,0.00151527,CLAS,e-,5.88,p,0.938272088
2781,0.4,-0.448,3.273,232.7,159,deg,d4SigUU,0.00501703,nb GeV^-4,0.000853896,0.00119548,CLAS,e-,5.88,p,0.938272088
2782,0.4,-0.448,3.272,247.8,159,deg,d4SigUU,0.00753464,nb GeV^-4,0.00125126,0.000675858,CLAS,e-,5.88,p,0.938272088
2783,0.4,-0.448,3.27,262.8,159,deg,d4SigUU,0.00976198,nb GeV^-4,0.00096337,0.00090419,CLAS,e-,5.88,p,0.938272088
2784,0.399,-0.449,3.269,277.9,159,deg,d4SigUU,0.0148322,nb GeV^-4,0.00146438,0.00108011,CLAS,e-,5.88,p,0.938272088
2785,0.399,-0.449,3.269,292.9,159,deg,d4SigUU,0.0182047,nb GeV^-4,0.00181171,0.00194582,CLAS,e-,5.88,p,0.938272088
2786,0.399,-0.45,3.269,308,159,deg,d4SigUU,0.0341985,nb GeV^-4,0.00290121,0.00220291,CLAS,e-,5.88,p,0.938272088
2787,0.399,-0.452,3.272,323,159,deg,d4SigUU,0.0379277,nb GeV^-4,0.00205825,0.0025997,CLAS,e-,5.88,p,0.938272088
2788,0.399,-0.453,3.273,337.8,159,deg,d4SigUU,0.0553387,nb GeV^-4,0.00233516,0.00358548,CLAS,e-,5.88,p,0.938272088
2789,0.399,-0.452,3.253,352.5,159,deg,d4SigUU,0.0674242,nb GeV^-4,0.00283518,0.00416041,CLAS,e-,5.88,p,0.938272088
2790,0.4,-0.606,3.131,7.6,160,deg,d4SigUU,0.0630531,nb GeV^-4,0.00347954,0.00391293,CLAS,e-,5.88,p,0.938272088
2791,0.4,-0.611,3.226,22.4,160,deg,d4SigUU,0.0570217,nb GeV^-4,0.00326035,0.00343227,CLAS,e-,5.88,p,0.938272088
2792,0.399,-0.612,3.27,36.8,160,deg,d4SigUU,0.0308169,nb GeV^-4,0.00176417,0.00189897,CLAS,e-,5.88,p,0.938272088
2793,0.399,-0.61,3.266,51.9,160,deg,d4SigUU,0.0181178,nb GeV^-4,0.00122141,0.00121779,CLAS,e-,5.88,p,0.938272088
2794,0.399,-0.608,3.266,67,160,deg,d4SigUU,0.0146786,nb GeV^-4,0.00127913,0.00104242,CLAS,e-,5.88,p,0.938272088
2795,0.4,-0.607,3.267,82.1,160,deg,d4SigUU,0.00826663,nb GeV^-4,0.00107761,0.000841775,CLAS,e-,5.88,p,0.938272088
2796,0.4,-0.606,3.268,97.1,160,deg,d4SigUU,0.00642578,nb GeV^-4,0.000983013,0.000792574,CLAS,e-,5.88,p,0.938272088
2797,0.4,-0.606,3.27,112.2,160,deg,d4SigUU,0.0070277,nb GeV^-4,0.0013021,0.000614149,CLAS,e-,5.88,p,0.938272088
2798,0.4,-0.605,3.272,127.3,160,deg,d4SigUU,0.00174166,nb GeV^-4,0.000504042,0.000388975,CLAS,e-,5.88,p,0.938272088
2799,0.4,-0.605,3.273,142.3,160,deg,d4SigUU,0.0021969,nb GeV^-4,0.000880958,0.000348135,CLAS,e-,5.88,p,0.938272088
2800,0.4,-0.605,3.274,157.4,160,deg,d4SigUU,0.00243309,nb GeV^-4,0.00100767,0.000730937,CLAS,e-,5.88,p,0.938272088
2801,0.4,-0.605,3.275,187.5,160,deg,d4SigUU,0.00313563,nb GeV^-4,0.00132613,0.000279828,CLAS,e-,5.88,p,0.938272088
2802,0.4,-0.605,3.273,217.7,160,deg,d4SigUU,0.010873,nb GeV^-4,0.00481387,0.000786304,CLAS,e-,5.88,p,0.938272088
2803,0.4,-0.605,3.272,232.7,160,deg,d4SigUU,0.00274156,nb GeV^-4,0.000782228,0.000639419,CLAS,e-,5.88,p,0.938272088
2804,0.4,-0.606,3.27,247.8,160,deg,d4SigUU,0.00597863,nb GeV^-4,0.00117071,0.000381542,CLAS,e-,5.88,p,0.938272088
2805,0.4,-0.606,3.268,262.9,160,deg,d4SigUU,0.00580045,nb GeV^-4,0.000833379,0.000709908,CLAS,e-,5.88,p,0.938272088
2806,0.4,-0.607,3.267,277.9,160,deg,d4SigUU,0.00909029,nb GeV^-4,0.0012827,0.000908329,CLAS,e-,5.88,p,0.938272088
2807,0.399,-0.608,3.266,293,160,deg,d4SigUU,0.0124233,nb GeV^-4,0.00137097,0.000845355,CLAS,e-,5.88,p,0.938272088
2808,0.399,-0.61,3.266,308.1,160,deg,d4SigUU,0.0168633,nb GeV^-4,0.0013305,0.00138943,CLAS,e-,5.88,p,0.938272088
2809,0.399,-0.612,3.27,323.2,160,deg,d4SigUU,0.0294258,nb GeV^-4,0.001552,0.00207208,CLAS,e-,5.88,p,0.938272088
2810,0.4,-0.611,3.226,337.6,160,deg,d4SigUU,0.053613,nb GeV^-4,0.00237872,0.00342673,CLAS,e-,5.88,p,0.938272088
2811,0.4,-0.606,3.131,352.4,160,deg,d4SigUU,0.0763685,nb GeV^-4,0.00391052,0.00667906,CLAS,e-,5.88,p,0.938272088
2812,0.4,-0.879,3.145,23.2,161,deg,d4SigUU,0.0489963,nb GeV^-4,0.00352263,0.0029996,CLAS,e-,5.88,p,0.938272088
2813,0.399,-0.881,3.258,36.5,161,deg,d4SigUU,0.0166373,nb GeV^-4,0.00104463,0.00108821,CLAS,e-,5.88,p,0.938272088
2814,0.4,-0.876,3.257,51.7,161,deg,d4SigUU,0.00828647,nb GeV^-4,0.000606038,0.000501535,CLAS,e-,5.88,p,0.938272088
2815,0.399,-0.873,3.259,66.9,161,deg,d4SigUU,0.00484532,nb GeV^-4,0.000529839,0.0003533,CLAS,e-,5.88,p,0.938272088
2816,0.4,-0.872,3.263,82,161,deg,d4SigUU,0.00448735,nb GeV^-4,0.000843079,0.000466625,CLAS,e-,5.88,p,0.938272088
2817,0.4,-0.87,3.265,97.1,161,deg,d4SigUU,0.00237751,nb GeV^-4,0.000537856,0.000173099,CLAS,e-,5.88,p,0.938272088
2818,0.4,-0.868,3.27,127.2,161,deg,d4SigUU,0.00372882,nb GeV^-4,0.00179623,0.000734148,CLAS,e-,5.88,p,0.938272088
2819,0.399,-0.869,3.272,142.3,161,deg,d4SigUU,0.00226571,nb GeV^-4,0.00150223,0.000132113,CLAS,e-,5.88,p,0.938272088
2820,0.401,-0.869,3.274,157.5,161,deg,d4SigUU,0.00367205,nb GeV^-4,0.00285826,0.000214115,CLAS,e-,5.88,p,0.938272088
2821,0.399,-0.869,3.272,217.7,161,deg,d4SigUU,0.00420566,nb GeV^-4,0.00332244,0.000333256,CLAS,e-,5.88,p,0.938272088
2822,0.4,-0.869,3.268,247.8,161,deg,d4SigUU,0.00801359,nb GeV^-4,0.00428945,0.000639626,CLAS,e-,5.88,p,0.938272088
2823,0.4,-0.87,3.265,262.9,161,deg,d4SigUU,0.0053714,nb GeV^-4,0.00128204,0.000677509,CLAS,e-,5.88,p,0.938272088
2824,0.4,-0.872,3.263,278,161,deg,d4SigUU,0.00367026,nb GeV^-4,0.000529255,0.00034717,CLAS,e-,5.88,p,0.938272088
2825,0.399,-0.873,3.259,293.1,161,deg,d4SigUU,0.00541821,nb GeV^-4,0.000733231,0.000545287,CLAS,e-,5.88,p,0.938272088
2826,0.4,-0.876,3.257,308.3,161,deg,d4SigUU,0.00847339,nb GeV^-4,0.000819722,0.000674054,CLAS,e-,5.88,p,0.938272088
2827,0.399,-0.881,3.258,323.5,161,deg,d4SigUU,0.0137237,nb GeV^-4,0.000759588,0.000945526,CLAS,e-,5.88,p,0.938272088
2828,0.4,-0.879,3.145,336.8,161,deg,d4SigUU,0.031879,nb GeV^-4,0.00182361,0.0116062,CLAS,e-,5.88,p,0.938272088
2829,0.4,-1.457,3.183,22.9,162,deg,d4SigUU,0.00909672,nb GeV^-4,0.000805077,0.000683571,CLAS,e-,5.88,p,0.938272088
2830,0.4,-1.401,3.232,36.4,162,deg,d4SigUU,0.00404275,nb GeV^-4,0.00042961,0.000259756,CLAS,e-,5.88,p,0.938272088
2831,0.4,-1.402,3.241,51.6,162,deg,d4SigUU,0.0027136,nb GeV^-4,0.000353519,0.00018693,CLAS,e-,5.88,p,0.938272088
2832,0.399,-1.401,3.251,66.8,162,deg,d4SigUU,0.00136075,nb GeV^-4,0.000229552,0.000171318,CLAS,e-,5.88,p,0.938272088
2833,0.4,-1.396,3.254,81.9,162,deg,d4SigUU,0.000755422,nb GeV^-4,0.000233461,0.000279313,CLAS,e-,5.88,p,0.938272088
2834,0.398,-1.391,3.258,157.1,162,deg,d4SigUU,0.00130604,nb GeV^-4,0.000954115,0.000356626,CLAS,e-,5.88,p,0.938272088
2835,0.397,-1.388,3.264,171.9,162,deg,d4SigUU,0.00199973,nb GeV^-4,0.00142656,0.000116603,CLAS,e-,5.88,p,0.938272088
2836,0.397,-1.388,3.264,188.1,162,deg,d4SigUU,0.000352272,nb GeV^-4,0.0003396,2.05408E-05,CLAS,e-,5.88,p,0.938272088
2837,0.399,-1.392,3.28,217.4,162,deg,d4SigUU,0.000823768,nb GeV^-4,0.000752289,5.13936E-05,CLAS,e-,5.88,p,0.938272088
2838,0.4,-1.391,3.259,248,162,deg,d4SigUU,0.000661641,nb GeV^-4,0.000314071,0.000114469,CLAS,e-,5.88,p,0.938272088
2839,0.4,-1.396,3.254,278.1,162,deg,d4SigUU,0.000494366,nb GeV^-4,0.000219643,0.000137,CLAS,e-,5.88,p,0.938272088
2840,0.399,-1.401,3.251,293.2,162,deg,d4SigUU,0.00110907,nb GeV^-4,0.000274425,0.000259177,CLAS,e-,5.88,p,0.938272088
2841,0.4,-1.402,3.241,308.4,162,deg,d4SigUU,0.00210839,nb GeV^-4,0.000520527,0.000222231,CLAS,e-,5.88,p,0.938272088
2842,0.4,-1.401,3.232,323.6,162,deg,d4SigUU,0.00371624,nb GeV^-4,0.000331621,0.000266262,CLAS,e-,5.88,p,0.938272088
2843,0.4,-1.457,3.183,337.1,162,deg,d4SigUU,0.00707405,nb GeV^-4,0.00049013,0.00134935,CLAS,e-,5.88,p,0.938272088
2844,0.432,-0.276,2.841,7.5,163,deg,d4SigUU,0.0298397,nb GeV^-4,0.00476209,0.00304028,CLAS,e-,5.88,p,0.938272088
2845,0.432,-0.276,2.842,22.4,163,deg,d4SigUU,0.0444254,nb GeV^-4,0.00775494,0.00860305,CLAS,e-,5.88,p,0.938272088
2846,0.432,-0.276,2.844,37.4,163,deg,d4SigUU,0.0209462,nb GeV^-4,0.00409835,0.00398268,CLAS,e-,5.88,p,0.938272088
2847,0.432,-0.276,2.847,52.4,163,deg,d4SigUU,0.0329184,nb GeV^-4,0.00852255,0.0110006,CLAS,e-,5.88,p,0.938272088
2848,0.433,-0.275,2.85,67.4,163,deg,d4SigUU,0.0332996,nb GeV^-4,0.00764908,0.044848,CLAS,e-,5.88,p,0.938272088
2849,0.433,-0.275,2.853,277.6,163,deg,d4SigUU,0.0671624,nb GeV^-4,0.0489796,0.00993249,CLAS,e-,5.88,p,0.938272088
2850,0.433,-0.275,2.85,292.6,163,deg,d4SigUU,0.07397,nb GeV^-4,0.0367542,0.00479269,CLAS,e-,5.88,p,0.938272088
2851,0.432,-0.276,2.847,307.6,163,deg,d4SigUU,0.0172571,nb GeV^-4,0.00282584,0.0021218,CLAS,e-,5.88,p,0.938272088
2852,0.432,-0.276,2.844,322.6,163,deg,d4SigUU,0.0230516,nb GeV^-4,0.0033053,1416.88,CLAS,e-,5.88,p,0.938272088
2853,0.432,-0.276,2.842,337.6,163,deg,d4SigUU,0.0418006,nb GeV^-4,0.00549849,0.0024509,CLAS,e-,5.88,p,0.938272088
2854,0.445,-0.347,2.969,22.4,164,deg,d4SigUU,0.0236601,nb GeV^-4,0.00198722,0.00231924,CLAS,e-,5.88,p,0.938272088
2855,0.447,-0.346,2.982,52.3,164,deg,d4SigUU,0.0168191,nb GeV^-4,0.00148846,0.00106176,CLAS,e-,5.88,p,0.938272088
2856,0.447,-0.345,2.99,67.3,164,deg,d4SigUU,0.0224901,nb GeV^-4,0.00241654,0.0014108,CLAS,e-,5.88,p,0.938272088
2857,0.448,-0.345,2.999,82.3,164,deg,d4SigUU,0.0143014,nb GeV^-4,0.00201525,0.00249392,CLAS,e-,5.88,p,0.938272088
2858,0.449,-0.344,3.007,97.3,164,deg,d4SigUU,0.00637014,nb GeV^-4,0.002307,0.00037144,CLAS,e-,5.88,p,0.938272088
2859,0.447,-0.345,2.99,292.7,164,deg,d4SigUU,0.0156026,nb GeV^-4,0.0021946,0.00155408,CLAS,e-,5.88,p,0.938272088
2860,0.447,-0.346,2.982,307.7,164,deg,d4SigUU,0.014542,nb GeV^-4,0.00130055,0.00102755,CLAS,e-,5.88,p,0.938272088
2861,0.446,-0.346,2.975,322.7,164,deg,d4SigUU,0.0189296,nb GeV^-4,0.00132991,0.00127386,CLAS,e-,5.88,p,0.938272088
2862,0.445,-0.347,2.969,337.6,164,deg,d4SigUU,0.0225555,nb GeV^-4,0.00151077,0.00163173,CLAS,e-,5.88,p,0.938272088
2863,0.445,-0.347,2.966,352.5,164,deg,d4SigUU,0.0239116,nb GeV^-4,0.00167082,0.00153159,CLAS,e-,5.88,p,0.938272088
2864,0.454,-0.455,3.041,7.4,165,deg,d4SigUU,0.0196549,nb GeV^-4,0.000971073,0.00120014,CLAS,e-,5.88,p,0.938272088
2865,0.455,-0.455,3.048,22.3,165,deg,d4SigUU,0.0180081,nb GeV^-4,0.00103404,0.00126169,CLAS,e-,5.88,p,0.938272088
2866,0.456,-0.453,3.061,37.2,165,deg,d4SigUU,0.0161404,nb GeV^-4,0.00114934,0.00105451,CLAS,e-,5.88,p,0.938272088
2867,0.458,-0.452,3.076,52.2,165,deg,d4SigUU,0.0106664,nb GeV^-4,0.000743756,0.000629423,CLAS,e-,5.88,p,0.938272088
2868,0.46,-0.451,3.091,67.2,165,deg,d4SigUU,0.00837984,nb GeV^-4,0.000752559,0.000612551,CLAS,e-,5.88,p,0.938272088
2869,0.461,-0.45,3.106,82.2,165,deg,d4SigUU,0.00875463,nb GeV^-4,0.00109245,0.000682382,CLAS,e-,5.88,p,0.938272088
2870,0.463,-0.45,3.12,97.3,165,deg,d4SigUU,0.0107027,nb GeV^-4,0.00313935,0.00116328,CLAS,e-,5.88,p,0.938272088
2871,0.463,-0.45,3.12,262.7,165,deg,d4SigUU,0.00725542,nb GeV^-4,0.00206415,0.000640526,CLAS,e-,5.88,p,0.938272088
2872,0.461,-0.45,3.106,277.8,165,deg,d4SigUU,0.00909523,nb GeV^-4,0.00136401,0.00163392,CLAS,e-,5.88,p,0.938272088
2873,0.46,-0.451,3.091,292.8,165,deg,d4SigUU,0.00852904,nb GeV^-4,0.000836168,0.00200741,CLAS,e-,5.88,p,0.938272088
2874,0.458,-0.452,3.076,307.8,165,deg,d4SigUU,0.0127163,nb GeV^-4,0.00103267,0.000818324,CLAS,e-,5.88,p,0.938272088
2875,0.456,-0.453,3.061,322.8,165,deg,d4SigUU,0.0159652,nb GeV^-4,0.000900456,0.00116034,CLAS,e-,5.88,p,0.938272088
2876,0.455,-0.455,3.048,337.7,165,deg,d4SigUU,0.0164204,nb GeV^-4,0.000756092,0.00098583,CLAS,e-,5.88,p,0.938272088
2877,0.454,-0.455,3.041,352.6,165,deg,d4SigUU,0.0201841,nb GeV^-4,0.000869937,0.00122529,CLAS,e-,5.88,p,0.938272088
2878,0.456,-0.62,3.054,7.3,166,deg,d4SigUU,0.0200774,nb GeV^-4,0.000734338,0.00121648,CLAS,e-,5.88,p,0.938272088
2879,0.457,-0.617,3.066,22.1,166,deg,d4SigUU,0.0161741,nb GeV^-4,0.000725247,0.00112984,CLAS,e-,5.88,p,0.938272088
2880,0.459,-0.614,3.084,37.1,166,deg,d4SigUU,0.0137968,nb GeV^-4,0.00079359,0.000924872,CLAS,e-,5.88,p,0.938272088
2881,0.462,-0.612,3.104,52,166,deg,d4SigUU,0.0110129,nb GeV^-4,0.000769791,0.000719406,CLAS,e-,5.88,p,0.938272088
2882,0.464,-0.61,3.122,67.1,166,deg,d4SigUU,0.00606276,nb GeV^-4,0.000518301,0.000600007,CLAS,e-,5.88,p,0.938272088
2883,0.465,-0.608,3.138,82.1,166,deg,d4SigUU,0.00491322,nb GeV^-4,0.000807006,0.00160239,CLAS,e-,5.88,p,0.938272088
2884,0.467,-0.607,3.151,97.2,166,deg,d4SigUU,0.00792298,nb GeV^-4,0.00345199,0.00180406,CLAS,e-,5.88,p,0.938272088
2885,0.468,-0.606,3.162,112.3,166,deg,d4SigUU,0.0156504,nb GeV^-4,0.0114763,0.0014083,CLAS,e-,5.88,p,0.938272088
2886,0.469,-0.605,3.171,127.3,166,deg,d4SigUU,0.00683474,nb GeV^-4,0.00339656,0.000515521,CLAS,e-,5.88,p,0.938272088
2887,0.469,-0.605,3.171,232.7,166,deg,d4SigUU,0.00474252,nb GeV^-4,0.0038772,0.002253,CLAS,e-,5.88,p,0.938272088
2888,0.468,-0.606,3.162,247.7,166,deg,d4SigUU,0.00318926,nb GeV^-4,0.00296015,1626.64,CLAS,e-,5.88,p,0.938272088
2889,0.465,-0.608,3.138,277.9,166,deg,d4SigUU,0.00499798,nb GeV^-4,0.00102774,0.000591518,CLAS,e-,5.88,p,0.938272088
2890,0.464,-0.61,3.122,292.9,166,deg,d4SigUU,0.00527982,nb GeV^-4,0.000652505,0.000519281,CLAS,e-,5.88,p,0.938272088
2891,0.462,-0.612,3.104,308,166,deg,d4SigUU,0.00916809,nb GeV^-4,0.00072103,0.000842271,CLAS,e-,5.88,p,0.938272088
2892,0.459,-0.614,3.084,322.9,166,deg,d4SigUU,0.0129484,nb GeV^-4,0.000653428,0.000785057,CLAS,e-,5.88,p,0.938272088
2893,0.457,-0.617,3.066,337.9,166,deg,d4SigUU,0.0168039,nb GeV^-4,0.000612404,0.00101268,CLAS,e-,5.88,p,0.938272088
2894,0.456,-0.62,3.054,352.7,166,deg,d4SigUU,0.018278,nb GeV^-4,0.000581274,0.00114975,CLAS,e-,5.88,p,0.938272088
2895,0.455,-0.909,3.017,7.3,167,deg,d4SigUU,0.0160037,nb GeV^-4,0.000447356,0.000951135,CLAS,e-,5.88,p,0.938272088
2896,0.457,-0.903,3.058,21.7,167,deg,d4SigUU,0.0124111,nb GeV^-4,0.000464686,0.00102795,CLAS,e-,5.88,p,0.938272088
2897,0.46,-0.891,3.087,36.8,167,deg,d4SigUU,0.00731433,nb GeV^-4,0.000399884,0.000576514,CLAS,e-,5.88,p,0.938272088
2898,0.463,-0.883,3.109,51.8,167,deg,d4SigUU,0.00531845,nb GeV^-4,0.000369895,0.000480771,CLAS,e-,5.88,p,0.938272088
2899,0.465,-0.878,3.127,66.9,167,deg,d4SigUU,0.00372057,nb GeV^-4,0.000432544,0.00232338,CLAS,e-,5.88,p,0.938272088
2900,0.466,-0.875,3.142,82,167,deg,d4SigUU,0.0147158,nb GeV^-4,0.0109517,0.000858069,CLAS,e-,5.88,p,0.938272088
2901,0.468,-0.871,3.161,112.1,167,deg,d4SigUU,0.00387686,nb GeV^-4,0.00169815,0.000668327,CLAS,e-,5.88,p,0.938272088
2902,0.469,-0.869,3.169,127.2,167,deg,d4SigUU,0.00317444,nb GeV^-4,0.00107484,0.00064721,CLAS,e-,5.88,p,0.938272088
2903,0.468,-0.871,3.161,247.9,167,deg,d4SigUU,0.00318057,nb GeV^-4,0.00250843,0.000185458,CLAS,e-,5.88,p,0.938272088
2904,0.466,-0.875,3.142,278,167,deg,d4SigUU,0.00254196,nb GeV^-4,0.000792382,0.000297837,CLAS,e-,5.88,p,0.938272088
2905,0.465,-0.878,3.127,293.1,167,deg,d4SigUU,0.00257202,nb GeV^-4,0.000403166,0.00849224,CLAS,e-,5.88,p,0.938272088
2906,0.463,-0.883,3.109,308.2,167,deg,d4SigUU,0.0037034,nb GeV^-4,0.000343438,0.000335933,CLAS,e-,5.88,p,0.938272088
2907,0.46,-0.891,3.087,323.2,167,deg,d4SigUU,0.00820416,nb GeV^-4,0.000379317,0.000508826,CLAS,e-,5.88,p,0.938272088
2908,0.457,-0.903,3.058,338.3,167,deg,d4SigUU,0.012441,nb GeV^-4,0.000368868,0.000814669,CLAS,e-,5.88,p,0.938272088
2909,0.455,-0.909,3.017,352.7,167,deg,d4SigUU,0.0157955,nb GeV^-4,0.00040801,0.000960474,CLAS,e-,5.88,p,0.938272088
2910,0.46,-1.473,3.051,21.1,168,deg,d4SigUU,0.0063836,nb GeV^-4,0.00027405,0.000379429,CLAS,e-,5.88,p,0.938272088
2911,0.463,-1.443,3.092,36.4,168,deg,d4SigUU,0.00298509,nb GeV^-4,0.000215935,0.000209315,CLAS,e-,5.88,p,0.938272088
2912,0.465,-1.426,3.117,51.6,168,deg,d4SigUU,0.00204752,nb GeV^-4,0.000271635,0.000157609,CLAS,e-,5.88,p,0.938272088
2913,0.465,-1.416,3.134,66.8,168,deg,d4SigUU,0.00122979,nb GeV^-4,0.000355205,0.00022016,CLAS,e-,5.88,p,0.938272088
2914,0.466,-1.406,3.141,81.7,168,deg,d4SigUU,0.00170916,nb GeV^-4,0.000626968,0.000400062,CLAS,e-,5.88,p,0.938272088
2915,0.466,-1.404,3.166,97.4,168,deg,d4SigUU,0.00384249,nb GeV^-4,0.00187491,0.000390244,CLAS,e-,5.88,p,0.938272088
2916,0.467,-1.393,3.159,126.9,168,deg,d4SigUU,0.00242604,nb GeV^-4,0.00127006,0.000141502,CLAS,e-,5.88,p,0.938272088
2917,0.466,-1.404,3.166,262.6,168,deg,d4SigUU,0.000928699,nb GeV^-4,0.000579643,0.000586547,CLAS,e-,5.88,p,0.938272088
2918,0.466,-1.406,3.141,278.3,168,deg,d4SigUU,0.00571593,nb GeV^-4,0.00308912,0.000872019,CLAS,e-,5.88,p,0.938272088
2919,0.465,-1.416,3.134,293.2,168,deg,d4SigUU,0.00136641,nb GeV^-4,0.000492484,0.000100814,CLAS,e-,5.88,p,0.938272088
2920,0.465,-1.426,3.117,308.4,168,deg,d4SigUU,0.0016302,nb GeV^-4,0.000197982,0.000144183,CLAS,e-,5.88,p,0.938272088
2921,0.463,-1.443,3.092,323.6,168,deg,d4SigUU,0.00317072,nb GeV^-4,0.000226203,0.000280907,CLAS,e-,5.88,p,0.938272088
2922,0.46,-1.473,3.051,338.9,168,deg,d4SigUU,0.00616795,nb GeV^-4,0.000201205,0.0008035,CLAS,e-,5.88,p,0.938272088
2923,0.429,-0.278,3.588,7.5,169,deg,d4SigUU,0.0380766,nb GeV^-4,0.00731025,0.00442201,CLAS,e-,5.88,p,0.938272088
2924,0.429,-0.277,3.588,22.4,169,deg,d4SigUU,0.0372829,nb GeV^-4,0.0103228,0.025299,CLAS,e-,5.88,p,0.938272088
2925,0.429,-0.277,3.588,37.4,169,deg,d4SigUU,0.0486391,nb GeV^-4,0.0139424,0.00553197,CLAS,e-,5.88,p,0.938272088
2926,0.429,-0.277,3.588,52.4,169,deg,d4SigUU,0.0290534,nb GeV^-4,0.0109871,0.00174854,CLAS,e-,5.88,p,0.938272088
2927,0.429,-0.276,3.589,67.4,169,deg,d4SigUU,0.0171035,nb GeV^-4,0.00988499,0.000997298,CLAS,e-,5.88,p,0.938272088
2928,0.429,-0.276,3.589,292.6,169,deg,d4SigUU,0.0300427,nb GeV^-4,0.022321,0.00405946,CLAS,e-,5.88,p,0.938272088
2929,0.429,-0.277,3.588,307.6,169,deg,d4SigUU,0.0273108,nb GeV^-4,0.0113269,0.00216002,CLAS,e-,5.88,p,0.938272088
2930,0.429,-0.277,3.588,322.6,169,deg,d4SigUU,0.0444187,nb GeV^-4,0.00899741,0.00336211,CLAS,e-,5.88,p,0.938272088
2931,0.429,-0.277,3.588,337.6,169,deg,d4SigUU,0.0639372,nb GeV^-4,0.0131882,0.00449262,CLAS,e-,5.88,p,0.938272088
2932,0.429,-0.278,3.588,352.5,169,deg,d4SigUU,0.031965,nb GeV^-4,0.00653832,0.032362,CLAS,e-,5.88,p,0.938272088
2933,0.446,-0.348,3.703,7.5,170,deg,d4SigUU,0.029315,nb GeV^-4,0.00249027,0.00206973,CLAS,e-,5.88,p,0.938272088
2934,0.446,-0.347,3.705,22.4,170,deg,d4SigUU,0.0229057,nb GeV^-4,0.0020109,0.00165682,CLAS,e-,5.88,p,0.938272088
2935,0.447,-0.347,3.708,37.3,170,deg,d4SigUU,0.0286491,nb GeV^-4,0.0029282,0.00177238,CLAS,e-,5.88,p,0.938272088
2936,0.448,-0.346,3.712,52.3,170,deg,d4SigUU,0.0220402,nb GeV^-4,0.00219282,0.00139864,CLAS,e-,5.88,p,0.938272088
2937,0.448,-0.345,3.717,67.3,170,deg,d4SigUU,0.0150986,nb GeV^-4,0.0014233,0.00140712,CLAS,e-,5.88,p,0.938272088
2938,0.449,-0.345,3.722,82.3,170,deg,d4SigUU,0.0155931,nb GeV^-4,0.00226174,0.00217109,CLAS,e-,5.88,p,0.938272088
2939,0.45,-0.344,3.726,97.3,170,deg,d4SigUU,0.0226388,nb GeV^-4,0.00744294,0.0079949,CLAS,e-,5.88,p,0.938272088
2940,0.45,-0.344,3.726,262.7,170,deg,d4SigUU,0.00968106,nb GeV^-4,0.00226325,0.000976453,CLAS,e-,5.88,p,0.938272088
2941,0.449,-0.345,3.722,277.7,170,deg,d4SigUU,0.0204033,nb GeV^-4,0.0037269,0.00136735,CLAS,e-,5.88,p,0.938272088
2942,0.448,-0.345,3.717,292.7,170,deg,d4SigUU,0.0210144,nb GeV^-4,0.00279371,0.0013606,CLAS,e-,5.88,p,0.938272088
2943,0.448,-0.346,3.712,307.7,170,deg,d4SigUU,0.0214499,nb GeV^-4,0.00228279,0.0020458,CLAS,e-,5.88,p,0.938272088
2944,0.447,-0.347,3.708,322.7,170,deg,d4SigUU,0.0255463,nb GeV^-4,0.00205627,0.0016468,CLAS,e-,5.88,p,0.938272088
2945,0.446,-0.347,3.705,337.6,170,deg,d4SigUU,0.0265034,nb GeV^-4,0.00193186,0.00216515,CLAS,e-,5.88,p,0.938272088
2946,0.446,-0.348,3.703,352.5,170,deg,d4SigUU,0.0303918,nb GeV^-4,0.00236431,0.0020347,CLAS,e-,5.88,p,0.938272088
2947,0.462,-0.457,3.804,7.4,171,deg,d4SigUU,0.0218846,nb GeV^-4,0.00122676,0.00143979,CLAS,e-,5.88,p,0.938272088
2948,0.463,-0.456,3.811,22.3,171,deg,d4SigUU,0.0122884,nb GeV^-4,0.00104437,0.00111669,CLAS,e-,5.88,p,0.938272088
2949,0.466,-0.455,3.824,37.2,171,deg,d4SigUU,0.0162291,nb GeV^-4,0.00117061,0.00113684,CLAS,e-,5.88,p,0.938272088
2950,0.468,-0.454,3.838,52.2,171,deg,d4SigUU,0.0115965,nb GeV^-4,0.00079955,0.000718962,CLAS,e-,5.88,p,0.938272088
2951,0.471,-0.453,3.851,67.2,171,deg,d4SigUU,0.0127861,nb GeV^-4,0.00093399,0.000776181,CLAS,e-,5.88,p,0.938272088
2952,0.473,-0.453,3.864,82.3,171,deg,d4SigUU,0.00904129,nb GeV^-4,0.000827165,0.000852149,CLAS,e-,5.88,p,0.938272088
2953,0.475,-0.452,3.875,97.3,171,deg,d4SigUU,0.0088466,nb GeV^-4,0.001504,0.00211587,CLAS,e-,5.88,p,0.938272088
2954,0.476,-0.452,3.885,112.3,171,deg,d4SigUU,0.00531246,nb GeV^-4,0.00112939,0.000684673,CLAS,e-,5.88,p,0.938272088
2955,0.476,-0.452,3.885,247.7,171,deg,d4SigUU,0.00735847,nb GeV^-4,0.0014541,0.000744121,CLAS,e-,5.88,p,0.938272088
2956,0.475,-0.452,3.875,262.7,171,deg,d4SigUU,0.00742978,nb GeV^-4,0.000889582,0.000518455,CLAS,e-,5.88,p,0.938272088
2957,0.473,-0.453,3.864,277.7,171,deg,d4SigUU,0.00698617,nb GeV^-4,0.00069836,0.000454412,CLAS,e-,5.88,p,0.938272088
2958,0.471,-0.453,3.851,292.8,171,deg,d4SigUU,0.00931486,nb GeV^-4,0.000791241,0.000741957,CLAS,e-,5.88,p,0.938272088
2959,0.468,-0.454,3.838,307.8,171,deg,d4SigUU,0.0135125,nb GeV^-4,0.000968456,0.00107225,CLAS,e-,5.88,p,0.938272088
2960,0.466,-0.455,3.824,322.8,171,deg,d4SigUU,0.0186411,nb GeV^-4,0.00110556,0.00125108,CLAS,e-,5.88,p,0.938272088
2961,0.463,-0.456,3.811,337.7,171,deg,d4SigUU,0.0157529,nb GeV^-4,0.00109011,0.000985842,CLAS,e-,5.88,p,0.938272088
2962,0.462,-0.457,3.804,352.6,171,deg,d4SigUU,0.0256712,nb GeV^-4,0.00127398,0.00153809,CLAS,e-,5.88,p,0.938272088
2963,0.475,-0.617,3.87,7.5,172,deg,d4SigUU,0.0171372,nb GeV^-4,0.000773852,0.00103079,CLAS,e-,5.88,p,0.938272088
2964,0.475,-0.617,3.882,22.2,172,deg,d4SigUU,0.0150383,nb GeV^-4,0.00075154,0.000958301,CLAS,e-,5.88,p,0.938272088
2965,0.479,-0.615,3.907,37.1,172,deg,d4SigUU,0.00826041,nb GeV^-4,0.000447063,0.000512158,CLAS,e-,5.88,p,0.938272088
2966,0.484,-0.613,3.933,52.1,172,deg,d4SigUU,0.00711554,nb GeV^-4,0.000434136,0.000521127,CLAS,e-,5.88,p,0.938272088
2967,0.487,-0.611,3.955,67.1,172,deg,d4SigUU,0.00721004,nb GeV^-4,0.000452899,0.000534368,CLAS,e-,5.88,p,0.938272088
2968,0.491,-0.609,3.974,82.2,172,deg,d4SigUU,0.00562898,nb GeV^-4,0.000453882,0.000345713,CLAS,e-,5.88,p,0.938272088
2969,0.493,-0.608,3.988,97.2,172,deg,d4SigUU,0.00252997,nb GeV^-4,0.000302667,0.0002633,CLAS,e-,5.88,p,0.938272088
2970,0.495,-0.607,4.002,112.3,172,deg,d4SigUU,0.0034788,nb GeV^-4,0.000618552,0.000653302,CLAS,e-,5.88,p,0.938272088
2971,0.495,-0.607,4.002,247.7,172,deg,d4SigUU,0.00334122,nb GeV^-4,0.000564173,0.00039206,CLAS,e-,5.88,p,0.938272088
2972,0.493,-0.608,3.988,262.8,172,deg,d4SigUU,0.00346829,nb GeV^-4,0.000332801,0.000282928,CLAS,e-,5.88,p,0.938272088
2973,0.491,-0.609,3.974,277.8,172,deg,d4SigUU,0.00451968,nb GeV^-4,0.0003623,0.000336034,CLAS,e-,5.88,p,0.938272088
2974,0.487,-0.611,3.955,292.9,172,deg,d4SigUU,0.00588689,nb GeV^-4,0.000447632,0.000500816,CLAS,e-,5.88,p,0.938272088
2975,0.484,-0.613,3.933,307.9,172,deg,d4SigUU,0.00836176,nb GeV^-4,0.000570067,0.000644835,CLAS,e-,5.88,p,0.938272088
2976,0.479,-0.615,3.907,322.9,172,deg,d4SigUU,0.0104055,nb GeV^-4,0.000503896,0.000704689,CLAS,e-,5.88,p,0.938272088
2977,0.475,-0.617,3.882,337.8,172,deg,d4SigUU,0.0138064,nb GeV^-4,0.000567397,0.000852601,CLAS,e-,5.88,p,0.938272088
2978,0.475,-0.617,3.87,352.5,172,deg,d4SigUU,0.0156086,nb GeV^-4,0.000610174,0.000941547,CLAS,e-,5.88,p,0.938272088
2979,0.5,-0.872,3.982,7.7,173,deg,d4SigUU,0.0107544,nb GeV^-4,0.000538942,0.000709958,CLAS,e-,5.88,p,0.938272088
2980,0.484,-0.89,3.916,22.4,173,deg,d4SigUU,0.00914824,nb GeV^-4,0.000456307,0.000854108,CLAS,e-,5.88,p,0.938272088
2981,0.484,-0.888,3.934,36.8,173,deg,d4SigUU,0.00562549,nb GeV^-4,0.000326258,0.000367031,CLAS,e-,5.88,p,0.938272088
2982,0.489,-0.881,3.961,51.9,173,deg,d4SigUU,0.00484716,nb GeV^-4,0.000324344,0.000320634,CLAS,e-,5.88,p,0.938272088
2983,0.492,-0.877,3.98,67,173,deg,d4SigUU,0.00295526,nb GeV^-4,0.000216381,0.000237495,CLAS,e-,5.88,p,0.938272088
2984,0.494,-0.874,3.994,82.1,173,deg,d4SigUU,0.00207128,nb GeV^-4,0.00020886,0.000126394,CLAS,e-,5.88,p,0.938272088
2985,0.495,-0.871,4.003,97.1,173,deg,d4SigUU,0.0015092,nb GeV^-4,0.000295972,0.000149261,CLAS,e-,5.88,p,0.938272088
2986,0.497,-0.869,4.011,112.2,173,deg,d4SigUU,0.000933253,nb GeV^-4,0.000286562,0.000160005,CLAS,e-,5.88,p,0.938272088
2987,0.497,-0.869,4.011,247.8,173,deg,d4SigUU,0.00142185,nb GeV^-4,0.000379614,0.000224587,CLAS,e-,5.88,p,0.938272088
2988,0.495,-0.871,4.003,262.9,173,deg,d4SigUU,0.00118342,nb GeV^-4,0.000162444,0.000133119,CLAS,e-,5.88,p,0.938272088
2989,0.494,-0.874,3.994,277.9,173,deg,d4SigUU,0.00177133,nb GeV^-4,0.000162012,0.000216962,CLAS,e-,5.88,p,0.938272088
2990,0.492,-0.877,3.98,293,173,deg,d4SigUU,0.00386276,nb GeV^-4,0.000337362,0.000336596,CLAS,e-,5.88,p,0.938272088
2991,0.489,-0.881,3.961,308.1,173,deg,d4SigUU,0.00295192,nb GeV^-4,0.000221304,0.000234646,CLAS,e-,5.88,p,0.938272088
2992,0.484,-0.888,3.934,323.2,173,deg,d4SigUU,0.0061077,nb GeV^-4,0.000311386,0.00043308,CLAS,e-,5.88,p,0.938272088
2993,0.484,-0.89,3.916,337.6,173,deg,d4SigUU,0.00846051,nb GeV^-4,0.000336635,0.000526249,CLAS,e-,5.88,p,0.938272088
2994,0.5,-0.872,3.982,352.3,173,deg,d4SigUU,0.010689,nb GeV^-4,0.000491253,0.000933651,CLAS,e-,5.88,p,0.938272088
2995,0.497,-1.462,3.966,22.9,174,deg,d4SigUU,0.00408942,nb GeV^-4,0.000264649,0.000288351,CLAS,e-,5.88,p,0.938272088
2996,0.492,-1.429,3.97,36.5,174,deg,d4SigUU,0.00209831,nb GeV^-4,0.000166035,0.000153233,CLAS,e-,5.88,p,0.938272088
2997,0.494,-1.418,3.983,51.7,174,deg,d4SigUU,0.00160159,nb GeV^-4,0.000140089,0.00010733,CLAS,e-,5.88,p,0.938272088
2998,0.496,-1.412,3.998,66.9,174,deg,d4SigUU,0.000686742,nb GeV^-4,7.80429E-05,6.6481E-05,CLAS,e-,5.88,p,0.938272088
2999,0.498,-1.408,4.006,82.1,174,deg,d4SigUU,0.00114235,nb GeV^-4,0.000198345,8.65177E-05,CLAS,e-,5.88,p,0.938272088
3000,0.498,-1.399,4.009,97.1,174,deg,d4SigUU,0.000262055,nb GeV^-4,8.65991E-05,7.81828E-05,CLAS,e-,5.88,p,0.938272088
3001,0.5,-1.399,4.019,247.6,174,deg,d4SigUU,0.00124618,nb GeV^-4,0.000921643,7.2664E-05,CLAS,e-,5.88,p,0.938272088
3002,0.498,-1.408,4.006,277.9,174,deg,d4SigUU,0.00068254,nb GeV^-4,0.000117014,7.6271E-05,CLAS,e-,5.88,p,0.938272088
3003,0.496,-1.412,3.998,293.1,174,deg,d4SigUU,0.000696519,nb GeV^-4,0.000106606,6.81647E-05,CLAS,e-,5.88,p,0.938272088
3004,0.494,-1.418,3.983,308.3,174,deg,d4SigUU,0.000806408,nb GeV^-4,0.000135993,0.000124551,CLAS,e-,5.88,p,0.938272088
3005,0.492,-1.429,3.97,323.5,174,deg,d4SigUU,0.00173621,nb GeV^-4,0.000164967,0.000281221,CLAS,e-,5.88,p,0.938272088
3006,0.497,-1.462,3.966,337.1,174,deg,d4SigUU,0.00584651,nb GeV^-4,0.000338519,0.000681584,CLAS,e-,5.88,p,0.938272088