Ref_25_01,,,,,,,,,,,,,,,
,xB,t,Q2,phi,bin,deg/rad,obs,value,units,stat+syst_u,col,lepton,E_lepton,hadron,E_hadron
0,0.102814,-0.149945,1.18516,0.0956332,0,deg,ALU,-0.00401505,none,0.0153526,CLAS,e-,10.6,p,0.938272088
1,0.099858,-0.148208,1.18586,0.285004,0,deg,ALU,0.063576,none,0.0164779,CLAS,e-,10.6,p,0.938272088
2,0.0947776,-0.15012,1.18194,0.470248,0,deg,ALU,0.0983536,none,0.0173404,CLAS,e-,10.6,p,0.938272088
3,0.0888319,-0.151467,1.17988,0.657727,0,deg,ALU,0.145918,none,0.0168122,CLAS,e-,10.6,p,0.938272088
4,0.0824138,-0.152116,1.17857,0.846992,0,deg,ALU,0.165289,none,0.0183801,CLAS,e-,10.6,p,0.938272088
5,0.0782282,-0.150373,1.16788,1.02486,0,deg,ALU,0.226742,none,0.0220662,CLAS,e-,10.6,p,0.938272088
6,0.0774572,-0.144887,1.15671,1.2117,0,deg,ALU,0.170445,none,0.0358811,CLAS,e-,10.6,p,0.938272088
7,0.082693,-0.140749,1.1555,1.39714,0,deg,ALU,0.201054,none,0.0512921,CLAS,e-,10.6,p,0.938272088
8,0.104445,-0.150041,1.15122,1.63923,0,deg,ALU,0.196896,none,0.0689447,CLAS,e-,10.6,p,0.938272088
9,0.107031,-0.155099,1.19062,1.85155,0,deg,ALU,0.19516,none,0.0806462,CLAS,e-,10.6,p,0.938272088
10,0.102218,-0.155653,1.1814,2.05259,0,deg,ALU,0.22057,none,0.058886,CLAS,e-,10.6,p,0.938272088
11,0.101209,-0.160727,1.17967,2.23179,0,deg,ALU,0.102624,none,0.0593524,CLAS,e-,10.6,p,0.938272088
12,0.100587,-0.163499,1.15607,2.42405,0,deg,ALU,0.153486,none,0.0460841,CLAS,e-,10.6,p,0.938272088
13,0.0983155,-0.163251,1.15556,2.60851,0,deg,ALU,0.197954,none,0.0476778,CLAS,e-,10.6,p,0.938272088
14,0.0985263,-0.165462,1.16136,2.79357,0,deg,ALU,0.0944589,none,0.0478898,CLAS,e-,10.6,p,0.938272088
15,0.100614,-0.168255,1.16555,2.97903,0,deg,ALU,-0.000287466,none,0.0581132,CLAS,e-,10.6,p,0.938272088
16,0.0976829,-0.16482,1.1525,3.16555,0,deg,ALU,0.051989,none,0.064546,CLAS,e-,10.6,p,0.938272088
17,0.0992419,-0.16385,1.16772,3.36159,0,deg,ALU,-0.093807,none,0.0695206,CLAS,e-,10.6,p,0.938272088
18,0.10016,-0.161178,1.17179,3.5479,0,deg,ALU,-0.00275131,none,0.0675397,CLAS,e-,10.6,p,0.938272088
19,0.104059,-0.162129,1.16174,3.7336,0,deg,ALU,-0.181496,none,0.0858614,CLAS,e-,10.6,p,0.938272088
20,0.10936,-0.162285,1.17603,4.02357,0,deg,ALU,-0.434516,none,0.101771,CLAS,e-,10.6,p,0.938272088
21,0.0814467,-0.154093,1.14054,4.78751,0,deg,ALU,-0.396749,none,0.129083,CLAS,e-,10.6,p,0.938272088
22,0.076309,-0.15134,1.15723,5.00972,0,deg,ALU,-0.138658,none,0.0578388,CLAS,e-,10.6,p,0.938272088
23,0.0768801,-0.151423,1.15929,5.19377,0,deg,ALU,-0.209361,none,0.0319571,CLAS,e-,10.6,p,0.938272088
24,0.0807721,-0.152208,1.1773,5.37697,0,deg,ALU,-0.21347,none,0.0210983,CLAS,e-,10.6,p,0.938272088
25,0.0864401,-0.152337,1.182,5.56123,0,deg,ALU,-0.153312,none,0.0188983,CLAS,e-,10.6,p,0.938272088
26,0.0924334,-0.151478,1.18075,5.7458,0,deg,ALU,-0.0964044,none,0.017923,CLAS,e-,10.6,p,0.938272088
27,0.0980345,-0.15162,1.18546,5.9331,0,deg,ALU,-0.152948,none,0.0189522,CLAS,e-,10.6,p,0.938272088
28,0.10224,-0.149888,1.18639,6.15683,0,deg,ALU,-0.0428874,none,0.0157058,CLAS,e-,10.6,p,0.938272088
29,0.172113,-0.16118,1.17135,0.0968203,1,deg,ALU,0.00788785,none,0.0404457,CLAS,e-,10.6,p,0.938272088
30,0.170861,-0.161934,1.17569,0.280193,1,deg,ALU,0.111085,none,0.0357623,CLAS,e-,10.6,p,0.938272088
31,0.167539,-0.154625,1.20466,0.465177,1,deg,ALU,0.13975,none,0.041485,CLAS,e-,10.6,p,0.938272088
32,0.167812,-0.155138,1.20942,0.654125,1,deg,ALU,0.253767,none,0.0494776,CLAS,e-,10.6,p,0.938272088
33,0.169978,-0.154738,1.20287,0.838284,1,deg,ALU,0.245527,none,0.071006,CLAS,e-,10.6,p,0.938272088
34,0.165568,-0.149449,1.20371,1.07185,1,deg,ALU,0.368885,none,0.0662578,CLAS,e-,10.6,p,0.938272088
35,0.161365,-0.157696,1.22491,1.29118,1,deg,ALU,0.186504,none,0.101813,CLAS,e-,10.6,p,0.938272088
36,0.164171,-0.164611,1.21673,1.5047,1,deg,ALU,0.262475,none,0.0815877,CLAS,e-,10.6,p,0.938272088
37,0.16202,-0.175235,1.21177,1.72761,1,deg,ALU,0.369252,none,0.0845168,CLAS,e-,10.6,p,0.938272088
38,0.164321,-0.180005,1.20596,1.91524,1,deg,ALU,0.278611,none,0.0790118,CLAS,e-,10.6,p,0.938272088
39,0.156333,-0.178415,1.18607,2.13618,1,deg,ALU,0.191706,none,0.0953673,CLAS,e-,10.6,p,0.938272088
40,0.152567,-0.181843,1.21635,2.38449,1,deg,ALU,0.14783,none,0.0808019,CLAS,e-,10.6,p,0.938272088
41,0.148236,-0.181592,1.21138,2.6468,1,deg,ALU,0.379569,none,0.063099,CLAS,e-,10.6,p,0.938272088
42,0.145264,-0.186569,1.20784,2.84779,1,deg,ALU,-0.00486285,none,0.106568,CLAS,e-,10.6,p,0.938272088
43,0.144921,-0.182279,1.21513,3.14948,1,deg,ALU,0.0432002,none,0.0961048,CLAS,e-,10.6,p,0.938272088
44,0.148437,-0.1773,1.19779,3.52713,1,deg,ALU,0.00926254,none,0.0996819,CLAS,e-,10.6,p,0.938272088
45,0.152669,-0.180818,1.2081,3.86751,1,deg,ALU,-0.0338408,none,0.0974044,CLAS,e-,10.6,p,0.938272088
46,0.165069,-0.175805,1.21216,4.29795,1,deg,ALU,-0.111513,none,0.114352,CLAS,e-,10.6,p,0.938272088
47,0.173185,-0.167702,1.19314,4.7805,1,deg,ALU,-0.404022,none,0.129525,CLAS,e-,10.6,p,0.938272088
48,0.178174,-0.139439,1.20471,5.58651,1,deg,ALU,-0.118507,none,0.100433,CLAS,e-,10.6,p,0.938272088
49,0.174145,-0.148333,1.19629,5.88728,1,deg,ALU,-0.0804759,none,0.0734451,CLAS,e-,10.6,p,0.938272088
50,0.173261,-0.1631,1.18728,6.14024,1,deg,ALU,-0.0738377,none,0.0315014,CLAS,e-,10.6,p,0.938272088
51,0.240322,-0.192415,1.21833,0.0904899,2,deg,ALU,0.0628241,none,0.0760889,CLAS,e-,10.6,p,0.938272088
52,0.236936,-0.194124,1.22617,0.279772,2,deg,ALU,0.0492491,none,0.0771939,CLAS,e-,10.6,p,0.938272088
53,0.239022,-0.18361,1.22956,0.465287,2,deg,ALU,0.297452,none,0.0649485,CLAS,e-,10.6,p,0.938272088
54,0.238002,-0.18166,1.21396,0.672923,2,deg,ALU,0.235944,none,0.0843466,CLAS,e-,10.6,p,0.938272088
55,0.236426,-0.184638,1.23477,1.03669,2,deg,ALU,0.285763,none,0.0914843,CLAS,e-,10.6,p,0.938272088
56,0.235332,-0.203708,1.2406,1.5688,2,deg,ALU,0.0130705,none,0.156915,CLAS,e-,10.6,p,0.938272088
57,0.244191,-0.196271,1.2347,4.74785,2,deg,ALU,0.136644,none,0.170144,CLAS,e-,10.6,p,0.938272088
58,0.239975,-0.173361,1.24445,5.45796,2,deg,ALU,-0.106074,none,0.138749,CLAS,e-,10.6,p,0.938272088
59,0.239658,-0.187564,1.24226,5.85242,2,deg,ALU,-0.163488,none,0.119169,CLAS,e-,10.6,p,0.938272088
60,0.238182,-0.189811,1.22726,6.1312,2,deg,ALU,-0.082403,none,0.0707024,CLAS,e-,10.6,p,0.938272088
61,0.118025,-0.264322,1.16234,0.0973684,3,deg,ALU,0.0584737,none,0.0226203,CLAS,e-,10.6,p,0.938272088
62,0.114201,-0.288485,1.17396,0.289872,3,deg,ALU,0.0973894,none,0.0187394,CLAS,e-,10.6,p,0.938272088
63,0.102673,-0.294449,1.18327,0.47593,3,deg,ALU,0.12513,none,0.0155078,CLAS,e-,10.6,p,0.938272088
64,0.0894498,-0.301005,1.17841,0.662802,3,deg,ALU,0.159234,none,0.0140607,CLAS,e-,10.6,p,0.938272088
65,0.0807988,-0.290144,1.17243,0.838689,3,deg,ALU,0.151797,none,0.0160885,CLAS,e-,10.6,p,0.938272088
66,0.077822,-0.27682,1.16058,1.01653,3,deg,ALU,0.243558,none,0.0293341,CLAS,e-,10.6,p,0.938272088
67,0.0794614,-0.266789,1.15752,1.20399,3,deg,ALU,0.0223399,none,0.090008,CLAS,e-,10.6,p,0.938272088
68,0.109139,-0.269775,1.17993,1.66148,3,deg,ALU,-0.00221551,none,0.104319,CLAS,e-,10.6,p,0.938272088
69,0.105193,-0.282053,1.17775,1.98642,3,deg,ALU,0.281879,none,0.0738019,CLAS,e-,10.6,p,0.938272088
70,0.0990637,-0.282608,1.19032,2.17685,3,deg,ALU,0.0733999,none,0.0624361,CLAS,e-,10.6,p,0.938272088
71,0.0991781,-0.287712,1.17825,2.36301,3,deg,ALU,0.0198674,none,0.056601,CLAS,e-,10.6,p,0.938272088
72,0.0977675,-0.286829,1.16553,2.54381,3,deg,ALU,0.0534143,none,0.0465421,CLAS,e-,10.6,p,0.938272088
73,0.0980207,-0.290999,1.16364,2.73853,3,deg,ALU,0.0682335,none,0.0431187,CLAS,e-,10.6,p,0.938272088
74,0.0990926,-0.293541,1.16575,2.91769,3,deg,ALU,-0.0629471,none,0.0442703,CLAS,e-,10.6,p,0.938272088
75,0.0974128,-0.292064,1.16598,3.10788,3,deg,ALU,-0.0157314,none,0.0517939,CLAS,e-,10.6,p,0.938272088
76,0.100705,-0.299482,1.17028,3.29329,3,deg,ALU,-0.141388,none,0.0649158,CLAS,e-,10.6,p,0.938272088
77,0.102638,-0.287217,1.15603,3.48098,3,deg,ALU,-0.0911124,none,0.0758307,CLAS,e-,10.6,p,0.938272088
78,0.105614,-0.29216,1.16443,3.67478,3,deg,ALU,-0.0686843,none,0.0806255,CLAS,e-,10.6,p,0.938272088
79,0.10888,-0.292217,1.15963,3.85568,3,deg,ALU,-0.0931732,none,0.101286,CLAS,e-,10.6,p,0.938272088
80,0.100799,-0.317961,1.18945,4.11518,3,deg,ALU,-0.0423303,none,0.119326,CLAS,e-,10.6,p,0.938272088
81,0.0938232,-0.313982,1.1914,4.37187,3,deg,ALU,0.00519163,none,0.0854588,CLAS,e-,10.6,p,0.938272088
82,0.0987415,-0.318627,1.17674,4.55503,3,deg,ALU,-0.328399,none,0.0790022,CLAS,e-,10.6,p,0.938272088
83,0.102587,-0.306225,1.16942,4.74301,3,deg,ALU,-0.199469,none,0.0719668,CLAS,e-,10.6,p,0.938272088
84,0.0992428,-0.301803,1.15107,4.93324,3,deg,ALU,-0.326399,none,0.0710539,CLAS,e-,10.6,p,0.938272088
85,0.0854947,-0.273451,1.15937,5.13405,3,deg,ALU,-0.187768,none,0.0500894,CLAS,e-,10.6,p,0.938272088
86,0.0812401,-0.27661,1.16632,5.32071,3,deg,ALU,-0.192162,none,0.026398,CLAS,e-,10.6,p,0.938272088
87,0.0835805,-0.291959,1.17431,5.50132,3,deg,ALU,-0.13929,none,0.0178284,CLAS,e-,10.6,p,0.938272088
88,0.0941907,-0.297287,1.1806,5.6843,3,deg,ALU,-0.171694,none,0.0162628,CLAS,e-,10.6,p,0.938272088
89,0.107313,-0.295745,1.18051,5.86955,3,deg,ALU,-0.136432,none,0.0172189,CLAS,e-,10.6,p,0.938272088
90,0.11663,-0.275533,1.16429,6.10438,3,deg,ALU,-0.0298932,none,0.0168785,CLAS,e-,10.6,p,0.938272088
91,0.150329,-0.336353,1.23047,0.0911475,4,deg,ALU,0.066987,none,0.0306045,CLAS,e-,10.6,p,0.938272088
92,0.154073,-0.326971,1.2435,0.259429,4,deg,ALU,0.112146,none,0.0454023,CLAS,e-,10.6,p,0.938272088
93,0.17595,-0.309014,1.23258,0.646306,4,deg,ALU,0.2223,none,0.0765077,CLAS,e-,10.6,p,0.938272088
94,0.163564,-0.323208,1.19053,1.27152,4,deg,ALU,0.0895558,none,0.123115,CLAS,e-,10.6,p,0.938272088
95,0.166943,-0.303842,1.21836,1.7517,4,deg,ALU,0.133169,none,0.117604,CLAS,e-,10.6,p,0.938272088
96,0.160472,-0.305723,1.18751,1.97004,4,deg,ALU,0.229122,none,0.103194,CLAS,e-,10.6,p,0.938272088
97,0.160234,-0.30405,1.19514,2.16303,4,deg,ALU,0.151947,none,0.111326,CLAS,e-,10.6,p,0.938272088
98,0.158525,-0.307527,1.21379,2.36362,4,deg,ALU,0.0154519,none,0.112687,CLAS,e-,10.6,p,0.938272088
99,0.153711,-0.310683,1.21661,2.55042,4,deg,ALU,0.023972,none,0.0854336,CLAS,e-,10.6,p,0.938272088
100,0.153274,-0.311731,1.22663,2.73375,4,deg,ALU,0.173589,none,0.084495,CLAS,e-,10.6,p,0.938272088
101,0.151686,-0.315304,1.20748,2.91244,4,deg,ALU,-0.180139,none,0.100208,CLAS,e-,10.6,p,0.938272088
102,0.153405,-0.322646,1.20037,3.10497,4,deg,ALU,0.0458699,none,0.0841583,CLAS,e-,10.6,p,0.938272088
103,0.153378,-0.309154,1.20439,3.29864,4,deg,ALU,-0.0561159,none,0.107109,CLAS,e-,10.6,p,0.938272088
104,0.154762,-0.320523,1.18909,3.4922,4,deg,ALU,-0.0842423,none,0.0887338,CLAS,e-,10.6,p,0.938272088
105,0.155232,-0.309865,1.2181,3.67071,4,deg,ALU,0.107171,none,0.0969639,CLAS,e-,10.6,p,0.938272088
106,0.161021,-0.314325,1.1904,3.89175,4,deg,ALU,-0.0153734,none,0.109757,CLAS,e-,10.6,p,0.938272088
107,0.160814,-0.312265,1.20404,4.21246,4,deg,ALU,0.0282101,none,0.125664,CLAS,e-,10.6,p,0.938272088
108,0.161629,-0.350276,1.19125,4.58237,4,deg,ALU,-0.231368,none,0.14966,CLAS,e-,10.6,p,0.938272088
109,0.159915,-0.342031,1.19104,4.87839,4,deg,ALU,-0.291731,none,0.125978,CLAS,e-,10.6,p,0.938272088
110,0.157857,-0.32817,1.18958,5.19677,4,deg,ALU,-0.333396,none,0.107416,CLAS,e-,10.6,p,0.938272088
111,0.154655,-0.348686,1.18489,5.44171,4,deg,ALU,-0.308636,none,0.0955393,CLAS,e-,10.6,p,0.938272088
112,0.153523,-0.369079,1.19651,5.70817,4,deg,ALU,-0.279221,none,0.086342,CLAS,e-,10.6,p,0.938272088
113,0.147092,-0.342307,1.23062,6.15069,4,deg,ALU,-0.0272579,none,0.0277363,CLAS,e-,10.6,p,0.938272088
114,0.234882,-0.330858,1.2123,0.0906475,5,deg,ALU,-0.0168883,none,0.0886718,CLAS,e-,10.6,p,0.938272088
115,0.241202,-0.320014,1.24987,0.332238,5,deg,ALU,0.241084,none,0.0755443,CLAS,e-,10.6,p,0.938272088
116,0.248088,-0.326206,1.26973,0.846918,5,deg,ALU,0.108479,none,0.157647,CLAS,e-,10.6,p,0.938272088
117,0.231327,-0.355053,1.19305,2.01832,5,deg,ALU,0.103166,none,0.197125,CLAS,e-,10.6,p,0.938272088
118,0.242437,-0.359478,1.2464,4.61031,5,deg,ALU,-0.35183,none,0.296074,CLAS,e-,10.6,p,0.938272088
119,0.23765,-0.376674,1.20145,5.3033,5,deg,ALU,-0.00844682,none,0.150572,CLAS,e-,10.6,p,0.938272088
120,0.240991,-0.330393,1.24102,6.10745,5,deg,ALU,-0.067066,none,0.0715668,CLAS,e-,10.6,p,0.938272088
121,0.100203,-0.677204,1.07899,0.259406,6,deg,ALU,0.0184197,none,0.0568613,CLAS,e-,10.6,p,0.938272088
122,0.101123,-0.605954,1.15545,0.42126,6,deg,ALU,0.107098,none,0.0165088,CLAS,e-,10.6,p,0.938272088
123,0.0884375,-0.539581,1.1817,0.591279,6,deg,ALU,0.0659403,none,0.0162303,CLAS,e-,10.6,p,0.938272088
124,0.0835573,-0.496122,1.17953,0.766538,6,deg,ALU,0.0887407,none,0.0298377,CLAS,e-,10.6,p,0.938272088
125,0.0963899,-0.521142,1.14377,0.960492,6,deg,ALU,0.236076,none,0.051841,CLAS,e-,10.6,p,0.938272088
126,0.107063,-0.569869,1.14956,1.15889,6,deg,ALU,0.243359,none,0.0646125,CLAS,e-,10.6,p,0.938272088
127,0.103671,-0.579818,1.17611,1.35817,6,deg,ALU,0.285523,none,0.0730006,CLAS,e-,10.6,p,0.938272088
128,0.103033,-0.595304,1.15759,1.79238,6,deg,ALU,-0.00907658,none,0.11479,CLAS,e-,10.6,p,0.938272088
129,0.0987094,-0.519428,1.15934,2.18711,6,deg,ALU,-0.049887,none,0.103501,CLAS,e-,10.6,p,0.938272088
130,0.0958013,-0.539456,1.15978,2.42914,6,deg,ALU,0.0369868,none,0.0942393,CLAS,e-,10.6,p,0.938272088
131,0.0962247,-0.546406,1.17395,2.60659,6,deg,ALU,0.189639,none,0.0622003,CLAS,e-,10.6,p,0.938272088
132,0.0992283,-0.547964,1.16797,2.79856,6,deg,ALU,0.0178736,none,0.0654931,CLAS,e-,10.6,p,0.938272088
133,0.0979716,-0.550906,1.16625,2.98036,6,deg,ALU,-0.166659,none,0.0746628,CLAS,e-,10.6,p,0.938272088
134,0.0971619,-0.565623,1.16517,3.1729,6,deg,ALU,0.280896,none,0.0608324,CLAS,e-,10.6,p,0.938272088
135,0.103037,-0.560152,1.16145,3.36125,6,deg,ALU,-0.0145401,none,0.111188,CLAS,e-,10.6,p,0.938272088
136,0.105033,-0.558237,1.17117,3.57406,6,deg,ALU,-0.0101048,none,0.097186,CLAS,e-,10.6,p,0.938272088
137,0.100762,-0.55511,1.17547,3.93635,6,deg,ALU,-0.15438,none,0.104113,CLAS,e-,10.6,p,0.938272088
138,0.0935493,-0.553584,1.16017,4.27993,6,deg,ALU,-0.102152,none,0.102915,CLAS,e-,10.6,p,0.938272088
139,0.0961437,-0.559525,1.17736,4.49166,6,deg,ALU,-0.156739,none,0.0912193,CLAS,e-,10.6,p,0.938272088
140,0.0978248,-0.559882,1.16435,4.68683,6,deg,ALU,-0.0585814,none,0.0782172,CLAS,e-,10.6,p,0.938272088
141,0.102275,-0.560881,1.1616,4.87548,6,deg,ALU,-0.0775793,none,0.0699015,CLAS,e-,10.6,p,0.938272088
142,0.105993,-0.570375,1.14741,5.05518,6,deg,ALU,-0.109989,none,0.0672654,CLAS,e-,10.6,p,0.938272088
143,0.102085,-0.527525,1.15525,5.25065,6,deg,ALU,-0.174642,none,0.0730375,CLAS,e-,10.6,p,0.938272088
144,0.083122,-0.49437,1.17527,5.45178,6,deg,ALU,-0.125972,none,0.0468792,CLAS,e-,10.6,p,0.938272088
145,0.0845107,-0.523626,1.18182,5.63522,6,deg,ALU,-0.138529,none,0.0216395,CLAS,e-,10.6,p,0.938272088
146,0.097283,-0.590121,1.17039,5.81052,6,deg,ALU,-0.0688859,none,0.015368,CLAS,e-,10.6,p,0.938272088
147,0.107828,-0.636108,1.12178,5.95532,6,deg,ALU,-0.100785,none,0.0286473,CLAS,e-,10.6,p,0.938272088
148,0.160428,-0.497658,1.22913,0.104143,7,deg,ALU,0.0192736,none,0.0364247,CLAS,e-,10.6,p,0.938272088
149,0.146828,-0.575049,1.22615,0.276666,7,deg,ALU,0.0503379,none,0.0305856,CLAS,e-,10.6,p,0.938272088
150,0.156225,-0.612999,1.21785,0.460553,7,deg,ALU,0.158211,none,0.0743348,CLAS,e-,10.6,p,0.938272088
151,0.161458,-0.631304,1.13591,0.669007,7,deg,ALU,-0.0543047,none,0.0751093,CLAS,e-,10.6,p,0.938272088
152,0.159885,-0.626027,1.18005,0.84447,7,deg,ALU,0.171522,none,0.0642351,CLAS,e-,10.6,p,0.938272088
153,0.157903,-0.614117,1.20597,1.02315,7,deg,ALU,0.23415,none,0.0713848,CLAS,e-,10.6,p,0.938272088
154,0.156862,-0.609171,1.18866,1.24743,7,deg,ALU,0.228971,none,0.0949233,CLAS,e-,10.6,p,0.938272088
155,0.166412,-0.606874,1.19865,1.65816,7,deg,ALU,0.139941,none,0.125954,CLAS,e-,10.6,p,0.938272088
156,0.167617,-0.557114,1.17526,2.12895,7,deg,ALU,-0.0774756,none,0.128495,CLAS,e-,10.6,p,0.938272088
157,0.164115,-0.5641,1.1982,2.47441,7,deg,ALU,0.291823,none,0.0813648,CLAS,e-,10.6,p,0.938272088
158,0.159002,-0.55621,1.20387,2.72778,7,deg,ALU,0.0315649,none,0.110745,CLAS,e-,10.6,p,0.938272088
159,0.159884,-0.574394,1.22755,2.92211,7,deg,ALU,-0.0188872,none,0.115662,CLAS,e-,10.6,p,0.938272088
160,0.15774,-0.575641,1.21566,3.11912,7,deg,ALU,-0.028082,none,0.118077,CLAS,e-,10.6,p,0.938272088
161,0.167692,-0.594555,1.20041,3.3285,7,deg,ALU,-0.160986,none,0.109496,CLAS,e-,10.6,p,0.938272088
162,0.16505,-0.588704,1.19744,3.57612,7,deg,ALU,0.100387,none,0.0951628,CLAS,e-,10.6,p,0.938272088
163,0.158671,-0.545768,1.19243,3.84603,7,deg,ALU,0.128846,none,0.103068,CLAS,e-,10.6,p,0.938272088
164,0.165294,-0.602608,1.19505,4.33015,7,deg,ALU,0.144881,none,0.137362,CLAS,e-,10.6,p,0.938272088
165,0.161085,-0.60654,1.19181,4.65788,7,deg,ALU,0.198461,none,0.102488,CLAS,e-,10.6,p,0.938272088
166,0.164418,-0.612102,1.18063,4.86366,7,deg,ALU,-0.225531,none,0.142514,CLAS,e-,10.6,p,0.938272088
167,0.160298,-0.593382,1.21705,5.06493,7,deg,ALU,-0.210363,none,0.123943,CLAS,e-,10.6,p,0.938272088
168,0.161484,-0.577721,1.20037,5.24751,7,deg,ALU,-0.0701404,none,0.0863065,CLAS,e-,10.6,p,0.938272088
169,0.159555,-0.559169,1.19264,5.43444,7,deg,ALU,-0.142176,none,0.0764416,CLAS,e-,10.6,p,0.938272088
170,0.17074,-0.556745,1.18503,5.616,7,deg,ALU,-0.26477,none,0.0679061,CLAS,e-,10.6,p,0.938272088
171,0.160564,-0.581078,1.23589,5.82877,7,deg,ALU,-0.0884502,none,0.0664479,CLAS,e-,10.6,p,0.938272088
172,0.146884,-0.580397,1.21776,6.00655,7,deg,ALU,-0.0709303,none,0.0267092,CLAS,e-,10.6,p,0.938272088
173,0.163489,-0.506383,1.22674,6.17454,7,deg,ALU,-0.00569041,none,0.0362944,CLAS,e-,10.6,p,0.938272088
174,0.23729,-0.614597,1.24216,0.236809,8,deg,ALU,0.0690111,none,0.0807899,CLAS,e-,10.6,p,0.938272088
175,0.227067,-0.626021,1.19352,0.913996,8,deg,ALU,-0.0101473,none,0.173151,CLAS,e-,10.6,p,0.938272088
176,0.239253,-0.657794,1.22956,4.74036,8,deg,ALU,-0.138076,none,0.20933,CLAS,e-,10.6,p,0.938272088
177,0.237553,-0.629447,1.22461,5.3604,8,deg,ALU,-0.294677,none,0.158553,CLAS,e-,10.6,p,0.938272088
178,0.233944,-0.669069,1.22502,5.77274,8,deg,ALU,-0.122697,none,0.109817,CLAS,e-,10.6,p,0.938272088
179,0.0915199,-1.0086,1.16138,0.0983527,8,deg,ALU,0.0744695,none,0.0220526,CLAS,e-,10.6,p,0.938272088
180,0.0946136,-0.93586,1.17489,0.275895,8,deg,ALU,-0.0100643,none,0.0274823,CLAS,e-,10.6,p,0.938272088
181,0.088328,-0.947211,1.2006,0.446156,8,deg,ALU,0.117237,none,0.0586395,CLAS,e-,10.6,p,0.938272088
182,0.104255,-1.01744,1.18971,0.854116,8,deg,ALU,-0.0662802,none,0.140575,CLAS,e-,10.6,p,0.938272088
183,0.0969952,-1.1011,1.16412,1.42775,8,deg,ALU,0.320182,none,0.0845165,CLAS,e-,10.6,p,0.938272088
184,0.100688,-1.37973,1.1571,2.05441,8,deg,ALU,0.151726,none,0.163511,CLAS,e-,10.6,p,0.938272088
185,0.09682,-1.05021,1.16513,2.71569,8,deg,ALU,0.118918,none,0.132329,CLAS,e-,10.6,p,0.938272088
186,0.0998131,-1.04696,1.15437,3.24022,8,deg,ALU,-0.0195084,none,0.120093,CLAS,e-,10.6,p,0.938272088
187,0.101001,-1.26326,1.15153,4.00825,8,deg,ALU,-0.408619,none,0.236788,CLAS,e-,10.6,p,0.938272088
188,0.0982814,-1.06927,1.14439,4.60505,8,deg,ALU,0.128651,none,0.120111,CLAS,e-,10.6,p,0.938272088
189,0.106922,-0.989553,1.17096,5.05513,8,deg,ALU,0.151543,none,0.0994825,CLAS,e-,10.6,p,0.938272088
190,0.0906071,-1.02756,1.19637,5.73377,8,deg,ALU,-0.206049,none,0.125064,CLAS,e-,10.6,p,0.938272088
191,0.0953786,-0.905977,1.1889,5.95232,8,deg,ALU,-0.0174061,none,0.0307074,CLAS,e-,10.6,p,0.938272088
192,0.0930728,-1.00144,1.15655,6.14777,8,deg,ALU,-0.0321333,none,0.0194224,CLAS,e-,10.6,p,0.938272088
193,0.15307,-1.0633,1.2477,0.164439,9,deg,ALU,-0.0499286,none,0.0519026,CLAS,e-,10.6,p,0.938272088
194,0.151802,-1.04026,1.25032,0.312919,9,deg,ALU,0.101795,none,0.0705833,CLAS,e-,10.6,p,0.938272088
195,0.171353,-1.04893,1.21036,0.73457,9,deg,ALU,-0.125322,none,0.105938,CLAS,e-,10.6,p,0.938272088
196,0.162531,-1.11257,1.18129,1.12461,9,deg,ALU,-0.111066,none,0.131021,CLAS,e-,10.6,p,0.938272088
197,0.162837,-1.13458,1.18985,2.85213,9,deg,ALU,0.0150266,none,0.127203,CLAS,e-,10.6,p,0.938272088
198,0.158404,-1.21649,1.22548,3.48852,9,deg,ALU,-0.204731,none,0.188634,CLAS,e-,10.6,p,0.938272088
199,0.16724,-1.08644,1.18359,4.11537,9,deg,ALU,0.296705,none,0.175919,CLAS,e-,10.6,p,0.938272088
200,0.158923,-1.11202,1.18044,4.75806,9,deg,ALU,-0.068472,none,0.192555,CLAS,e-,10.6,p,0.938272088
201,0.156269,-1.08396,1.22565,5.3646,9,deg,ALU,-0.0816408,none,0.166549,CLAS,e-,10.6,p,0.938272088
202,0.152429,-1.06795,1.24909,5.94068,9,deg,ALU,-0.030561,none,0.0673885,CLAS,e-,10.6,p,0.938272088
203,0.150607,-1.04361,1.23629,6.11322,9,deg,ALU,0.0350375,none,0.0464439,CLAS,e-,10.6,p,0.938272088
204,0.119462,-0.146889,1.55971,0.0971024,10,deg,ALU,0.0192776,none,0.0258981,CLAS,e-,10.6,p,0.938272088
205,0.11794,-0.149001,1.56827,0.283699,10,deg,ALU,0.0742729,none,0.0231447,CLAS,e-,10.6,p,0.938272088
206,0.11477,-0.151686,1.57653,0.471181,10,deg,ALU,0.0847095,none,0.0214654,CLAS,e-,10.6,p,0.938272088
207,0.110147,-0.153927,1.5832,0.657506,10,deg,ALU,0.110276,none,0.0258141,CLAS,e-,10.6,p,0.938272088
208,0.104702,-0.156443,1.5741,0.840849,10,deg,ALU,0.193822,none,0.0272789,CLAS,e-,10.6,p,0.938272088
209,0.101216,-0.155785,1.55108,1.02343,10,deg,ALU,0.208435,none,0.0397022,CLAS,e-,10.6,p,0.938272088
210,0.100597,-0.15109,1.54144,1.20668,10,deg,ALU,0.020469,none,0.11428,CLAS,e-,10.6,p,0.938272088
211,0.115951,-0.152894,1.51495,1.59619,10,deg,ALU,0.374287,none,0.0610126,CLAS,e-,10.6,p,0.938272088
212,0.117481,-0.164445,1.55367,2.02685,10,deg,ALU,0.0208766,none,0.0888863,CLAS,e-,10.6,p,0.938272088
213,0.115671,-0.166858,1.55723,2.26979,10,deg,ALU,0.256696,none,0.0641645,CLAS,e-,10.6,p,0.938272088
214,0.114982,-0.168444,1.56462,2.51915,10,deg,ALU,0.255783,none,0.0670548,CLAS,e-,10.6,p,0.938272088
215,0.114019,-0.165339,1.55664,2.72714,10,deg,ALU,-0.0495801,none,0.0898187,CLAS,e-,10.6,p,0.938272088
216,0.113913,-0.167603,1.53337,2.94968,10,deg,ALU,0.159925,none,0.0769243,CLAS,e-,10.6,p,0.938272088
217,0.114349,-0.167102,1.55329,3.2015,10,deg,ALU,0.0147037,none,0.0940127,CLAS,e-,10.6,p,0.938272088
218,0.114898,-0.166278,1.55058,3.50926,10,deg,ALU,0.0969284,none,0.0770513,CLAS,e-,10.6,p,0.938272088
219,0.11812,-0.165738,1.54779,3.90177,10,deg,ALU,-0.521007,none,0.163603,CLAS,e-,10.6,p,0.938272088
220,0.0991286,-0.151087,1.54481,5.08013,10,deg,ALU,-0.302465,none,0.153381,CLAS,e-,10.6,p,0.938272088
221,0.101551,-0.153954,1.56007,5.25796,10,deg,ALU,-0.165468,none,0.0499925,CLAS,e-,10.6,p,0.938272088
222,0.104883,-0.15526,1.57386,5.44072,10,deg,ALU,-0.194213,none,0.0319679,CLAS,e-,10.6,p,0.938272088
223,0.110167,-0.155015,1.58258,5.62159,10,deg,ALU,-0.17687,none,0.0257489,CLAS,e-,10.6,p,0.938272088
224,0.114772,-0.155419,1.57685,5.80982,10,deg,ALU,-0.0843754,none,0.0247865,CLAS,e-,10.6,p,0.938272088
225,0.117903,-0.152581,1.56132,5.99524,10,deg,ALU,-0.120179,none,0.0271862,CLAS,e-,10.6,p,0.938272088
226,0.119291,-0.144884,1.55738,6.18454,10,deg,ALU,-0.0384128,none,0.0259585,CLAS,e-,10.6,p,0.938272088
227,0.157266,-0.174366,1.63274,0.0954951,11,deg,ALU,0.0471181,none,0.0406104,CLAS,e-,10.6,p,0.938272088
228,0.163178,-0.170379,1.6201,0.276794,11,deg,ALU,0.0552729,none,0.0501996,CLAS,e-,10.6,p,0.938272088
229,0.173583,-0.168073,1.61072,0.469932,11,deg,ALU,0.168115,none,0.0513254,CLAS,e-,10.6,p,0.938272088
230,0.178931,-0.163998,1.59909,0.657087,11,deg,ALU,0.292582,none,0.0509047,CLAS,e-,10.6,p,0.938272088
231,0.173506,-0.160991,1.58336,0.845306,11,deg,ALU,0.267475,none,0.0672752,CLAS,e-,10.6,p,0.938272088
232,0.167641,-0.156846,1.59834,1.03583,11,deg,ALU,0.159411,none,0.0798073,CLAS,e-,10.6,p,0.938272088
233,0.165954,-0.159026,1.59633,1.21893,11,deg,ALU,0.36865,none,0.0586386,CLAS,e-,10.6,p,0.938272088
234,0.164307,-0.167376,1.59643,1.41039,11,deg,ALU,0.353226,none,0.0576213,CLAS,e-,10.6,p,0.938272088
235,0.164071,-0.170859,1.59559,1.62987,11,deg,ALU,0.447105,none,0.0506948,CLAS,e-,10.6,p,0.938272088
236,0.160328,-0.170612,1.59698,1.87415,11,deg,ALU,0.444565,none,0.056831,CLAS,e-,10.6,p,0.938272088
237,0.158144,-0.175888,1.61358,2.09723,11,deg,ALU,0.117028,none,0.102014,CLAS,e-,10.6,p,0.938272088
238,0.153608,-0.175412,1.59617,2.29591,11,deg,ALU,0.0778702,none,0.0854056,CLAS,e-,10.6,p,0.938272088
239,0.151876,-0.177274,1.60367,2.47725,11,deg,ALU,-0.144068,none,0.110288,CLAS,e-,10.6,p,0.938272088
240,0.151663,-0.179042,1.60254,2.67615,11,deg,ALU,0.0896505,none,0.100031,CLAS,e-,10.6,p,0.938272088
241,0.148978,-0.180247,1.59805,2.88948,11,deg,ALU,-0.144689,none,0.106023,CLAS,e-,10.6,p,0.938272088
242,0.150014,-0.176137,1.60966,3.17365,11,deg,ALU,-0.00925932,none,0.101214,CLAS,e-,10.6,p,0.938272088
243,0.150748,-0.179802,1.60322,3.48098,11,deg,ALU,-0.00935696,none,0.0982582,CLAS,e-,10.6,p,0.938272088
244,0.154199,-0.180942,1.60276,3.80185,11,deg,ALU,0.0414421,none,0.0988535,CLAS,e-,10.6,p,0.938272088
245,0.169035,-0.18185,1.58564,4.29507,11,deg,ALU,-0.166921,none,0.0932685,CLAS,e-,10.6,p,0.938272088
246,0.174855,-0.170263,1.60008,4.88323,11,deg,ALU,-0.477234,none,0.131936,CLAS,e-,10.6,p,0.938272088
247,0.182276,-0.148336,1.60913,5.54666,11,deg,ALU,-0.176149,none,0.0952751,CLAS,e-,10.6,p,0.938272088
248,0.16765,-0.163023,1.63872,5.81874,11,deg,ALU,-0.224156,none,0.0874888,CLAS,e-,10.6,p,0.938272088
249,0.159687,-0.166942,1.6423,6.0035,11,deg,ALU,-0.0713077,none,0.0568213,CLAS,e-,10.6,p,0.938272088
250,0.155567,-0.174111,1.62937,6.19377,11,deg,ALU,-0.036556,none,0.0429403,CLAS,e-,10.6,p,0.938272088
251,0.257403,-0.198368,1.61394,0.100731,12,deg,ALU,0.0294403,none,0.0686881,CLAS,e-,10.6,p,0.938272088
252,0.251207,-0.198664,1.60239,0.280758,12,deg,ALU,0.210652,none,0.0594872,CLAS,e-,10.6,p,0.938272088
253,0.251754,-0.18762,1.59686,0.467545,12,deg,ALU,0.24699,none,0.0663132,CLAS,e-,10.6,p,0.938272088
254,0.257214,-0.198159,1.60658,0.655986,12,deg,ALU,0.249776,none,0.0769121,CLAS,e-,10.6,p,0.938272088
255,0.254436,-0.203456,1.60843,0.869666,12,deg,ALU,0.308395,none,0.0849806,CLAS,e-,10.6,p,0.938272088
256,0.260095,-0.2029,1.59887,1.18969,12,deg,ALU,0.255218,none,0.0887917,CLAS,e-,10.6,p,0.938272088
257,0.241402,-0.202879,1.60827,1.61337,12,deg,ALU,0.30215,none,0.0876917,CLAS,e-,10.6,p,0.938272088
258,0.251732,-0.205709,1.62498,4.77247,12,deg,ALU,-0.290641,none,0.193335,CLAS,e-,10.6,p,0.938272088
259,0.267385,-0.192987,1.60223,5.38085,12,deg,ALU,-0.224031,none,0.131323,CLAS,e-,10.6,p,0.938272088
260,0.256447,-0.191418,1.59185,5.68819,12,deg,ALU,-0.145822,none,0.105071,CLAS,e-,10.6,p,0.938272088
261,0.256517,-0.190041,1.61232,5.88098,12,deg,ALU,-0.281233,none,0.102683,CLAS,e-,10.6,p,0.938272088
262,0.252511,-0.204015,1.61996,6.13282,12,deg,ALU,-0.0275351,none,0.0553009,CLAS,e-,10.6,p,0.938272088
263,0.125891,-0.241116,1.48328,0.103867,13,deg,ALU,-0.00345378,none,0.0674262,CLAS,e-,10.6,p,0.938272088
264,0.124172,-0.259521,1.51174,0.295121,13,deg,ALU,0.0941391,none,0.0440952,CLAS,e-,10.6,p,0.938272088
265,0.120064,-0.288331,1.54869,0.481672,13,deg,ALU,0.156746,none,0.0258791,CLAS,e-,10.6,p,0.938272088
266,0.112074,-0.300369,1.57597,0.66207,13,deg,ALU,0.179279,none,0.0201438,CLAS,e-,10.6,p,0.938272088
267,0.10452,-0.292301,1.56833,0.832765,13,deg,ALU,0.222575,none,0.0238946,CLAS,e-,10.6,p,0.938272088
268,0.100876,-0.281665,1.55214,1.01795,13,deg,ALU,0.360567,none,0.0578003,CLAS,e-,10.6,p,0.938272088
269,0.115145,-0.294277,1.57103,2.02298,13,deg,ALU,0.172105,none,0.0725925,CLAS,e-,10.6,p,0.938272088
270,0.1123,-0.293211,1.55165,2.29087,13,deg,ALU,0.0510688,none,0.105795,CLAS,e-,10.6,p,0.938272088
271,0.111974,-0.289436,1.54205,2.48631,13,deg,ALU,0.126266,none,0.0855284,CLAS,e-,10.6,p,0.938272088
272,0.111868,-0.301992,1.54085,2.6714,13,deg,ALU,0.052857,none,0.0858044,CLAS,e-,10.6,p,0.938272088
273,0.115283,-0.299706,1.55638,2.86227,13,deg,ALU,0.00338646,none,0.0845997,CLAS,e-,10.6,p,0.938272088
274,0.113641,-0.29859,1.53732,3.04878,13,deg,ALU,-0.22227,none,0.109174,CLAS,e-,10.6,p,0.938272088
275,0.114334,-0.299758,1.55494,3.22213,13,deg,ALU,0.00418913,none,0.0962704,CLAS,e-,10.6,p,0.938272088
276,0.114816,-0.28726,1.55532,3.51502,13,deg,ALU,-0.060967,none,0.111244,CLAS,e-,10.6,p,0.938272088
277,0.11403,-0.305551,1.56081,4.02671,13,deg,ALU,0.0768908,none,0.0951209,CLAS,e-,10.6,p,0.938272088
278,0.114531,-0.3198,1.55469,4.49933,13,deg,ALU,-0.180213,none,0.0948946,CLAS,e-,10.6,p,0.938272088
279,0.117396,-0.315608,1.52136,4.83749,13,deg,ALU,-0.285237,none,0.0892303,CLAS,e-,10.6,p,0.938272088
280,0.100969,-0.270762,1.55002,5.20462,13,deg,ALU,-0.210341,none,0.115412,CLAS,e-,10.6,p,0.938272088
281,0.103718,-0.280262,1.57011,5.38945,13,deg,ALU,-0.208143,none,0.039733,CLAS,e-,10.6,p,0.938272088
282,0.109509,-0.294835,1.57561,5.56568,13,deg,ALU,-0.147022,none,0.0237432,CLAS,e-,10.6,p,0.938272088
283,0.118347,-0.296659,1.56542,5.73976,13,deg,ALU,-0.11932,none,0.0248295,CLAS,e-,10.6,p,0.938272088
284,0.123228,-0.277345,1.51198,5.91794,13,deg,ALU,-0.146978,none,0.0379439,CLAS,e-,10.6,p,0.938272088
285,0.125252,-0.24287,1.48651,6.13518,13,deg,ALU,0.00824126,none,0.062672,CLAS,e-,10.6,p,0.938272088
286,0.147913,-0.306927,1.59456,0.0930619,14,deg,ALU,0.0145343,none,0.0256849,CLAS,e-,10.6,p,0.938272088
287,0.145839,-0.315641,1.61132,0.277965,14,deg,ALU,0.127105,none,0.0257516,CLAS,e-,10.6,p,0.938272088
288,0.143662,-0.312831,1.66231,0.454721,14,deg,ALU,0.145658,none,0.0429751,CLAS,e-,10.6,p,0.938272088
289,0.160492,-0.299857,1.65758,0.728274,14,deg,ALU,0.312867,none,0.0938771,CLAS,e-,10.6,p,0.938272088
290,0.17125,-0.300359,1.60569,1.43848,14,deg,ALU,0.46651,none,0.0524918,CLAS,e-,10.6,p,0.938272088
291,0.161921,-0.299122,1.60293,1.75648,14,deg,ALU,0.202051,none,0.0813978,CLAS,e-,10.6,p,0.938272088
292,0.159886,-0.295003,1.61206,1.98485,14,deg,ALU,0.127021,none,0.11238,CLAS,e-,10.6,p,0.938272088
293,0.164224,-0.298265,1.58405,2.20385,14,deg,ALU,0.297809,none,0.0774805,CLAS,e-,10.6,p,0.938272088
294,0.158917,-0.314634,1.57597,2.42956,14,deg,ALU,0.228745,none,0.0738402,CLAS,e-,10.6,p,0.938272088
295,0.157115,-0.308411,1.6094,2.60783,14,deg,ALU,0.160265,none,0.0725917,CLAS,e-,10.6,p,0.938272088
296,0.1592,-0.309153,1.58967,2.79701,14,deg,ALU,0.0738126,none,0.0766664,CLAS,e-,10.6,p,0.938272088
297,0.155874,-0.313347,1.58753,2.97936,14,deg,ALU,0.0643592,none,0.0849942,CLAS,e-,10.6,p,0.938272088
298,0.156546,-0.319728,1.58089,3.16557,14,deg,ALU,-0.154017,none,0.112012,CLAS,e-,10.6,p,0.938272088
299,0.158289,-0.313771,1.5968,3.39169,14,deg,ALU,0.250391,none,0.0734102,CLAS,e-,10.6,p,0.938272088
300,0.156495,-0.311116,1.59391,3.64126,14,deg,ALU,-0.189025,none,0.101277,CLAS,e-,10.6,p,0.938272088
301,0.161855,-0.306988,1.58041,3.88252,14,deg,ALU,-0.0077834,none,0.111533,CLAS,e-,10.6,p,0.938272088
302,0.163415,-0.321453,1.60037,4.30533,14,deg,ALU,-0.453142,none,0.111939,CLAS,e-,10.6,p,0.938272088
303,0.159272,-0.329352,1.58945,4.74975,14,deg,ALU,-0.227572,none,0.100751,CLAS,e-,10.6,p,0.938272088
304,0.153307,-0.334318,1.58036,5.05837,14,deg,ALU,-0.307907,none,0.0899051,CLAS,e-,10.6,p,0.938272088
305,0.163585,-0.341426,1.58053,5.32968,14,deg,ALU,-0.298514,none,0.094178,CLAS,e-,10.6,p,0.938272088
306,0.143708,-0.335765,1.68172,5.68059,14,deg,ALU,-0.139014,none,0.120605,CLAS,e-,10.6,p,0.938272088
307,0.138323,-0.327451,1.65078,5.88381,14,deg,ALU,-0.0815662,none,0.0364583,CLAS,e-,10.6,p,0.938272088
308,0.146593,-0.312846,1.60412,6.12481,14,deg,ALU,-0.0472144,none,0.0205619,CLAS,e-,10.6,p,0.938272088
309,0.255674,-0.352464,1.60413,0.0907367,15,deg,ALU,-0.0394466,none,0.0694078,CLAS,e-,10.6,p,0.938272088
310,0.251917,-0.348461,1.5969,0.271958,15,deg,ALU,0.240088,none,0.0678129,CLAS,e-,10.6,p,0.938272088
311,0.254761,-0.343387,1.6038,0.467791,15,deg,ALU,0.117719,none,0.1045,CLAS,e-,10.6,p,0.938272088
312,0.270767,-0.338026,1.60681,0.713009,15,deg,ALU,-0.00701786,none,0.117163,CLAS,e-,10.6,p,0.938272088
313,0.262034,-0.33628,1.60013,1.21521,15,deg,ALU,0.429018,none,0.0846371,CLAS,e-,10.6,p,0.938272088
314,0.248841,-0.343335,1.60453,1.6966,15,deg,ALU,0.0267452,none,0.139304,CLAS,e-,10.6,p,0.938272088
315,0.237419,-0.363678,1.58002,2.1074,15,deg,ALU,0.296616,none,0.137262,CLAS,e-,10.6,p,0.938272088
316,0.25862,-0.369369,1.61819,4.66866,15,deg,ALU,-0.909066,none,0.329242,CLAS,e-,10.6,p,0.938272088
317,0.263816,-0.382624,1.61819,5.36216,15,deg,ALU,0.200898,none,0.160721,CLAS,e-,10.6,p,0.938272088
318,0.266252,-0.334745,1.6236,5.95539,15,deg,ALU,-0.239627,none,0.0937884,CLAS,e-,10.6,p,0.938272088
319,0.254431,-0.350178,1.589,6.18932,15,deg,ALU,0.168898,none,0.0556884,CLAS,e-,10.6,p,0.938272088
320,0.117404,-0.629299,1.50893,0.452438,16,deg,ALU,0.0114797,none,0.0430526,CLAS,e-,10.6,p,0.938272088
321,0.112037,-0.559785,1.57172,0.596394,16,deg,ALU,0.118245,none,0.0221521,CLAS,e-,10.6,p,0.938272088
322,0.10538,-0.508706,1.57039,0.759838,16,deg,ALU,0.0422385,none,0.0417597,CLAS,e-,10.6,p,0.938272088
323,0.109939,-0.532032,1.53812,1.04029,16,deg,ALU,0.115717,none,0.103836,CLAS,e-,10.6,p,0.938272088
324,0.116686,-0.578352,1.56038,1.60107,16,deg,ALU,0.0598101,none,0.136171,CLAS,e-,10.6,p,0.938272088
325,0.112943,-0.534755,1.56571,2.29314,16,deg,ALU,0.183319,none,0.081289,CLAS,e-,10.6,p,0.938272088
326,0.115171,-0.570256,1.55285,2.63497,16,deg,ALU,-0.104811,none,0.118118,CLAS,e-,10.6,p,0.938272088
327,0.113952,-0.56408,1.54565,2.89831,16,deg,ALU,0.114826,none,0.0969509,CLAS,e-,10.6,p,0.938272088
328,0.113903,-0.553428,1.56421,3.17248,16,deg,ALU,0.167965,none,0.0769748,CLAS,e-,10.6,p,0.938272088
329,0.114234,-0.567249,1.55365,3.65103,16,deg,ALU,-0.370768,none,0.135296,CLAS,e-,10.6,p,0.938272088
330,0.111093,-0.567489,1.5551,4.27984,16,deg,ALU,-0.00981308,none,0.0971915,CLAS,e-,10.6,p,0.938272088
331,0.114487,-0.578397,1.54813,4.6685,16,deg,ALU,-0.0796155,none,0.0935056,CLAS,e-,10.6,p,0.938272088
332,0.119131,-0.581138,1.54254,4.99628,16,deg,ALU,-0.212765,none,0.09964,CLAS,e-,10.6,p,0.938272088
333,0.103145,-0.485656,1.55991,5.3943,16,deg,ALU,0.132532,none,0.0742127,CLAS,e-,10.6,p,0.938272088
334,0.106971,-0.521621,1.57623,5.57625,16,deg,ALU,-0.156891,none,0.0373801,CLAS,e-,10.6,p,0.938272088
335,0.114246,-0.580486,1.55417,5.74063,16,deg,ALU,-0.0923461,none,0.0254495,CLAS,e-,10.6,p,0.938272088
336,0.121026,-0.629087,1.47757,5.87676,16,deg,ALU,0.0192161,none,0.0824402,CLAS,e-,10.6,p,0.938272088
337,0.17658,-0.538745,1.58961,0.0944883,17,deg,ALU,0.00546565,none,0.0367293,CLAS,e-,10.6,p,0.938272088
338,0.159368,-0.581983,1.58336,0.289366,17,deg,ALU,0.0793285,none,0.030582,CLAS,e-,10.6,p,0.938272088
339,0.140137,-0.582071,1.63727,0.452297,17,deg,ALU,0.0828868,none,0.0380761,CLAS,e-,10.6,p,0.938272088
340,0.163119,-0.604961,1.62993,0.665953,17,deg,ALU,0.0186006,none,0.111053,CLAS,e-,10.6,p,0.938272088
341,0.165259,-0.648179,1.56667,0.916635,17,deg,ALU,0.211066,none,0.0721536,CLAS,e-,10.6,p,0.938272088
342,0.161076,-0.621265,1.59195,1.11152,17,deg,ALU,0.14175,none,0.0955126,CLAS,e-,10.6,p,0.938272088
343,0.161212,-0.601439,1.60084,1.50643,17,deg,ALU,0.163601,none,0.0955506,CLAS,e-,10.6,p,0.938272088
344,0.169074,-0.54681,1.60411,2.08493,17,deg,ALU,0.262055,none,0.0923217,CLAS,e-,10.6,p,0.938272088
345,0.161047,-0.566086,1.5933,2.52873,17,deg,ALU,0.154554,none,0.0961684,CLAS,e-,10.6,p,0.938272088
346,0.156552,-0.580001,1.58431,2.79298,17,deg,ALU,0.150699,none,0.0945709,CLAS,e-,10.6,p,0.938272088
347,0.160761,-0.574043,1.5887,2.98088,17,deg,ALU,-0.206212,none,0.109196,CLAS,e-,10.6,p,0.938272088
348,0.165206,-0.57208,1.58543,3.19461,17,deg,ALU,0.100829,none,0.0949691,CLAS,e-,10.6,p,0.938272088
349,0.167809,-0.583168,1.58397,3.47046,17,deg,ALU,0.0368103,none,0.101714,CLAS,e-,10.6,p,0.938272088
350,0.161368,-0.574093,1.61172,3.86928,17,deg,ALU,-0.12084,none,0.124201,CLAS,e-,10.6,p,0.938272088
351,0.163197,-0.590491,1.61618,4.49426,17,deg,ALU,-0.307156,none,0.143223,CLAS,e-,10.6,p,0.938272088
352,0.162401,-0.56878,1.5974,4.80404,17,deg,ALU,-0.218367,none,0.106439,CLAS,e-,10.6,p,0.938272088
353,0.156613,-0.602119,1.58738,4.98784,17,deg,ALU,-0.286412,none,0.110174,CLAS,e-,10.6,p,0.938272088
354,0.163293,-0.588699,1.589,5.21177,17,deg,ALU,-0.421983,none,0.100158,CLAS,e-,10.6,p,0.938272088
355,0.173197,-0.579933,1.5661,5.46586,17,deg,ALU,-0.191015,none,0.0858376,CLAS,e-,10.6,p,0.938272088
356,0.153387,-0.56403,1.64715,5.7058,17,deg,ALU,-0.0916876,none,0.0716143,CLAS,e-,10.6,p,0.938272088
357,0.146228,-0.583732,1.60947,5.88334,17,deg,ALU,-0.136297,none,0.0303134,CLAS,e-,10.6,p,0.938272088
358,0.17032,-0.55664,1.57778,6.10293,17,deg,ALU,-0.0715832,none,0.0257433,CLAS,e-,10.6,p,0.938272088
359,0.255805,-0.663732,1.63133,0.200336,18,deg,ALU,0.166141,none,0.0608439,CLAS,e-,10.6,p,0.938272088
360,0.254179,-0.692777,1.58816,0.924833,18,deg,ALU,0.131621,none,0.115079,CLAS,e-,10.6,p,0.938272088
361,0.253573,-0.592799,1.5714,1.56577,18,deg,ALU,0.0994853,none,0.194968,CLAS,e-,10.6,p,0.938272088
362,0.252553,-0.626081,1.59503,2.25847,18,deg,ALU,0.240505,none,0.109181,CLAS,e-,10.6,p,0.938272088
363,0.238455,-0.605707,1.61382,2.80826,18,deg,ALU,0.0638697,none,0.111068,CLAS,e-,10.6,p,0.938272088
364,0.232857,-0.643641,1.61268,3.35117,18,deg,ALU,0.121149,none,0.0877923,CLAS,e-,10.6,p,0.938272088
365,0.263787,-0.66832,1.63142,4.01809,18,deg,ALU,0.0647358,none,0.129649,CLAS,e-,10.6,p,0.938272088
366,0.239769,-0.610457,1.58306,4.65767,18,deg,ALU,0.0198262,none,0.159819,CLAS,e-,10.6,p,0.938272088
367,0.249215,-0.626185,1.62638,5.26301,18,deg,ALU,-0.42469,none,0.187473,CLAS,e-,10.6,p,0.938272088
368,0.256235,-0.677493,1.60336,5.62635,18,deg,ALU,-0.078948,none,0.0974655,CLAS,e-,10.6,p,0.938272088
369,0.255262,-0.677562,1.60519,6.0437,18,deg,ALU,-0.0289526,none,0.0584761,CLAS,e-,10.6,p,0.938272088
370,0.109622,-1.17272,1.53944,0.09136,19,deg,ALU,-0.0812171,none,0.0592202,CLAS,e-,10.6,p,0.938272088
371,0.111359,-1.06002,1.54696,0.294052,19,deg,ALU,0.0134844,none,0.0506183,CLAS,e-,10.6,p,0.938272088
372,0.112323,-0.939426,1.56869,0.454484,19,deg,ALU,0.134068,none,0.0534347,CLAS,e-,10.6,p,0.938272088
373,0.11301,-1.09822,1.55556,0.80745,19,deg,ALU,0.0889999,none,0.130427,CLAS,e-,10.6,p,0.938272088
374,0.114633,-1.18025,1.55096,4.71459,19,deg,ALU,-0.194226,none,0.174767,CLAS,e-,10.6,p,0.938272088
375,0.110298,-0.921366,1.58338,5.76532,19,deg,ALU,0.0145344,none,0.0827296,CLAS,e-,10.6,p,0.938272088
376,0.112766,-0.994898,1.55793,5.93419,19,deg,ALU,-0.0111787,none,0.0410654,CLAS,e-,10.6,p,0.938272088
377,0.110715,-1.16583,1.56641,6.15496,19,deg,ALU,0.0838811,none,0.0420496,CLAS,e-,10.6,p,0.938272088
378,0.158771,-1.36134,1.58388,0.0946286,20,deg,ALU,0.0914842,none,0.0551637,CLAS,e-,10.6,p,0.938272088
379,0.160568,-1.07518,1.59444,0.283205,20,deg,ALU,0.0943404,none,0.0410698,CLAS,e-,10.6,p,0.938272088
380,0.153956,-1.04549,1.63902,0.483339,20,deg,ALU,-0.0159364,none,0.0899407,CLAS,e-,10.6,p,0.938272088
381,0.168349,-1.03151,1.59191,0.875978,20,deg,ALU,0.0595019,none,0.0934797,CLAS,e-,10.6,p,0.938272088
382,0.164795,-1.14527,1.5752,1.32333,20,deg,ALU,0.103913,none,0.136697,CLAS,e-,10.6,p,0.938272088
383,0.173045,-1.24796,1.59789,2.6454,20,deg,ALU,0.0413233,none,0.121093,CLAS,e-,10.6,p,0.938272088
384,0.175859,-1.14786,1.56614,3.21164,20,deg,ALU,-0.0228915,none,0.112369,CLAS,e-,10.6,p,0.938272088
385,0.161432,-0.980445,1.5722,4.5315,20,deg,ALU,0.0690201,none,0.173255,CLAS,e-,10.6,p,0.938272088
386,0.15842,-0.980372,1.61834,5.15902,20,deg,ALU,-0.472845,none,0.176205,CLAS,e-,10.6,p,0.938272088
387,0.156076,-1.081,1.61552,5.77358,20,deg,ALU,-0.00895755,none,0.085425,CLAS,e-,10.6,p,0.938272088
388,0.160727,-1.06034,1.59615,5.99683,20,deg,ALU,-0.0629843,none,0.0421101,CLAS,e-,10.6,p,0.938272088
389,0.159215,-1.36773,1.5986,6.19035,20,deg,ALU,-0.0296375,none,0.0601953,CLAS,e-,10.6,p,0.938272088
390,0.144721,-0.15523,2.04973,0.0956592,21,deg,ALU,0.0115625,none,0.0261525,CLAS,e-,10.6,p,0.938272088
391,0.142852,-0.155184,2.04975,0.285034,21,deg,ALU,0.0812281,none,0.0246585,CLAS,e-,10.6,p,0.938272088
392,0.140409,-0.160115,2.06163,0.471932,21,deg,ALU,0.135234,none,0.0241602,CLAS,e-,10.6,p,0.938272088
393,0.135614,-0.161548,2.05264,0.654487,21,deg,ALU,0.141826,none,0.027949,CLAS,e-,10.6,p,0.938272088
394,0.131824,-0.162502,2.03076,0.837514,21,deg,ALU,0.20018,none,0.0499084,CLAS,e-,10.6,p,0.938272088
395,0.129152,-0.160431,2.00073,1.01759,21,deg,ALU,0.206926,none,0.080708,CLAS,e-,10.6,p,0.938272088
396,0.142147,-0.157211,1.93511,1.32298,21,deg,ALU,0.31593,none,0.139953,CLAS,e-,10.6,p,0.938272088
397,0.148177,-0.173349,1.98855,1.73561,21,deg,ALU,0.241934,none,0.106216,CLAS,e-,10.6,p,0.938272088
398,0.145557,-0.170486,2.02106,2.01054,21,deg,ALU,0.288218,none,0.0928453,CLAS,e-,10.6,p,0.938272088
399,0.144133,-0.173659,2.00186,2.22885,21,deg,ALU,0.309019,none,0.0995631,CLAS,e-,10.6,p,0.938272088
400,0.143167,-0.176204,2.01693,2.4212,21,deg,ALU,0.20921,none,0.0959306,CLAS,e-,10.6,p,0.938272088
401,0.1412,-0.171212,1.98305,2.61099,21,deg,ALU,0.00675894,none,0.089193,CLAS,e-,10.6,p,0.938272088
402,0.143106,-0.175207,2.01363,2.79648,21,deg,ALU,0.010535,none,0.102277,CLAS,e-,10.6,p,0.938272088
403,0.142657,-0.175497,1.99092,2.97865,21,deg,ALU,0.0110256,none,0.120548,CLAS,e-,10.6,p,0.938272088
404,0.141586,-0.169507,1.99575,3.20618,21,deg,ALU,-0.106631,none,0.107175,CLAS,e-,10.6,p,0.938272088
405,0.141749,-0.174015,1.97694,3.45669,21,deg,ALU,0.0173457,none,0.124924,CLAS,e-,10.6,p,0.938272088
406,0.145512,-0.168446,1.97742,3.76232,21,deg,ALU,-0.175744,none,0.11727,CLAS,e-,10.6,p,0.938272088
407,0.126328,-0.156521,1.96767,5.1859,21,deg,ALU,-0.325209,none,0.110084,CLAS,e-,10.6,p,0.938272088
408,0.130876,-0.158056,2.02049,5.38427,21,deg,ALU,-0.140118,none,0.0569587,CLAS,e-,10.6,p,0.938272088
409,0.134113,-0.164457,2.0433,5.56515,21,deg,ALU,-0.202878,none,0.0315824,CLAS,e-,10.6,p,0.938272088
410,0.138789,-0.163199,2.06072,5.74588,21,deg,ALU,-0.106682,none,0.0266633,CLAS,e-,10.6,p,0.938272088
411,0.142523,-0.159641,2.06065,5.93436,21,deg,ALU,-0.056027,none,0.0271927,CLAS,e-,10.6,p,0.938272088
412,0.144043,-0.155143,2.04088,6.15783,21,deg,ALU,-0.0662251,none,0.0230437,CLAS,e-,10.6,p,0.938272088
413,0.200931,-0.186478,2.16698,0.0934252,22,deg,ALU,0.0648763,none,0.0475669,CLAS,e-,10.6,p,0.938272088
414,0.205604,-0.185579,2.14375,0.281018,22,deg,ALU,0.110168,none,0.0453345,CLAS,e-,10.6,p,0.938272088
415,0.210579,-0.179247,2.10567,0.467613,22,deg,ALU,0.175357,none,0.0505523,CLAS,e-,10.6,p,0.938272088
416,0.211121,-0.182034,2.08013,0.657328,22,deg,ALU,0.225664,none,0.058119,CLAS,e-,10.6,p,0.938272088
417,0.215463,-0.181409,2.08842,0.838096,22,deg,ALU,0.295923,none,0.0704311,CLAS,e-,10.6,p,0.938272088
418,0.204858,-0.172419,2.09398,1.03458,22,deg,ALU,0.291252,none,0.0828459,CLAS,e-,10.6,p,0.938272088
419,0.20049,-0.175957,2.11909,1.22372,22,deg,ALU,0.367671,none,0.0796546,CLAS,e-,10.6,p,0.938272088
420,0.197035,-0.174019,2.09219,1.40939,22,deg,ALU,0.277114,none,0.0778622,CLAS,e-,10.6,p,0.938272088
421,0.198044,-0.181677,2.11493,1.60727,22,deg,ALU,0.210574,none,0.0844523,CLAS,e-,10.6,p,0.938272088
422,0.195428,-0.184762,2.12561,1.79039,22,deg,ALU,0.440373,none,0.0942546,CLAS,e-,10.6,p,0.938272088
423,0.193422,-0.18849,2.10717,1.96648,22,deg,ALU,0.328443,none,0.086122,CLAS,e-,10.6,p,0.938272088
424,0.186195,-0.188305,2.13857,2.15389,22,deg,ALU,0.324793,none,0.100601,CLAS,e-,10.6,p,0.938272088
425,0.182351,-0.186537,2.12923,2.34851,22,deg,ALU,0.101154,none,0.118321,CLAS,e-,10.6,p,0.938272088
426,0.179874,-0.192578,2.13139,2.54636,22,deg,ALU,0.159614,none,0.120646,CLAS,e-,10.6,p,0.938272088
427,0.181674,-0.195436,2.13578,2.76898,22,deg,ALU,0.256973,none,0.106345,CLAS,e-,10.6,p,0.938272088
428,0.179633,-0.193166,2.10926,3.01269,22,deg,ALU,0.0249093,none,0.123805,CLAS,e-,10.6,p,0.938272088
429,0.178255,-0.190964,2.10807,3.34939,22,deg,ALU,0.114744,none,0.111728,CLAS,e-,10.6,p,0.938272088
430,0.183317,-0.192984,2.11838,3.70975,22,deg,ALU,-0.198741,none,0.107462,CLAS,e-,10.6,p,0.938272088
431,0.198236,-0.195189,2.10431,4.20714,22,deg,ALU,-0.35389,none,0.117387,CLAS,e-,10.6,p,0.938272088
432,0.213912,-0.191946,2.08711,4.73649,22,deg,ALU,-0.274173,none,0.11778,CLAS,e-,10.6,p,0.938272088
433,0.223145,-0.176767,2.08632,5.23317,22,deg,ALU,-0.359348,none,0.107545,CLAS,e-,10.6,p,0.938272088
434,0.216581,-0.17171,2.10983,5.56978,22,deg,ALU,-0.181301,none,0.140121,CLAS,e-,10.6,p,0.938272088
435,0.210826,-0.176821,2.16428,5.7573,22,deg,ALU,-0.112413,none,0.108885,CLAS,e-,10.6,p,0.938272088
436,0.204803,-0.18227,2.14585,5.94469,22,deg,ALU,-0.0305879,none,0.0556864,CLAS,e-,10.6,p,0.938272088
437,0.202171,-0.184411,2.14858,6.15994,22,deg,ALU,-0.00307035,none,0.0416878,CLAS,e-,10.6,p,0.938272088
438,0.309911,-0.235207,2.13305,0.0979877,23,deg,ALU,0.0647052,none,0.0848925,CLAS,e-,10.6,p,0.938272088
439,0.307757,-0.237602,2.14849,0.288524,23,deg,ALU,0.18827,none,0.0960871,CLAS,e-,10.6,p,0.938272088
440,0.304439,-0.235275,2.08776,0.471012,23,deg,ALU,0.32429,none,0.0858301,CLAS,e-,10.6,p,0.938272088
441,0.303591,-0.22735,2.11551,0.65559,23,deg,ALU,0.130206,none,0.11815,CLAS,e-,10.6,p,0.938272088
442,0.305596,-0.230758,2.09475,0.840671,23,deg,ALU,0.361555,none,0.135892,CLAS,e-,10.6,p,0.938272088
443,0.311882,-0.247379,2.1052,1.03572,23,deg,ALU,0.112195,none,0.161371,CLAS,e-,10.6,p,0.938272088
444,0.298177,-0.245341,2.13432,1.36203,23,deg,ALU,0.346127,none,0.165542,CLAS,e-,10.6,p,0.938272088
445,0.309632,-0.257793,2.11173,4.65746,23,deg,ALU,-0.023685,none,0.204517,CLAS,e-,10.6,p,0.938272088
446,0.313266,-0.246129,2.10954,5.20762,23,deg,ALU,-0.0354776,none,0.139317,CLAS,e-,10.6,p,0.938272088
447,0.315791,-0.238182,2.11076,5.53811,23,deg,ALU,-0.339098,none,0.135057,CLAS,e-,10.6,p,0.938272088
448,0.311085,-0.228453,2.12348,5.74922,23,deg,ALU,-0.172048,none,0.115114,CLAS,e-,10.6,p,0.938272088
449,0.310786,-0.233133,2.10774,5.94323,23,deg,ALU,-0.123449,none,0.10058,CLAS,e-,10.6,p,0.938272088
450,0.30965,-0.239274,2.12306,6.15318,23,deg,ALU,-0.230803,none,0.0739908,CLAS,e-,10.6,p,0.938272088
451,0.152067,-0.270046,1.94443,0.0969522,24,deg,ALU,0.047737,none,0.0493895,CLAS,e-,10.6,p,0.938272088
452,0.150589,-0.285511,1.97815,0.295776,24,deg,ALU,-0.00153711,none,0.0386833,CLAS,e-,10.6,p,0.938272088
453,0.146131,-0.300818,2.02737,0.477914,24,deg,ALU,0.118707,none,0.0257633,CLAS,e-,10.6,p,0.938272088
454,0.138727,-0.305321,2.05602,0.660741,24,deg,ALU,0.138681,none,0.024072,CLAS,e-,10.6,p,0.938272088
455,0.13316,-0.299587,2.04061,0.827385,24,deg,ALU,0.204382,none,0.0432747,CLAS,e-,10.6,p,0.938272088
456,0.129517,-0.28135,2.02433,1.00386,24,deg,ALU,0.13789,none,0.166139,CLAS,e-,10.6,p,0.938272088
457,0.148022,-0.283778,2.01242,1.58488,24,deg,ALU,0.133922,none,0.17969,CLAS,e-,10.6,p,0.938272088
458,0.143972,-0.292114,2.02601,1.93325,24,deg,ALU,0.247794,none,0.103623,CLAS,e-,10.6,p,0.938272088
459,0.142126,-0.305384,2.00628,2.17842,24,deg,ALU,0.0342292,none,0.116453,CLAS,e-,10.6,p,0.938272088
460,0.142952,-0.294064,2.04667,2.3527,24,deg,ALU,0.210784,none,0.0823447,CLAS,e-,10.6,p,0.938272088
461,0.142309,-0.30417,2.02375,2.54871,24,deg,ALU,0.0164021,none,0.0919438,CLAS,e-,10.6,p,0.938272088
462,0.142538,-0.304185,2.01232,2.73361,24,deg,ALU,-0.0195501,none,0.0950782,CLAS,e-,10.6,p,0.938272088
463,0.141929,-0.30715,1.99307,2.92589,24,deg,ALU,0.0221407,none,0.0974737,CLAS,e-,10.6,p,0.938272088
464,0.142618,-0.306647,2.00951,3.10512,24,deg,ALU,-0.129795,none,0.105638,CLAS,e-,10.6,p,0.938272088
465,0.145329,-0.305086,1.99763,3.32173,24,deg,ALU,-0.221869,none,0.122342,CLAS,e-,10.6,p,0.938272088
466,0.145031,-0.302075,2.00152,3.56011,24,deg,ALU,0.123281,none,0.111985,CLAS,e-,10.6,p,0.938272088
467,0.145261,-0.314929,2.03995,4.03688,24,deg,ALU,-0.128046,none,0.158575,CLAS,e-,10.6,p,0.938272088
468,0.141354,-0.332344,2.04457,4.51264,24,deg,ALU,-0.223161,none,0.115154,CLAS,e-,10.6,p,0.938272088
469,0.141807,-0.327977,1.95628,4.92409,24,deg,ALU,-0.346933,none,0.130396,CLAS,e-,10.6,p,0.938272088
470,0.130418,-0.2891,2.02447,5.3334,24,deg,ALU,-0.141654,none,0.0839073,CLAS,e-,10.6,p,0.938272088
471,0.134526,-0.299221,2.04409,5.51314,24,deg,ALU,-0.130034,none,0.0307023,CLAS,e-,10.6,p,0.938272088
472,0.141638,-0.306113,2.05515,5.68106,24,deg,ALU,-0.147231,none,0.0235995,CLAS,e-,10.6,p,0.938272088
473,0.148093,-0.300938,2.0046,5.86608,24,deg,ALU,-0.0824522,none,0.0283347,CLAS,e-,10.6,p,0.938272088
474,0.15185,-0.279125,1.9541,6.10523,24,deg,ALU,-0.0196411,none,0.0332207,CLAS,e-,10.6,p,0.938272088
475,0.182153,-0.327071,2.14063,0.0934816,25,deg,ALU,0.0336245,none,0.0304527,CLAS,e-,10.6,p,0.938272088
476,0.183907,-0.327696,2.16935,0.280271,25,deg,ALU,0.0512084,none,0.034321,CLAS,e-,10.6,p,0.938272088
477,0.186596,-0.324833,2.20387,0.462132,25,deg,ALU,0.190238,none,0.0504431,CLAS,e-,10.6,p,0.938272088
478,0.198449,-0.315746,2.19865,0.644727,25,deg,ALU,0.100397,none,0.11466,CLAS,e-,10.6,p,0.938272088
479,0.213225,-0.298419,2.11147,1.02209,25,deg,ALU,0.52726,none,0.110636,CLAS,e-,10.6,p,0.938272088
480,0.207245,-0.309791,2.12608,1.35081,25,deg,ALU,0.227806,none,0.127544,CLAS,e-,10.6,p,0.938272088
481,0.208805,-0.312887,2.12003,1.54043,25,deg,ALU,0.143374,none,0.119502,CLAS,e-,10.6,p,0.938272088
482,0.202534,-0.317259,2.12392,1.72554,25,deg,ALU,0.353145,none,0.106307,CLAS,e-,10.6,p,0.938272088
483,0.200431,-0.320453,2.11549,1.91016,25,deg,ALU,0.183894,none,0.125298,CLAS,e-,10.6,p,0.938272088
484,0.201918,-0.323072,2.09422,2.09527,25,deg,ALU,-0.0198716,none,0.119731,CLAS,e-,10.6,p,0.938272088
485,0.194773,-0.323731,2.10987,2.29302,25,deg,ALU,0.140342,none,0.0958558,CLAS,e-,10.6,p,0.938272088
486,0.188639,-0.324487,2.10659,2.48615,25,deg,ALU,0.267886,none,0.091848,CLAS,e-,10.6,p,0.938272088
487,0.189644,-0.324464,2.10728,2.66992,25,deg,ALU,-0.0334328,none,0.102795,CLAS,e-,10.6,p,0.938272088
488,0.186758,-0.331576,2.11048,2.86009,25,deg,ALU,0.0462278,none,0.0900301,CLAS,e-,10.6,p,0.938272088
489,0.187184,-0.337037,2.11229,3.04532,25,deg,ALU,-0.0957902,none,0.107338,CLAS,e-,10.6,p,0.938272088
490,0.191276,-0.339007,2.11488,3.2287,25,deg,ALU,0.0736069,none,0.127056,CLAS,e-,10.6,p,0.938272088
491,0.188612,-0.330288,2.08704,3.42116,25,deg,ALU,-0.29044,none,0.119353,CLAS,e-,10.6,p,0.938272088
492,0.191092,-0.335719,2.08371,3.62051,25,deg,ALU,-0.0374075,none,0.152674,CLAS,e-,10.6,p,0.938272088
493,0.193281,-0.320988,2.12162,3.78977,25,deg,ALU,-0.111934,none,0.132505,CLAS,e-,10.6,p,0.938272088
494,0.198202,-0.334243,2.08474,4.01294,25,deg,ALU,-0.094314,none,0.15103,CLAS,e-,10.6,p,0.938272088
495,0.208281,-0.350392,2.11124,4.33697,25,deg,ALU,-0.347074,none,0.129989,CLAS,e-,10.6,p,0.938272088
496,0.194536,-0.342219,2.10852,4.7222,25,deg,ALU,-0.432958,none,0.126078,CLAS,e-,10.6,p,0.938272088
497,0.19578,-0.343329,2.11592,5.0361,25,deg,ALU,-0.319723,none,0.123113,CLAS,e-,10.6,p,0.938272088
498,0.199037,-0.347697,2.06845,5.26247,25,deg,ALU,-0.277074,none,0.121533,CLAS,e-,10.6,p,0.938272088
499,0.186116,-0.347043,2.19215,5.59306,25,deg,ALU,-0.110461,none,0.163563,CLAS,e-,10.6,p,0.938272088
500,0.170397,-0.335911,2.26153,5.82738,25,deg,ALU,-0.0953551,none,0.0601915,CLAS,e-,10.6,p,0.938272088
501,0.175431,-0.333074,2.18553,6.00037,25,deg,ALU,-0.0872222,none,0.0358058,CLAS,e-,10.6,p,0.938272088
502,0.181745,-0.327674,2.13507,6.18882,25,deg,ALU,0.00879561,none,0.0312733,CLAS,e-,10.6,p,0.938272088
503,0.310132,-0.400263,2.11727,0.0901249,26,deg,ALU,0.0142212,none,0.0838804,CLAS,e-,10.6,p,0.938272088
504,0.306192,-0.391297,2.12941,0.282219,26,deg,ALU,0.191896,none,0.0937388,CLAS,e-,10.6,p,0.938272088
505,0.304319,-0.369944,2.12014,0.467937,26,deg,ALU,0.137717,none,0.110309,CLAS,e-,10.6,p,0.938272088
506,0.317343,-0.386297,2.13642,0.679728,26,deg,ALU,0.228133,none,0.160087,CLAS,e-,10.6,p,0.938272088
507,0.3222,-0.390263,2.12039,0.957846,26,deg,ALU,0.142231,none,0.167753,CLAS,e-,10.6,p,0.938272088
508,0.314297,-0.385075,2.12115,1.39858,26,deg,ALU,0.0901484,none,0.177393,CLAS,e-,10.6,p,0.938272088
509,0.309073,-0.403161,2.12891,1.80939,26,deg,ALU,-0.0644228,none,0.174744,CLAS,e-,10.6,p,0.938272088
510,0.305138,-0.414512,2.15515,2.28567,26,deg,ALU,0.208191,none,0.153224,CLAS,e-,10.6,p,0.938272088
511,0.292964,-0.402247,2.16001,2.99384,26,deg,ALU,0.244062,none,0.141624,CLAS,e-,10.6,p,0.938272088
512,0.292566,-0.406616,2.12498,3.56263,26,deg,ALU,-0.170063,none,0.217593,CLAS,e-,10.6,p,0.938272088
513,0.312121,-0.424474,2.17141,4.17938,26,deg,ALU,-0.124451,none,0.22231,CLAS,e-,10.6,p,0.938272088
514,0.305758,-0.401244,2.10749,4.80679,26,deg,ALU,-0.468984,none,0.249373,CLAS,e-,10.6,p,0.938272088
515,0.309404,-0.386562,2.12903,5.49532,26,deg,ALU,-0.186317,none,0.159886,CLAS,e-,10.6,p,0.938272088
516,0.311436,-0.378667,2.10282,5.92218,26,deg,ALU,-0.10054,none,0.127122,CLAS,e-,10.6,p,0.938272088
517,0.310744,-0.3957,2.12395,6.16765,26,deg,ALU,-0.189301,none,0.0719326,CLAS,e-,10.6,p,0.938272088
518,0.153395,-0.542516,1.90464,0.38936,27,deg,ALU,0.143483,none,0.0758993,CLAS,e-,10.6,p,0.938272088
519,0.143699,-0.588216,2.02515,0.544787,27,deg,ALU,0.110566,none,0.0293008,CLAS,e-,10.6,p,0.938272088
520,0.135965,-0.538687,2.04763,0.70406,27,deg,ALU,0.1231,none,0.035991,CLAS,e-,10.6,p,0.938272088
521,0.132531,-0.505383,2.03644,0.879733,27,deg,ALU,0.0859768,none,0.168955,CLAS,e-,10.6,p,0.938272088
522,0.145409,-0.655247,1.95362,1.25541,27,deg,ALU,0.427264,none,0.154305,CLAS,e-,10.6,p,0.938272088
523,0.14432,-0.539325,2.04335,2.03401,27,deg,ALU,0.177214,none,0.152212,CLAS,e-,10.6,p,0.938272088
524,0.141928,-0.550797,2.02057,2.42489,27,deg,ALU,0.207195,none,0.10863,CLAS,e-,10.6,p,0.938272088
525,0.141125,-0.575914,1.99208,2.67004,27,deg,ALU,-0.00457868,none,0.144135,CLAS,e-,10.6,p,0.938272088
526,0.141012,-0.5641,2.00555,2.86403,27,deg,ALU,-0.18475,none,0.123804,CLAS,e-,10.6,p,0.938272088
527,0.143304,-0.561246,2.01609,3.06947,27,deg,ALU,-0.147564,none,0.131932,CLAS,e-,10.6,p,0.938272088
528,0.144965,-0.57331,2.03188,3.39116,27,deg,ALU,0.0110658,none,0.138933,CLAS,e-,10.6,p,0.938272088
529,0.13998,-0.565424,2.03222,3.98295,27,deg,ALU,-0.203964,none,0.142609,CLAS,e-,10.6,p,0.938272088
530,0.142708,-0.584993,2.04893,4.44837,27,deg,ALU,-0.0967734,none,0.120513,CLAS,e-,10.6,p,0.938272088
531,0.142518,-0.583406,2.00712,4.70712,27,deg,ALU,-0.319454,none,0.0982249,CLAS,e-,10.6,p,0.938272088
532,0.146932,-0.595338,1.96272,4.92285,27,deg,ALU,-0.0596594,none,0.123994,CLAS,e-,10.6,p,0.938272088
533,0.142798,-0.554348,1.97493,5.21924,27,deg,ALU,-0.112832,none,0.110744,CLAS,e-,10.6,p,0.938272088
534,0.134166,-0.522932,2.04042,5.52188,27,deg,ALU,-0.132639,none,0.0602236,CLAS,e-,10.6,p,0.938272088
535,0.140408,-0.576549,2.03196,5.68957,27,deg,ALU,-0.0767849,none,0.0285279,CLAS,e-,10.6,p,0.938272088
536,0.149076,-0.582381,1.94339,5.83753,27,deg,ALU,-0.103113,none,0.044917,CLAS,e-,10.6,p,0.938272088
537,0.198816,-0.564696,2.08791,0.0969267,28,deg,ALU,0.059445,none,0.0373525,CLAS,e-,10.6,p,0.938272088
538,0.185465,-0.577719,2.0944,0.283625,28,deg,ALU,0.0985114,none,0.0352284,CLAS,e-,10.6,p,0.938272088
539,0.171516,-0.594023,2.18961,0.460357,28,deg,ALU,0.191503,none,0.0416081,CLAS,e-,10.6,p,0.938272088
540,0.175842,-0.596479,2.25168,0.631193,28,deg,ALU,0.23245,none,0.139489,CLAS,e-,10.6,p,0.938272088
541,0.20192,-0.677719,2.01852,0.933978,28,deg,ALU,0.22749,none,0.117216,CLAS,e-,10.6,p,0.938272088
542,0.193227,-0.655321,2.09126,1.20956,28,deg,ALU,0.123447,none,0.140621,CLAS,e-,10.6,p,0.938272088
543,0.207357,-0.595921,2.09257,1.68225,28,deg,ALU,0.320186,none,0.143056,CLAS,e-,10.6,p,0.938272088
544,0.203742,-0.556074,2.07841,1.98115,28,deg,ALU,0.0643789,none,0.153319,CLAS,e-,10.6,p,0.938272088
545,0.200598,-0.575978,2.0857,2.20962,28,deg,ALU,0.109687,none,0.13692,CLAS,e-,10.6,p,0.938272088
546,0.204392,-0.587808,2.10102,2.42422,28,deg,ALU,-0.279175,none,0.155881,CLAS,e-,10.6,p,0.938272088
547,0.198595,-0.584641,2.10672,2.60677,28,deg,ALU,0.207381,none,0.123466,CLAS,e-,10.6,p,0.938272088
548,0.193851,-0.589842,2.11842,2.8024,28,deg,ALU,0.00158126,none,0.111973,CLAS,e-,10.6,p,0.938272088
549,0.192235,-0.576302,2.1085,2.98289,28,deg,ALU,0.0331428,none,0.116421,CLAS,e-,10.6,p,0.938272088
550,0.199043,-0.592861,2.09645,3.1685,28,deg,ALU,-0.181048,none,0.134744,CLAS,e-,10.6,p,0.938272088
551,0.209719,-0.588555,2.06932,3.36495,28,deg,ALU,-0.0623833,none,0.135319,CLAS,e-,10.6,p,0.938272088
552,0.206964,-0.587386,2.09284,3.57936,28,deg,ALU,0.0783984,none,0.128671,CLAS,e-,10.6,p,0.938272088
553,0.200419,-0.594557,2.08449,3.92468,28,deg,ALU,0.0585793,none,0.156328,CLAS,e-,10.6,p,0.938272088
554,0.195837,-0.607546,2.12178,4.39342,28,deg,ALU,-0.235465,none,0.161146,CLAS,e-,10.6,p,0.938272088
555,0.187664,-0.607812,2.07621,4.68154,28,deg,ALU,-0.194625,none,0.140901,CLAS,e-,10.6,p,0.938272088
556,0.191033,-0.593546,2.15002,4.8718,28,deg,ALU,-0.191281,none,0.118877,CLAS,e-,10.6,p,0.938272088
557,0.195457,-0.616368,2.11634,5.05996,28,deg,ALU,-0.333938,none,0.118578,CLAS,e-,10.6,p,0.938272088
558,0.195412,-0.606979,2.08893,5.24446,28,deg,ALU,-0.208042,none,0.0995933,CLAS,e-,10.6,p,0.938272088
559,0.210065,-0.620697,2.06711,5.43904,28,deg,ALU,-0.226149,none,0.0958491,CLAS,e-,10.6,p,0.938272088
560,0.195135,-0.604314,2.17815,5.63246,28,deg,ALU,-0.194264,none,0.092746,CLAS,e-,10.6,p,0.938272088
561,0.173299,-0.600671,2.1719,5.82436,28,deg,ALU,-0.185429,none,0.0404732,CLAS,e-,10.6,p,0.938272088
562,0.184386,-0.589306,2.09309,5.98985,28,deg,ALU,-0.14927,none,0.0310636,CLAS,e-,10.6,p,0.938272088
563,0.200369,-0.579038,2.09459,6.18615,28,deg,ALU,-0.0479698,none,0.0365143,CLAS,e-,10.6,p,0.938272088
564,0.307372,-0.633335,2.11638,0.0812236,29,deg,ALU,-0.0605118,none,0.112035,CLAS,e-,10.6,p,0.938272088
565,0.326826,-0.653242,2.15523,0.438276,29,deg,ALU,0.283842,none,0.144533,CLAS,e-,10.6,p,0.938272088
566,0.295985,-0.666258,2.05361,1.14095,29,deg,ALU,-0.153186,none,0.326015,CLAS,e-,10.6,p,0.938272088
567,0.318653,-0.679882,2.12709,1.82403,29,deg,ALU,0.0196028,none,0.194865,CLAS,e-,10.6,p,0.938272088
568,0.314356,-0.667171,2.13738,2.28825,29,deg,ALU,0.208456,none,0.141514,CLAS,e-,10.6,p,0.938272088
569,0.296117,-0.680442,2.15888,2.75321,29,deg,ALU,0.124085,none,0.147216,CLAS,e-,10.6,p,0.938272088
570,0.29589,-0.679808,2.18402,3.33892,29,deg,ALU,-0.0680932,none,0.15568,CLAS,e-,10.6,p,0.938272088
571,0.305502,-0.658568,2.07337,3.98033,29,deg,ALU,0.0129501,none,0.150518,CLAS,e-,10.6,p,0.938272088
572,0.326867,-0.714517,2.11371,4.53332,29,deg,ALU,-0.042007,none,0.30688,CLAS,e-,10.6,p,0.938272088
573,0.305048,-0.702729,2.08261,5.2514,29,deg,ALU,-0.0964805,none,0.327492,CLAS,e-,10.6,p,0.938272088
574,0.319772,-0.722673,2.1175,5.78707,29,deg,ALU,0.153155,none,0.158822,CLAS,e-,10.6,p,0.938272088
575,0.319397,-0.638724,2.11418,6.21154,29,deg,ALU,-0.045866,none,0.104987,CLAS,e-,10.6,p,0.938272088
576,0.138469,-1.37848,1.98825,0.0846817,29,deg,ALU,-0.0221817,none,0.087504,CLAS,e-,10.6,p,0.938272088
577,0.140095,-1.18859,1.9861,0.295308,29,deg,ALU,-0.0728331,none,0.0698943,CLAS,e-,10.6,p,0.938272088
578,0.14145,-0.980153,2.02031,0.463594,29,deg,ALU,0.209309,none,0.0550553,CLAS,e-,10.6,p,0.938272088
579,0.14007,-1.03259,2.03832,0.6876,29,deg,ALU,0.102643,none,0.129279,CLAS,e-,10.6,p,0.938272088
580,0.143831,-1.33042,2.02176,1.28627,29,deg,ALU,0.178857,none,0.176668,CLAS,e-,10.6,p,0.938272088
581,0.141234,-1.07235,1.98713,2.66057,29,deg,ALU,-0.100104,none,0.186628,CLAS,e-,10.6,p,0.938272088
582,0.142368,-1.12232,2.0491,4.5701,29,deg,ALU,0.437292,none,0.150872,CLAS,e-,10.6,p,0.938272088
583,0.146706,-1.20933,2.02094,5.08352,29,deg,ALU,-0.349416,none,0.244968,CLAS,e-,10.6,p,0.938272088
584,0.13997,-1.01422,2.07718,5.70189,29,deg,ALU,-0.0847949,none,0.0896402,CLAS,e-,10.6,p,0.938272088
585,0.141562,-1.02208,2.01267,5.86374,29,deg,ALU,-0.126924,none,0.0474779,CLAS,e-,10.6,p,0.938272088
586,0.140956,-1.34799,2.00665,6.10089,29,deg,ALU,-0.0495358,none,0.0555668,CLAS,e-,10.6,p,0.938272088
587,0.206434,-1.46869,2.08646,0.106433,29,deg,ALU,-0.124612,none,0.0753819,CLAS,e-,10.6,p,0.938272088
588,0.199999,-1.15934,2.09921,0.287351,29,deg,ALU,-0.00173656,none,0.0480078,CLAS,e-,10.6,p,0.938272088
589,0.180848,-1.10294,2.17698,0.443937,29,deg,ALU,0.139566,none,0.0920371,CLAS,e-,10.6,p,0.938272088
590,0.207302,-1.19319,2.0761,0.746774,29,deg,ALU,0.0395782,none,0.108552,CLAS,e-,10.6,p,0.938272088
591,0.203384,-1.16317,2.09668,1.01028,29,deg,ALU,0.227816,none,0.112912,CLAS,e-,10.6,p,0.938272088
592,0.201774,-1.22815,2.06482,1.35156,29,deg,ALU,0.041555,none,0.177643,CLAS,e-,10.6,p,0.938272088
593,0.211126,-1.21367,2.06842,2.65826,29,deg,ALU,0.267255,none,0.149915,CLAS,e-,10.6,p,0.938272088
594,0.211144,-1.29695,2.07382,3.00496,29,deg,ALU,0.0428675,none,0.159208,CLAS,e-,10.6,p,0.938272088
595,0.21771,-1.15978,2.10655,3.5126,29,deg,ALU,-0.0383115,none,0.173612,CLAS,e-,10.6,p,0.938272088
596,0.208551,-1.32442,2.07598,4.20894,29,deg,ALU,-0.15886,none,0.211165,CLAS,e-,10.6,p,0.938272088
597,0.201074,-1.2555,2.09202,4.74722,29,deg,ALU,-0.185727,none,0.197008,CLAS,e-,10.6,p,0.938272088
598,0.196506,-1.06662,2.101,5.05223,29,deg,ALU,-0.216975,none,0.141042,CLAS,e-,10.6,p,0.938272088
599,0.208404,-1.18464,2.12191,5.35909,29,deg,ALU,-0.0531877,none,0.134881,CLAS,e-,10.6,p,0.938272088
600,0.190743,-1.13604,2.16347,5.73203,29,deg,ALU,-0.18064,none,0.120791,CLAS,e-,10.6,p,0.938272088
601,0.189343,-1.10704,2.12789,5.9401,29,deg,ALU,-0.0779646,none,0.0464016,CLAS,e-,10.6,p,0.938272088
602,0.209887,-1.33884,2.09151,6.126,29,deg,ALU,0.0452827,none,0.0538303,CLAS,e-,10.6,p,0.938272088
603,0.30601,-1.3341,2.13253,0.304206,30,deg,ALU,0.108246,none,0.13557,CLAS,e-,10.6,p,0.938272088
604,0.289359,-1.14897,2.11888,0.84884,30,deg,ALU,0.424005,none,0.257625,CLAS,e-,10.6,p,0.938272088
605,0.309512,-1.18551,2.19873,2.17851,30,deg,ALU,-0.178966,none,0.253015,CLAS,e-,10.6,p,0.938272088
606,0.279809,-1.13833,2.13794,2.7479,30,deg,ALU,0.168611,none,0.256432,CLAS,e-,10.6,p,0.938272088
607,0.295669,-1.31341,2.15178,4.15313,30,deg,ALU,0.31287,none,0.203987,CLAS,e-,10.6,p,0.938272088
608,0.302615,-1.52544,2.17046,4.62081,30,deg,ALU,-0.322592,none,0.394536,CLAS,e-,10.6,p,0.938272088
609,0.317572,-1.21556,2.15767,5.38819,30,deg,ALU,-0.291079,none,0.222234,CLAS,e-,10.6,p,0.938272088
610,0.298602,-1.21149,2.13074,5.98901,30,deg,ALU,-0.073852,none,0.105538,CLAS,e-,10.6,p,0.938272088
611,0.181162,-0.17333,2.73728,0.0930572,30,deg,ALU,0.00642873,none,0.0294845,CLAS,e-,10.6,p,0.938272088
612,0.179714,-0.175554,2.73276,0.283468,30,deg,ALU,0.146139,none,0.0289518,CLAS,e-,10.6,p,0.938272088
613,0.176519,-0.179421,2.70667,0.464856,30,deg,ALU,0.0164214,none,0.0341971,CLAS,e-,10.6,p,0.938272088
614,0.174057,-0.179905,2.68434,0.644654,30,deg,ALU,0.103438,none,0.0561691,CLAS,e-,10.6,p,0.938272088
615,0.171998,-0.173829,2.62095,0.82762,30,deg,ALU,0.169256,none,0.102939,CLAS,e-,10.6,p,0.938272088
616,0.191952,-0.175984,2.56192,1.18014,30,deg,ALU,0.313265,none,0.107745,CLAS,e-,10.6,p,0.938272088
617,0.193913,-0.181976,2.6276,1.50657,30,deg,ALU,0.372816,none,0.0997073,CLAS,e-,10.6,p,0.938272088
618,0.191549,-0.188642,2.67229,1.75432,30,deg,ALU,-0.074079,none,0.126017,CLAS,e-,10.6,p,0.938272088
619,0.187338,-0.186256,2.68548,2.05186,30,deg,ALU,0.398464,none,0.0922954,CLAS,e-,10.6,p,0.938272088
620,0.188151,-0.192357,2.6618,2.29153,30,deg,ALU,0.0549948,none,0.104082,CLAS,e-,10.6,p,0.938272088
621,0.187555,-0.188838,2.67057,2.47942,30,deg,ALU,0.0379981,none,0.123365,CLAS,e-,10.6,p,0.938272088
622,0.18463,-0.197125,2.64436,2.7066,30,deg,ALU,0.0246008,none,0.104048,CLAS,e-,10.6,p,0.938272088
623,0.185083,-0.198054,2.65946,2.97753,30,deg,ALU,0.252805,none,0.0955445,CLAS,e-,10.6,p,0.938272088
624,0.186247,-0.193446,2.68197,3.35057,30,deg,ALU,0.0709555,none,0.107379,CLAS,e-,10.6,p,0.938272088
625,0.187521,-0.187201,2.65433,3.84568,30,deg,ALU,-0.137818,none,0.119353,CLAS,e-,10.6,p,0.938272088
626,0.168898,-0.172825,2.60651,5.35462,30,deg,ALU,0.0133442,none,0.144004,CLAS,e-,10.6,p,0.938272088
627,0.171349,-0.180733,2.66915,5.57032,30,deg,ALU,-0.198793,none,0.0740834,CLAS,e-,10.6,p,0.938272088
628,0.175058,-0.183656,2.69421,5.7533,30,deg,ALU,-0.0903145,none,0.0426911,CLAS,e-,10.6,p,0.938272088
629,0.178899,-0.17753,2.72978,5.93715,30,deg,ALU,-0.0630041,none,0.0343543,CLAS,e-,10.6,p,0.938272088
630,0.181241,-0.174067,2.73802,6.15791,30,deg,ALU,-0.0186581,none,0.0261404,CLAS,e-,10.6,p,0.938272088
631,0.26923,-0.21288,2.77461,0.0952529,31,deg,ALU,0.0808242,none,0.0579834,CLAS,e-,10.6,p,0.938272088
632,0.266732,-0.210026,2.75666,0.285196,31,deg,ALU,0.0498451,none,0.053069,CLAS,e-,10.6,p,0.938272088
633,0.266115,-0.214552,2.75534,0.46863,31,deg,ALU,0.245789,none,0.0481858,CLAS,e-,10.6,p,0.938272088
634,0.263189,-0.20917,2.76163,0.656457,31,deg,ALU,0.174913,none,0.0598703,CLAS,e-,10.6,p,0.938272088
635,0.26365,-0.211026,2.75518,0.842231,31,deg,ALU,0.24937,none,0.0656863,CLAS,e-,10.6,p,0.938272088
636,0.256635,-0.202371,2.78365,1.03662,31,deg,ALU,0.292916,none,0.0828488,CLAS,e-,10.6,p,0.938272088
637,0.249598,-0.204611,2.81951,1.22397,31,deg,ALU,0.452921,none,0.0713105,CLAS,e-,10.6,p,0.938272088
638,0.246572,-0.211478,2.81523,1.41095,31,deg,ALU,0.456999,none,0.0994503,CLAS,e-,10.6,p,0.938272088
639,0.245703,-0.215705,2.84718,1.60052,31,deg,ALU,0.415593,none,0.0887428,CLAS,e-,10.6,p,0.938272088
640,0.239403,-0.210445,2.86217,1.83127,31,deg,ALU,0.347293,none,0.0967296,CLAS,e-,10.6,p,0.938272088
641,0.238598,-0.221201,2.85945,2.24213,31,deg,ALU,0.111778,none,0.111365,CLAS,e-,10.6,p,0.938272088
642,0.252152,-0.239814,2.8105,2.81331,31,deg,ALU,0.0277534,none,0.111832,CLAS,e-,10.6,p,0.938272088
643,0.254263,-0.238505,2.8624,3.45938,31,deg,ALU,-0.0252911,none,0.125949,CLAS,e-,10.6,p,0.938272088
644,0.247323,-0.233075,2.7921,4.07663,31,deg,ALU,-0.102826,none,0.157785,CLAS,e-,10.6,p,0.938272088
645,0.251303,-0.214653,2.77011,4.71899,31,deg,ALU,-0.428299,none,0.0970869,CLAS,e-,10.6,p,0.938272088
646,0.267904,-0.214464,2.78667,5.13566,31,deg,ALU,-0.24965,none,0.120461,CLAS,e-,10.6,p,0.938272088
647,0.271115,-0.20765,2.77766,5.42224,31,deg,ALU,-0.429358,none,0.0970654,CLAS,e-,10.6,p,0.938272088
648,0.271359,-0.210423,2.76762,5.6271,31,deg,ALU,-0.25328,none,0.0887071,CLAS,e-,10.6,p,0.938272088
649,0.268908,-0.210193,2.79367,5.81987,31,deg,ALU,-0.154128,none,0.0718127,CLAS,e-,10.6,p,0.938272088
650,0.268514,-0.214666,2.77567,6.0025,31,deg,ALU,-0.168025,none,0.0631117,CLAS,e-,10.6,p,0.938272088
651,0.267567,-0.213681,2.78433,6.1896,31,deg,ALU,-0.124973,none,0.0570749,CLAS,e-,10.6,p,0.938272088
652,0.384578,-0.313099,2.81292,0.0956667,32,deg,ALU,-0.0361733,none,0.121591,CLAS,e-,10.6,p,0.938272088
653,0.380267,-0.317424,2.80543,0.284402,32,deg,ALU,0.261019,none,0.122591,CLAS,e-,10.6,p,0.938272088
654,0.379079,-0.311141,2.86749,0.510837,32,deg,ALU,0.397282,none,0.100769,CLAS,e-,10.6,p,0.938272088
655,0.373879,-0.309638,2.79208,0.766109,32,deg,ALU,0.386272,none,0.111955,CLAS,e-,10.6,p,0.938272088
656,0.383034,-0.31851,2.82525,1.13999,32,deg,ALU,0.218277,none,0.131252,CLAS,e-,10.6,p,0.938272088
657,0.391167,-0.321806,2.82644,1.68976,32,deg,ALU,0.224581,none,0.13411,CLAS,e-,10.6,p,0.938272088
658,0.404629,-0.323214,2.91324,4.17818,32,deg,ALU,-0.302817,none,0.20342,CLAS,e-,10.6,p,0.938272088
659,0.395749,-0.322635,2.78727,4.83159,32,deg,ALU,0.10111,none,0.239307,CLAS,e-,10.6,p,0.938272088
660,0.385286,-0.31466,2.81472,5.43318,32,deg,ALU,0.0860263,none,0.188882,CLAS,e-,10.6,p,0.938272088
661,0.379828,-0.303285,2.82763,5.77963,32,deg,ALU,-0.308334,none,0.129112,CLAS,e-,10.6,p,0.938272088
662,0.382089,-0.315185,2.80588,6.00165,32,deg,ALU,-0.250907,none,0.152225,CLAS,e-,10.6,p,0.938272088
663,0.383625,-0.310153,2.84254,6.19299,32,deg,ALU,-0.0129932,none,0.138408,CLAS,e-,10.6,p,0.938272088
664,0.19356,-0.314778,2.68765,0.0946275,33,deg,ALU,0.0583874,none,0.0319459,CLAS,e-,10.6,p,0.938272088
665,0.190759,-0.313135,2.72495,0.286969,33,deg,ALU,0.0440803,none,0.0308769,CLAS,e-,10.6,p,0.938272088
666,0.185028,-0.32404,2.74313,0.474272,33,deg,ALU,0.13747,none,0.025447,CLAS,e-,10.6,p,0.938272088
667,0.177281,-0.324122,2.71867,0.645376,33,deg,ALU,0.141181,none,0.0362184,CLAS,e-,10.6,p,0.938272088
668,0.171236,-0.317711,2.66649,0.82197,33,deg,ALU,0.169704,none,0.0823462,CLAS,e-,10.6,p,0.938272088
669,0.191846,-0.302586,2.6413,1.33484,33,deg,ALU,0.147465,none,0.128223,CLAS,e-,10.6,p,0.938272088
670,0.189596,-0.316342,2.69327,1.69661,33,deg,ALU,0.144965,none,0.107699,CLAS,e-,10.6,p,0.938272088
671,0.188174,-0.318831,2.66339,1.95332,33,deg,ALU,0.161405,none,0.100167,CLAS,e-,10.6,p,0.938272088
672,0.189362,-0.325707,2.68598,2.2083,33,deg,ALU,0.261222,none,0.0875254,CLAS,e-,10.6,p,0.938272088
673,0.185896,-0.314915,2.67872,2.41742,33,deg,ALU,0.0637989,none,0.0964827,CLAS,e-,10.6,p,0.938272088
674,0.18697,-0.319701,2.68086,2.61183,33,deg,ALU,-0.0629752,none,0.103206,CLAS,e-,10.6,p,0.938272088
675,0.18727,-0.316743,2.69032,2.79327,33,deg,ALU,0.0628149,none,0.106906,CLAS,e-,10.6,p,0.938272088
676,0.184819,-0.321343,2.66565,2.97194,33,deg,ALU,0.00280114,none,0.128606,CLAS,e-,10.6,p,0.938272088
677,0.18759,-0.322204,2.69726,3.20305,33,deg,ALU,-0.026756,none,0.108291,CLAS,e-,10.6,p,0.938272088
678,0.185323,-0.323898,2.6232,3.49513,33,deg,ALU,-0.109882,none,0.111147,CLAS,e-,10.6,p,0.938272088
679,0.190168,-0.320315,2.66935,3.84888,33,deg,ALU,-0.212612,none,0.123232,CLAS,e-,10.6,p,0.938272088
680,0.185957,-0.341584,2.66704,4.36569,33,deg,ALU,-0.0928852,none,0.12902,CLAS,e-,10.6,p,0.938272088
681,0.187828,-0.350462,2.64997,4.78406,33,deg,ALU,-0.356052,none,0.10666,CLAS,e-,10.6,p,0.938272088
682,0.173277,-0.312595,2.64142,5.37128,33,deg,ALU,-0.227424,none,0.104431,CLAS,e-,10.6,p,0.938272088
683,0.175369,-0.324595,2.70404,5.57793,33,deg,ALU,-0.19299,none,0.0414201,CLAS,e-,10.6,p,0.938272088
684,0.182026,-0.324144,2.74198,5.74937,33,deg,ALU,-0.124836,none,0.0284176,CLAS,e-,10.6,p,0.938272088
685,0.189277,-0.319004,2.73156,5.93241,33,deg,ALU,-0.0489565,none,0.0291163,CLAS,e-,10.6,p,0.938272088
686,0.192673,-0.315664,2.68861,6.14915,33,deg,ALU,0.032278,none,0.02894,CLAS,e-,10.6,p,0.938272088
687,0.244281,-0.362211,2.94445,0.0920231,34,deg,ALU,0.115349,none,0.046546,CLAS,e-,10.6,p,0.938272088
688,0.251725,-0.369976,2.92406,0.281369,34,deg,ALU,0.0736026,none,0.0484537,CLAS,e-,10.6,p,0.938272088
689,0.264831,-0.362876,2.8522,0.465029,34,deg,ALU,0.30672,none,0.0582883,CLAS,e-,10.6,p,0.938272088
690,0.271478,-0.354912,2.81151,0.655771,34,deg,ALU,0.226392,none,0.0781896,CLAS,e-,10.6,p,0.938272088
691,0.272271,-0.35918,2.78847,0.845137,34,deg,ALU,0.250551,none,0.0876332,CLAS,e-,10.6,p,0.938272088
692,0.268107,-0.349245,2.78608,1.07511,34,deg,ALU,0.406645,none,0.0893332,CLAS,e-,10.6,p,0.938272088
693,0.253743,-0.345152,2.8402,1.2906,34,deg,ALU,0.340779,none,0.0880359,CLAS,e-,10.6,p,0.938272088
694,0.25459,-0.350174,2.80535,1.46594,34,deg,ALU,0.245541,none,0.107027,CLAS,e-,10.6,p,0.938272088
695,0.251235,-0.357343,2.81611,1.66292,34,deg,ALU,0.236361,none,0.0910811,CLAS,e-,10.6,p,0.938272088
696,0.245512,-0.347843,2.84305,1.85466,34,deg,ALU,0.370924,none,0.106474,CLAS,e-,10.6,p,0.938272088
697,0.248873,-0.353305,2.80524,2.06369,34,deg,ALU,0.337187,none,0.113928,CLAS,e-,10.6,p,0.938272088
698,0.254672,-0.371145,2.82452,2.29476,34,deg,ALU,0.109135,none,0.12275,CLAS,e-,10.6,p,0.938272088
699,0.244183,-0.353401,2.8402,2.48392,34,deg,ALU,0.269338,none,0.103005,CLAS,e-,10.6,p,0.938272088
700,0.245962,-0.370314,2.82839,2.70074,34,deg,ALU,0.253529,none,0.102543,CLAS,e-,10.6,p,0.938272088
701,0.246012,-0.366176,2.83655,2.95627,34,deg,ALU,0.0682678,none,0.105619,CLAS,e-,10.6,p,0.938272088
702,0.252005,-0.380546,2.84559,3.20956,34,deg,ALU,0.20417,none,0.109167,CLAS,e-,10.6,p,0.938272088
703,0.254393,-0.385413,2.79202,3.46215,34,deg,ALU,0.126958,none,0.111001,CLAS,e-,10.6,p,0.938272088
704,0.251657,-0.370584,2.82904,3.73393,34,deg,ALU,-0.0576792,none,0.120167,CLAS,e-,10.6,p,0.938272088
705,0.255805,-0.361451,2.82452,4.08145,34,deg,ALU,-0.29913,none,0.125427,CLAS,e-,10.6,p,0.938272088
706,0.258988,-0.374907,2.87758,4.53245,34,deg,ALU,-0.414196,none,0.117978,CLAS,e-,10.6,p,0.938272088
707,0.254216,-0.370232,2.86784,4.98032,34,deg,ALU,-0.349038,none,0.126049,CLAS,e-,10.6,p,0.938272088
708,0.259414,-0.373394,2.82067,5.27035,34,deg,ALU,-0.159716,none,0.121645,CLAS,e-,10.6,p,0.938272088
709,0.268882,-0.36791,2.89501,5.63035,34,deg,ALU,-0.125003,none,0.128193,CLAS,e-,10.6,p,0.938272088
710,0.251829,-0.361283,2.93935,5.88938,34,deg,ALU,-0.21333,none,0.0868961,CLAS,e-,10.6,p,0.938272088
711,0.248336,-0.365864,2.93081,6.13446,34,deg,ALU,-0.0581009,none,0.0367589,CLAS,e-,10.6,p,0.938272088
712,0.373342,-0.460286,2.85933,0.086753,35,deg,ALU,0.196656,none,0.123095,CLAS,e-,10.6,p,0.938272088
713,0.382685,-0.482441,2.82686,0.285335,35,deg,ALU,0.103918,none,0.131921,CLAS,e-,10.6,p,0.938272088
714,0.375674,-0.459994,2.80303,0.507376,35,deg,ALU,0.174353,none,0.123937,CLAS,e-,10.6,p,0.938272088
715,0.380764,-0.452738,2.86824,0.712145,35,deg,ALU,0.021188,none,0.149757,CLAS,e-,10.6,p,0.938272088
716,0.37565,-0.46626,2.84124,0.992169,35,deg,ALU,0.107314,none,0.17237,CLAS,e-,10.6,p,0.938272088
717,0.384365,-0.486404,2.80557,1.49646,35,deg,ALU,0.347264,none,0.155313,CLAS,e-,10.6,p,0.938272088
718,0.400532,-0.511006,2.91059,2.09241,35,deg,ALU,-0.0191113,none,0.160996,CLAS,e-,10.6,p,0.938272088
719,0.393929,-0.515398,2.95765,2.68686,35,deg,ALU,0.604206,none,0.109218,CLAS,e-,10.6,p,0.938272088
720,0.388439,-0.495315,2.78716,4.02121,35,deg,ALU,0.01462,none,0.18444,CLAS,e-,10.6,p,0.938272088
721,0.398171,-0.510627,2.80251,4.71026,35,deg,ALU,-0.608561,none,0.308517,CLAS,e-,10.6,p,0.938272088
722,0.386121,-0.471921,2.81155,5.32968,35,deg,ALU,-0.507178,none,0.252349,CLAS,e-,10.6,p,0.938272088
723,0.386873,-0.475683,2.85991,5.77096,35,deg,ALU,-0.208043,none,0.129282,CLAS,e-,10.6,p,0.938272088
724,0.38491,-0.471882,2.82105,6.00828,35,deg,ALU,-0.0911272,none,0.114589,CLAS,e-,10.6,p,0.938272088
725,0.385662,-0.492988,2.81114,6.19189,35,deg,ALU,0.0323606,none,0.108437,CLAS,e-,10.6,p,0.938272088
726,0.202653,-0.492541,2.5434,0.144072,36,deg,ALU,0.0251759,none,0.0781657,CLAS,e-,10.6,p,0.938272088
727,0.1968,-0.56083,2.61956,0.360355,36,deg,ALU,0.0784711,none,0.0501879,CLAS,e-,10.6,p,0.938272088
728,0.185303,-0.600173,2.71861,0.541379,36,deg,ALU,0.133648,none,0.030549,CLAS,e-,10.6,p,0.938272088
729,0.176928,-0.564599,2.71554,0.696581,36,deg,ALU,0.107609,none,0.055089,CLAS,e-,10.6,p,0.938272088
730,0.180621,-0.603379,2.67001,0.986054,36,deg,ALU,0.412484,none,0.167447,CLAS,e-,10.6,p,0.938272088
731,0.190032,-0.57725,2.74153,1.81117,36,deg,ALU,0.0957481,none,0.147789,CLAS,e-,10.6,p,0.938272088
732,0.189437,-0.591481,2.72765,2.26443,36,deg,ALU,0.0806587,none,0.106255,CLAS,e-,10.6,p,0.938272088
733,0.189272,-0.575588,2.67656,2.58262,36,deg,ALU,0.117655,none,0.122767,CLAS,e-,10.6,p,0.938272088
734,0.189005,-0.579274,2.67633,2.82121,36,deg,ALU,-0.00831978,none,0.119372,CLAS,e-,10.6,p,0.938272088
735,0.187442,-0.586829,2.68586,3.09607,36,deg,ALU,-0.0198615,none,0.131796,CLAS,e-,10.6,p,0.938272088
736,0.1905,-0.566777,2.66942,3.54444,36,deg,ALU,-0.0432112,none,0.137019,CLAS,e-,10.6,p,0.938272088
737,0.184111,-0.583323,2.68932,4.29474,36,deg,ALU,-0.238416,none,0.109733,CLAS,e-,10.6,p,0.938272088
738,0.186329,-0.596926,2.68656,4.66152,36,deg,ALU,-0.145521,none,0.100432,CLAS,e-,10.6,p,0.938272088
739,0.190192,-0.604086,2.66756,4.90312,36,deg,ALU,-0.249366,none,0.110324,CLAS,e-,10.6,p,0.938272088
740,0.182126,-0.571964,2.65429,5.38362,36,deg,ALU,-0.0736565,none,0.10894,CLAS,e-,10.6,p,0.938272088
741,0.179499,-0.572843,2.72148,5.64258,36,deg,ALU,-0.155127,none,0.0404981,CLAS,e-,10.6,p,0.938272088
742,0.190381,-0.591326,2.70482,5.79823,36,deg,ALU,-0.156104,none,0.0319755,CLAS,e-,10.6,p,0.938272088
743,0.199591,-0.537209,2.59472,5.98196,36,deg,ALU,-0.155465,none,0.0555794,CLAS,e-,10.6,p,0.938272088
744,0.203113,-0.49531,2.52705,6.17793,36,deg,ALU,-0.333651,none,0.0983737,CLAS,e-,10.6,p,0.938272088
745,0.240173,-0.619397,2.81153,0.0937657,37,deg,ALU,0.0792092,none,0.0393574,CLAS,e-,10.6,p,0.938272088
746,0.235104,-0.625413,2.8929,0.282175,37,deg,ALU,0.0764758,none,0.0458828,CLAS,e-,10.6,p,0.938272088
747,0.230903,-0.622663,2.99682,0.455119,37,deg,ALU,0.14198,none,0.0613089,CLAS,e-,10.6,p,0.938272088
748,0.264926,-0.611622,2.87347,0.80315,37,deg,ALU,0.17364,none,0.139989,CLAS,e-,10.6,p,0.938272088
749,0.261212,-0.625073,2.82407,1.39582,37,deg,ALU,0.350738,none,0.13982,CLAS,e-,10.6,p,0.938272088
750,0.262393,-0.597333,2.79973,1.78409,37,deg,ALU,0.255801,none,0.133757,CLAS,e-,10.6,p,0.938272088
751,0.259189,-0.628247,2.80149,2.05741,37,deg,ALU,-0.0571804,none,0.148746,CLAS,e-,10.6,p,0.938272088
752,0.26475,-0.641607,2.81388,2.3668,37,deg,ALU,0.324094,none,0.121484,CLAS,e-,10.6,p,0.938272088
753,0.264682,-0.609886,2.79021,2.60138,37,deg,ALU,0.0155559,none,0.140999,CLAS,e-,10.6,p,0.938272088
754,0.269733,-0.648664,2.80933,2.79942,37,deg,ALU,-0.0129524,none,0.151569,CLAS,e-,10.6,p,0.938272088
755,0.255403,-0.667762,2.77363,3.01037,37,deg,ALU,0.136396,none,0.125207,CLAS,e-,10.6,p,0.938272088
756,0.262756,-0.611344,2.7629,3.26866,37,deg,ALU,-0.165102,none,0.113672,CLAS,e-,10.6,p,0.938272088
757,0.264672,-0.635275,2.76131,3.51398,37,deg,ALU,0.163303,none,0.135034,CLAS,e-,10.6,p,0.938272088
758,0.257378,-0.639704,2.80536,3.79796,37,deg,ALU,0.215648,none,0.134367,CLAS,e-,10.6,p,0.938272088
759,0.260282,-0.632082,2.7916,4.22496,37,deg,ALU,-0.305416,none,0.139958,CLAS,e-,10.6,p,0.938272088
760,0.249182,-0.642802,2.86196,4.67697,37,deg,ALU,-0.275136,none,0.136149,CLAS,e-,10.6,p,0.938272088
761,0.24828,-0.652312,2.83444,4.99321,37,deg,ALU,-0.458816,none,0.114695,CLAS,e-,10.6,p,0.938272088
762,0.248634,-0.638457,2.80047,5.24964,37,deg,ALU,-0.340309,none,0.104904,CLAS,e-,10.6,p,0.938272088
763,0.25714,-0.660044,2.75549,5.43302,37,deg,ALU,-0.21507,none,0.102344,CLAS,e-,10.6,p,0.938272088
764,0.242502,-0.653695,2.94699,5.67195,37,deg,ALU,-0.35309,none,0.123278,CLAS,e-,10.6,p,0.938272088
765,0.225221,-0.65152,2.97211,5.88491,37,deg,ALU,-0.0796444,none,0.0571273,CLAS,e-,10.6,p,0.938272088
766,0.236214,-0.620906,2.83714,6.12495,37,deg,ALU,-0.0603141,none,0.0307155,CLAS,e-,10.6,p,0.938272088
767,0.381658,-0.735245,2.80337,0.0887072,38,deg,ALU,0.177031,none,0.114857,CLAS,e-,10.6,p,0.938272088
768,0.384279,-0.727344,2.91466,0.369572,38,deg,ALU,0.105824,none,0.138207,CLAS,e-,10.6,p,0.938272088
769,0.386225,-0.730371,2.87823,0.842264,38,deg,ALU,0.504912,none,0.225255,CLAS,e-,10.6,p,0.938272088
770,0.401559,-0.746805,2.81224,1.5318,38,deg,ALU,-0.176651,none,0.272971,CLAS,e-,10.6,p,0.938272088
771,0.388486,-0.76089,2.82126,2.01951,38,deg,ALU,-0.181869,none,0.179937,CLAS,e-,10.6,p,0.938272088
772,0.375555,-0.764838,2.80848,2.54828,38,deg,ALU,-0.00967043,none,0.19181,CLAS,e-,10.6,p,0.938272088
773,0.372653,-0.743894,2.90744,3.21377,38,deg,ALU,-0.43267,none,0.22445,CLAS,e-,10.6,p,0.938272088
774,0.366234,-0.741594,2.75701,3.78857,38,deg,ALU,-0.221404,none,0.231701,CLAS,e-,10.6,p,0.938272088
775,0.391516,-0.746224,2.77741,4.44574,38,deg,ALU,-0.0850938,none,0.200173,CLAS,e-,10.6,p,0.938272088
776,0.385929,-0.780089,2.8109,5.13248,38,deg,ALU,-0.221054,none,0.235251,CLAS,e-,10.6,p,0.938272088
777,0.392085,-0.716768,2.85491,5.79623,38,deg,ALU,-0.0936543,none,0.176012,CLAS,e-,10.6,p,0.938272088
778,0.378622,-0.724855,2.85935,6.16243,38,deg,ALU,-0.0694834,none,0.123396,CLAS,e-,10.6,p,0.938272088
779,0.183195,-1.66981,2.6742,0.189062,38,deg,ALU,0.0692929,none,0.0891558,CLAS,e-,10.6,p,0.938272088
780,0.188704,-1.11419,2.67392,0.423035,38,deg,ALU,0.0545483,none,0.0580326,CLAS,e-,10.6,p,0.938272088
781,0.184629,-1.01254,2.76638,0.57292,38,deg,ALU,0.204003,none,0.085067,CLAS,e-,10.6,p,0.938272088
782,0.183988,-1.15017,2.61927,1.11462,38,deg,ALU,0.201962,none,0.17688,CLAS,e-,10.6,p,0.938272088
783,0.190573,-1.45101,2.7317,2.87867,38,deg,ALU,-0.0302977,none,0.217843,CLAS,e-,10.6,p,0.938272088
784,0.187734,-0.976462,2.67325,4.79917,38,deg,ALU,-0.0656326,none,0.141314,CLAS,e-,10.6,p,0.938272088
785,0.186312,-1.15285,2.75926,5.54188,38,deg,ALU,-0.146145,none,0.141808,CLAS,e-,10.6,p,0.938272088
786,0.186268,-1.06344,2.71044,5.82034,38,deg,ALU,0.0301089,none,0.0542717,CLAS,e-,10.6,p,0.938272088
787,0.188331,-1.52602,2.63671,5.97298,38,deg,ALU,0.168602,none,0.0808834,CLAS,e-,10.6,p,0.938272088
788,0.184326,-1.8222,2.68636,6.1773,38,deg,ALU,-0.0847305,none,0.115573,CLAS,e-,10.6,p,0.938272088
789,0.273907,-1.38495,2.7769,0.0926961,39,deg,ALU,-0.145514,none,0.0974333,CLAS,e-,10.6,p,0.938272088
790,0.249717,-1.25355,2.81489,0.284348,39,deg,ALU,0.0833711,none,0.0560915,CLAS,e-,10.6,p,0.938272088
791,0.229752,-1.12569,2.98037,0.448828,39,deg,ALU,0.169593,none,0.0997444,CLAS,e-,10.6,p,0.938272088
792,0.258293,-1.31382,2.79206,0.802391,39,deg,ALU,0.272393,none,0.11562,CLAS,e-,10.6,p,0.938272088
793,0.259385,-1.51496,2.76979,1.26488,39,deg,ALU,0.118556,none,0.151613,CLAS,e-,10.6,p,0.938272088
794,0.259231,-1.33112,2.79701,1.90065,39,deg,ALU,0.0431,none,0.298643,CLAS,e-,10.6,p,0.938272088
795,0.272645,-1.3499,2.84216,2.46675,39,deg,ALU,0.231928,none,0.137675,CLAS,e-,10.6,p,0.938272088
796,0.274856,-1.30452,2.81186,2.85716,39,deg,ALU,-0.0295583,none,0.14673,CLAS,e-,10.6,p,0.938272088
797,0.265515,-1.25191,2.80967,3.23532,39,deg,ALU,0.0267461,none,0.159911,CLAS,e-,10.6,p,0.938272088
798,0.268441,-1.33347,2.78849,3.74575,39,deg,ALU,0.0870715,none,0.182805,CLAS,e-,10.6,p,0.938272088
799,0.271383,-1.63038,2.72034,4.40522,39,deg,ALU,0.0185462,none,0.176053,CLAS,e-,10.6,p,0.938272088
800,0.255774,-1.32821,2.90407,4.88939,39,deg,ALU,0.0961363,none,0.165154,CLAS,e-,10.6,p,0.938272088
801,0.26102,-1.189,2.77978,5.30361,39,deg,ALU,-0.228615,none,0.142159,CLAS,e-,10.6,p,0.938272088
802,0.264189,-1.404,2.79853,5.62508,39,deg,ALU,-0.104514,none,0.124091,CLAS,e-,10.6,p,0.938272088
803,0.236066,-1.17522,2.90526,5.89616,39,deg,ALU,-0.125472,none,0.0715106,CLAS,e-,10.6,p,0.938272088
804,0.264777,-1.3142,2.79955,6.0871,39,deg,ALU,-0.0531918,none,0.0446285,CLAS,e-,10.6,p,0.938272088
805,0.38636,-1.59136,2.87581,0.241489,40,deg,ALU,-0.100172,none,0.16518,CLAS,e-,10.6,p,0.938272088
806,0.385435,-1.34145,2.90514,2.14162,40,deg,ALU,0.171526,none,0.255922,CLAS,e-,10.6,p,0.938272088
807,0.37566,-1.3552,2.86465,4.12494,40,deg,ALU,0.0126767,none,0.304294,CLAS,e-,10.6,p,0.938272088
808,0.394314,-1.37344,2.8826,5.41746,40,deg,ALU,-0.325731,none,0.279474,CLAS,e-,10.6,p,0.938272088
809,0.378146,-1.47188,2.81043,5.91723,40,deg,ALU,-0.208727,none,0.150423,CLAS,e-,10.6,p,0.938272088
810,0.245952,-0.218784,3.59454,0.0921145,40,deg,ALU,0.0511268,none,0.0567556,CLAS,e-,10.6,p,0.938272088
811,0.250572,-0.220492,3.59232,0.278015,40,deg,ALU,0.1181,none,0.0665383,CLAS,e-,10.6,p,0.938272088
812,0.257913,-0.22286,3.55439,0.463847,40,deg,ALU,-0.0987349,none,0.0837053,CLAS,e-,10.6,p,0.938272088
813,0.276278,-0.230707,3.61191,0.649924,40,deg,ALU,-0.0192093,none,0.119121,CLAS,e-,10.6,p,0.938272088
814,0.288552,-0.235562,3.65321,0.843554,40,deg,ALU,0.364558,none,0.0968653,CLAS,e-,10.6,p,0.938272088
815,0.2811,-0.236788,3.60922,1.03583,40,deg,ALU,-0.0724256,none,0.125285,CLAS,e-,10.6,p,0.938272088
816,0.28086,-0.244955,3.73132,1.22691,40,deg,ALU,0.383826,none,0.0988174,CLAS,e-,10.6,p,0.938272088
817,0.272365,-0.235979,3.72354,1.41398,40,deg,ALU,0.0906635,none,0.124786,CLAS,e-,10.6,p,0.938272088
818,0.261615,-0.232633,3.61621,1.64826,40,deg,ALU,0.363537,none,0.0934185,CLAS,e-,10.6,p,0.938272088
819,0.256283,-0.239369,3.65412,2.07215,40,deg,ALU,0.353897,none,0.0823257,CLAS,e-,10.6,p,0.938272088
820,0.265014,-0.242554,3.70692,2.70243,40,deg,ALU,-0.0976375,none,0.108626,CLAS,e-,10.6,p,0.938272088
821,0.272912,-0.250534,3.79085,3.27769,40,deg,ALU,0.0210035,none,0.127069,CLAS,e-,10.6,p,0.938272088
822,0.283992,-0.253241,3.80553,3.9092,40,deg,ALU,-0.0340068,none,0.136369,CLAS,e-,10.6,p,0.938272088
823,0.274831,-0.246456,3.73343,4.60671,40,deg,ALU,-0.193045,none,0.164653,CLAS,e-,10.6,p,0.938272088
824,0.294325,-0.243591,3.6626,5.26475,40,deg,ALU,-0.361004,none,0.132202,CLAS,e-,10.6,p,0.938272088
825,0.269155,-0.224856,3.53478,5.63857,40,deg,ALU,-0.186677,none,0.128481,CLAS,e-,10.6,p,0.938272088
826,0.256319,-0.225093,3.59233,5.81813,40,deg,ALU,-0.158087,none,0.101202,CLAS,e-,10.6,p,0.938272088
827,0.251923,-0.219306,3.58338,6.0053,40,deg,ALU,-0.10079,none,0.0645162,CLAS,e-,10.6,p,0.938272088
828,0.247949,-0.218566,3.60944,6.19081,40,deg,ALU,0.00285165,none,0.0571805,CLAS,e-,10.6,p,0.938272088
829,0.403687,-0.339799,4.03984,0.0981302,41,deg,ALU,0.0470818,none,0.100447,CLAS,e-,10.6,p,0.938272088
830,0.408594,-0.351181,4.12049,0.284306,41,deg,ALU,0.251311,none,0.0932028,CLAS,e-,10.6,p,0.938272088
831,0.409415,-0.351376,3.9869,0.471897,41,deg,ALU,0.322697,none,0.0941658,CLAS,e-,10.6,p,0.938272088
832,0.396169,-0.335099,3.97994,0.656792,41,deg,ALU,0.321751,none,0.125553,CLAS,e-,10.6,p,0.938272088
833,0.396451,-0.335051,4.13633,0.849009,41,deg,ALU,0.250937,none,0.139276,CLAS,e-,10.6,p,0.938272088
834,0.413267,-0.352689,4.11735,1.05609,41,deg,ALU,0.341578,none,0.113736,CLAS,e-,10.6,p,0.938272088
835,0.414491,-0.354331,4.05327,1.35142,41,deg,ALU,0.239653,none,0.106293,CLAS,e-,10.6,p,0.938272088
836,0.410003,-0.343084,4.03989,1.66214,41,deg,ALU,-0.161205,none,0.186346,CLAS,e-,10.6,p,0.938272088
837,0.413031,-0.356158,4.11293,2.07836,41,deg,ALU,0.141065,none,0.126012,CLAS,e-,10.6,p,0.938272088
838,0.416409,-0.361159,4.08885,2.61172,41,deg,ALU,0.101678,none,0.148114,CLAS,e-,10.6,p,0.938272088
839,0.391981,-0.341754,4.13981,3.33815,41,deg,ALU,0.111447,none,0.136142,CLAS,e-,10.6,p,0.938272088
840,0.429622,-0.374345,4.18476,4.01788,41,deg,ALU,-0.371198,none,0.208519,CLAS,e-,10.6,p,0.938272088
841,0.4391,-0.38912,4.1293,4.62448,41,deg,ALU,0.0557152,none,0.125606,CLAS,e-,10.6,p,0.938272088
842,0.431212,-0.378231,4.16894,4.98412,41,deg,ALU,-0.32379,none,0.135149,CLAS,e-,10.6,p,0.938272088
843,0.415412,-0.353863,4.06827,5.32218,41,deg,ALU,-0.0766788,none,0.134883,CLAS,e-,10.6,p,0.938272088
844,0.420983,-0.357535,4.06593,5.59995,41,deg,ALU,-0.0782862,none,0.144032,CLAS,e-,10.6,p,0.938272088
845,0.401046,-0.33616,3.99981,5.81591,41,deg,ALU,-0.167092,none,0.130196,CLAS,e-,10.6,p,0.938272088
846,0.39286,-0.334421,3.99239,6.00053,41,deg,ALU,-0.204259,none,0.125983,CLAS,e-,10.6,p,0.938272088
847,0.393529,-0.334588,4.02114,6.18526,41,deg,ALU,-0.0364136,none,0.0893972,CLAS,e-,10.6,p,0.938272088
848,0.257263,-0.367132,3.83353,0.095493,42,deg,ALU,0.00693138,none,0.0325433,CLAS,e-,10.6,p,0.938272088
849,0.252209,-0.364953,3.76305,0.2809,42,deg,ALU,0.087272,none,0.0340124,CLAS,e-,10.6,p,0.938272088
850,0.24679,-0.362193,3.66942,0.461172,42,deg,ALU,0.170162,none,0.0393496,CLAS,e-,10.6,p,0.938272088
851,0.252162,-0.369196,3.58717,0.646582,42,deg,ALU,0.26366,none,0.0727745,CLAS,e-,10.6,p,0.938272088
852,0.287791,-0.377406,3.67632,0.837572,42,deg,ALU,0.28674,none,0.107549,CLAS,e-,10.6,p,0.938272088
853,0.28776,-0.372521,3.82094,1.12471,42,deg,ALU,0.47386,none,0.073866,CLAS,e-,10.6,p,0.938272088
854,0.283625,-0.376041,3.81039,1.35395,42,deg,ALU,0.45042,none,0.0970223,CLAS,e-,10.6,p,0.938272088
855,0.273514,-0.3676,3.71794,1.53943,42,deg,ALU,0.345713,none,0.0893954,CLAS,e-,10.6,p,0.938272088
856,0.270596,-0.377145,3.79996,1.72598,42,deg,ALU,0.29542,none,0.0923348,CLAS,e-,10.6,p,0.938272088
857,0.263612,-0.372177,3.72272,1.94035,42,deg,ALU,0.275971,none,0.0965019,CLAS,e-,10.6,p,0.938272088
858,0.269651,-0.375504,3.74234,2.22987,42,deg,ALU,0.372968,none,0.086854,CLAS,e-,10.6,p,0.938272088
859,0.269671,-0.394797,3.70642,2.51381,42,deg,ALU,0.337962,none,0.0892684,CLAS,e-,10.6,p,0.938272088
860,0.26774,-0.377462,3.76325,2.82639,42,deg,ALU,0.190433,none,0.107669,CLAS,e-,10.6,p,0.938272088
861,0.273294,-0.392843,3.76312,3.17002,42,deg,ALU,0.0174803,none,0.099779,CLAS,e-,10.6,p,0.938272088
862,0.272455,-0.380097,3.69682,3.55008,42,deg,ALU,-0.133777,none,0.117863,CLAS,e-,10.6,p,0.938272088
863,0.27695,-0.38217,3.76007,4.05932,42,deg,ALU,-0.16055,none,0.11077,CLAS,e-,10.6,p,0.938272088
864,0.260791,-0.382781,3.68516,4.46237,42,deg,ALU,-0.246107,none,0.110439,CLAS,e-,10.6,p,0.938272088
865,0.2758,-0.384913,3.78576,4.84337,42,deg,ALU,-0.00921451,none,0.134881,CLAS,e-,10.6,p,0.938272088
866,0.28655,-0.408254,3.81826,5.19753,42,deg,ALU,-0.179358,none,0.113728,CLAS,e-,10.6,p,0.938272088
867,0.236877,-0.368889,3.58462,5.57974,42,deg,ALU,-0.194413,none,0.118869,CLAS,e-,10.6,p,0.938272088
868,0.240151,-0.369486,3.67002,5.76052,42,deg,ALU,-0.11886,none,0.0496108,CLAS,e-,10.6,p,0.938272088
869,0.24711,-0.364439,3.72571,5.94057,42,deg,ALU,-0.0609675,none,0.0377428,CLAS,e-,10.6,p,0.938272088
870,0.257338,-0.367768,3.81845,6.15781,42,deg,ALU,-0.0363415,none,0.029286,CLAS,e-,10.6,p,0.938272088
871,0.397752,-0.504114,3.94979,0.0908405,43,deg,ALU,0.0409622,none,0.0890549,CLAS,e-,10.6,p,0.938272088
872,0.396308,-0.501315,3.98935,0.288087,43,deg,ALU,0.0499413,none,0.086866,CLAS,e-,10.6,p,0.938272088
873,0.394819,-0.499357,4.04751,0.468782,43,deg,ALU,0.166798,none,0.0891173,CLAS,e-,10.6,p,0.938272088
874,0.393006,-0.499687,4.08778,0.655218,43,deg,ALU,0.200614,none,0.0973993,CLAS,e-,10.6,p,0.938272088
875,0.388934,-0.481603,4.04592,0.84398,43,deg,ALU,0.2559,none,0.105491,CLAS,e-,10.6,p,0.938272088
876,0.400564,-0.50986,4.04401,1.06975,43,deg,ALU,0.213033,none,0.112751,CLAS,e-,10.6,p,0.938272088
877,0.42287,-0.529595,4.09941,1.31354,43,deg,ALU,0.13666,none,0.14538,CLAS,e-,10.6,p,0.938272088
878,0.410907,-0.520022,4.11193,1.59072,43,deg,ALU,0.0778052,none,0.171202,CLAS,e-,10.6,p,0.938272088
879,0.410838,-0.532219,4.06938,2.06584,43,deg,ALU,0.475538,none,0.124285,CLAS,e-,10.6,p,0.938272088
880,0.379924,-0.504526,4.02596,2.68062,43,deg,ALU,-0.137962,none,0.179284,CLAS,e-,10.6,p,0.938272088
881,0.381302,-0.494095,4.05173,3.37619,43,deg,ALU,0.06605,none,0.124123,CLAS,e-,10.6,p,0.938272088
882,0.412862,-0.539906,4.11021,3.97035,43,deg,ALU,-0.192334,none,0.163466,CLAS,e-,10.6,p,0.938272088
883,0.407378,-0.525217,4.13786,4.56693,43,deg,ALU,-0.264531,none,0.147559,CLAS,e-,10.6,p,0.938272088
884,0.396058,-0.496055,4.11689,5.07341,43,deg,ALU,-0.259074,none,0.146275,CLAS,e-,10.6,p,0.938272088
885,0.411225,-0.519297,4.00842,5.49422,43,deg,ALU,-0.198411,none,0.125525,CLAS,e-,10.6,p,0.938272088
886,0.402362,-0.505882,4.07976,5.78813,43,deg,ALU,-0.317473,none,0.105706,CLAS,e-,10.6,p,0.938272088
887,0.398688,-0.505082,3.97587,6.00315,43,deg,ALU,-0.101644,none,0.0847821,CLAS,e-,10.6,p,0.938272088
888,0.395907,-0.494432,3.99675,6.19028,43,deg,ALU,0.0899351,none,0.078757,CLAS,e-,10.6,p,0.938272088
889,0.282663,-0.632003,3.95234,0.0969459,44,deg,ALU,0.0787965,none,0.0392041,CLAS,e-,10.6,p,0.938272088
890,0.273747,-0.639229,3.94007,0.287311,44,deg,ALU,0.0302982,none,0.0383737,CLAS,e-,10.6,p,0.938272088
891,0.257403,-0.634519,3.87067,0.469087,44,deg,ALU,0.0761432,none,0.0360484,CLAS,e-,10.6,p,0.938272088
892,0.241742,-0.621864,3.68389,0.631774,44,deg,ALU,0.178237,none,0.066638,CLAS,e-,10.6,p,0.938272088
893,0.283559,-0.614114,3.73921,1.11061,44,deg,ALU,0.171662,none,0.113116,CLAS,e-,10.6,p,0.938272088
894,0.280104,-0.618029,3.88028,1.59044,44,deg,ALU,0.173902,none,0.110484,CLAS,e-,10.6,p,0.938272088
895,0.270093,-0.636799,3.80079,1.91221,44,deg,ALU,-0.0302342,none,0.132991,CLAS,e-,10.6,p,0.938272088
896,0.275991,-0.630288,3.76247,2.30207,44,deg,ALU,0.342648,none,0.10418,CLAS,e-,10.6,p,0.938272088
897,0.283229,-0.646676,3.78063,2.63764,44,deg,ALU,0.113748,none,0.115129,CLAS,e-,10.6,p,0.938272088
898,0.273253,-0.668824,3.69353,2.88045,44,deg,ALU,-0.023495,none,0.118537,CLAS,e-,10.6,p,0.938272088
899,0.281247,-0.650101,3.71966,3.20398,44,deg,ALU,-0.00157981,none,0.125757,CLAS,e-,10.6,p,0.938272088
900,0.283634,-0.650263,3.70393,3.59154,44,deg,ALU,0.145221,none,0.129775,CLAS,e-,10.6,p,0.938272088
901,0.270109,-0.649205,3.70146,4.17357,44,deg,ALU,-0.126623,none,0.123021,CLAS,e-,10.6,p,0.938272088
902,0.267569,-0.651344,3.79775,4.56326,44,deg,ALU,-0.222095,none,0.10392,CLAS,e-,10.6,p,0.938272088
903,0.263135,-0.640514,3.79567,4.81274,44,deg,ALU,0.0560238,none,0.124762,CLAS,e-,10.6,p,0.938272088
904,0.271869,-0.672219,3.72755,5.02365,44,deg,ALU,-0.150521,none,0.119026,CLAS,e-,10.6,p,0.938272088
905,0.289723,-0.661014,3.77829,5.3207,44,deg,ALU,-0.297347,none,0.101156,CLAS,e-,10.6,p,0.938272088
906,0.24494,-0.632044,3.72505,5.64727,44,deg,ALU,-0.136018,none,0.0759954,CLAS,e-,10.6,p,0.938272088
907,0.25641,-0.641817,3.85497,5.81431,44,deg,ALU,-0.153913,none,0.0345073,CLAS,e-,10.6,p,0.938272088
908,0.275325,-0.641071,3.96633,5.99572,44,deg,ALU,-0.150506,none,0.0356473,CLAS,e-,10.6,p,0.938272088
909,0.283567,-0.62997,3.97366,6.18349,44,deg,ALU,-0.0328286,none,0.0394154,CLAS,e-,10.6,p,0.938272088
910,0.414689,-0.796503,4.16946,0.0842596,45,deg,ALU,0.144509,none,0.0921526,CLAS,e-,10.6,p,0.938272088
911,0.400755,-0.767034,4.04943,0.277027,45,deg,ALU,0.261773,none,0.10774,CLAS,e-,10.6,p,0.938272088
912,0.409173,-0.749145,4.06625,0.477088,45,deg,ALU,0.189717,none,0.110576,CLAS,e-,10.6,p,0.938272088
913,0.407461,-0.727776,4.15474,0.655982,45,deg,ALU,0.101756,none,0.134151,CLAS,e-,10.6,p,0.938272088
914,0.41032,-0.738807,3.97766,0.901032,45,deg,ALU,0.140582,none,0.152441,CLAS,e-,10.6,p,0.938272088
915,0.407408,-0.773351,4.21701,1.28036,45,deg,ALU,0.300633,none,0.13854,CLAS,e-,10.6,p,0.938272088
916,0.427885,-0.806388,4.10894,1.68687,45,deg,ALU,0.342338,none,0.143944,CLAS,e-,10.6,p,0.938272088
917,0.427219,-0.831048,3.9975,2.01219,45,deg,ALU,-0.00876079,none,0.179501,CLAS,e-,10.6,p,0.938272088
918,0.407538,-0.807665,3.99827,2.30021,45,deg,ALU,-0.075202,none,0.167795,CLAS,e-,10.6,p,0.938272088
919,0.404713,-0.794351,4.08642,2.62445,45,deg,ALU,0.247526,none,0.112557,CLAS,e-,10.6,p,0.938272088
920,0.389276,-0.774683,4.03207,3.14531,45,deg,ALU,-0.257792,none,0.139193,CLAS,e-,10.6,p,0.938272088
921,0.390382,-0.799677,4.07035,3.62974,45,deg,ALU,-0.124568,none,0.165145,CLAS,e-,10.6,p,0.938272088
922,0.418698,-0.846566,4.09052,4.07719,45,deg,ALU,-0.0427096,none,0.165416,CLAS,e-,10.6,p,0.938272088
923,0.419588,-0.809454,4.15803,4.57045,45,deg,ALU,-0.285722,none,0.179772,CLAS,e-,10.6,p,0.938272088
924,0.37293,-0.753563,4.24921,5.24959,45,deg,ALU,-0.30796,none,0.168794,CLAS,e-,10.6,p,0.938272088
925,0.411358,-0.775158,4.03237,5.78905,45,deg,ALU,-0.138556,none,0.129607,CLAS,e-,10.6,p,0.938272088
926,0.399153,-0.764461,4.20181,6.1529,45,deg,ALU,0.118355,none,0.0775802,CLAS,e-,10.6,p,0.938272088
927,0.291523,-1.6362,3.74732,0.0954129,46,deg,ALU,0.005892,none,0.0925955,CLAS,e-,10.6,p,0.938272088
928,0.286173,-1.35068,3.79482,0.298118,46,deg,ALU,0.00628953,none,0.0615553,CLAS,e-,10.6,p,0.938272088
929,0.264564,-1.22369,3.88083,0.46306,46,deg,ALU,0.0595455,none,0.0504385,CLAS,e-,10.6,p,0.938272088
930,0.264665,-1.27368,3.75046,0.704652,46,deg,ALU,0.149593,none,0.111152,CLAS,e-,10.6,p,0.938272088
931,0.276859,-1.54837,3.7918,1.259,46,deg,ALU,0.108571,none,0.118607,CLAS,e-,10.6,p,0.938272088
932,0.28513,-1.86819,3.87291,1.91226,46,deg,ALU,0.544523,none,0.238439,CLAS,e-,10.6,p,0.938272088
933,0.283777,-1.45902,3.86877,2.6037,46,deg,ALU,-0.155542,none,0.165412,CLAS,e-,10.6,p,0.938272088
934,0.288916,-1.29807,3.81169,3.08584,46,deg,ALU,-0.348308,none,0.137935,CLAS,e-,10.6,p,0.938272088
935,0.290646,-1.38702,3.90887,3.74967,46,deg,ALU,-0.409167,none,0.195079,CLAS,e-,10.6,p,0.938272088
936,0.275961,-1.43161,3.83076,4.45312,46,deg,ALU,0.0493021,none,0.147324,CLAS,e-,10.6,p,0.938272088
937,0.27628,-1.19148,3.78558,4.99602,46,deg,ALU,-0.215604,none,0.151021,CLAS,e-,10.6,p,0.938272088
938,0.277786,-1.31489,3.83118,5.53996,46,deg,ALU,-0.247324,none,0.125897,CLAS,e-,10.6,p,0.938272088
939,0.268516,-1.1711,3.94152,5.8257,46,deg,ALU,-0.0865828,none,0.0524759,CLAS,e-,10.6,p,0.938272088
940,0.287829,-1.40886,3.81528,5.9797,46,deg,ALU,-0.0885532,none,0.0550809,CLAS,e-,10.6,p,0.938272088
941,0.293177,-1.54782,3.7017,6.18121,46,deg,ALU,-0.0635241,none,0.0828664,CLAS,e-,10.6,p,0.938272088
942,0.393126,-1.59886,4.20911,0.0943733,47,deg,ALU,0.19314,none,0.0885936,CLAS,e-,10.6,p,0.938272088
943,0.377039,-1.70835,4.31462,0.338729,47,deg,ALU,0.252487,none,0.121625,CLAS,e-,10.6,p,0.938272088
944,0.393757,-2.14793,4.0537,0.972377,47,deg,ALU,-0.301709,none,0.204879,CLAS,e-,10.6,p,0.938272088
945,0.43676,-1.7991,4.1467,1.58191,47,deg,ALU,0.0253612,none,0.257143,CLAS,e-,10.6,p,0.938272088
946,0.426665,-1.79023,4.14696,2.07336,47,deg,ALU,0.00452792,none,0.191977,CLAS,e-,10.6,p,0.938272088
947,0.398245,-1.51478,3.98895,2.50891,47,deg,ALU,0.273953,none,0.1341,CLAS,e-,10.6,p,0.938272088
948,0.373545,-1.3609,4.0663,3.06998,47,deg,ALU,0.174142,none,0.136185,CLAS,e-,10.6,p,0.938272088
949,0.403047,-1.44221,4.18811,3.65225,47,deg,ALU,-0.0537419,none,0.186962,CLAS,e-,10.6,p,0.938272088
950,0.427946,-1.72938,4.07131,4.35451,47,deg,ALU,-0.298676,none,0.20148,CLAS,e-,10.6,p,0.938272088
951,0.41943,-2.02032,4.08602,4.92066,47,deg,ALU,0.0188647,none,0.21308,CLAS,e-,10.6,p,0.938272088
952,0.402418,-1.77711,4.15063,5.45344,47,deg,ALU,-0.28118,none,0.154406,CLAS,e-,10.6,p,0.938272088
953,0.388276,-1.75965,4.30297,5.87833,47,deg,ALU,-0.0955593,none,0.0954387,CLAS,e-,10.6,p,0.938272088
954,0.393284,-1.697,4.28656,6.16276,47,deg,ALU,-0.0931545,none,0.0863147,CLAS,e-,10.6,p,0.938272088
955,0.463134,-0.436902,5.98186,0.150142,48,deg,ALU,0.102381,none,0.121604,CLAS,e-,10.6,p,0.938272088
956,0.467317,-0.438873,6.00086,0.436988,48,deg,ALU,-0.0188744,none,0.155205,CLAS,e-,10.6,p,0.938272088
957,0.447679,-0.405148,5.83519,0.765659,48,deg,ALU,0.216617,none,0.112811,CLAS,e-,10.6,p,0.938272088
958,0.437751,-0.388926,5.77463,1.1225,48,deg,ALU,0.21921,none,0.0977145,CLAS,e-,10.6,p,0.938272088
959,0.451677,-0.413361,5.96274,1.60566,48,deg,ALU,0.360033,none,0.0856143,CLAS,e-,10.6,p,0.938272088
960,0.456161,-0.416813,6.05247,2.23924,48,deg,ALU,0.152528,none,0.158167,CLAS,e-,10.6,p,0.938272088
961,0.447724,-0.413679,5.89103,4.14895,48,deg,ALU,-0.0803973,none,0.176228,CLAS,e-,10.6,p,0.938272088
962,0.454031,-0.403674,5.92811,4.7931,48,deg,ALU,-0.458683,none,0.17374,CLAS,e-,10.6,p,0.938272088
963,0.471607,-0.454703,6.06687,5.36136,48,deg,ALU,-0.152424,none,0.105419,CLAS,e-,10.6,p,0.938272088
964,0.451834,-0.406817,5.91282,6.02364,48,deg,ALU,-0.0109414,none,0.0893116,CLAS,e-,10.6,p,0.938272088
965,0.407591,-0.537989,5.60991,0.129985,48,deg,ALU,0.107154,none,0.118916,CLAS,e-,10.6,p,0.938272088
966,0.446747,-0.590902,5.77978,0.418357,48,deg,ALU,0.0850094,none,0.111599,CLAS,e-,10.6,p,0.938272088
967,0.446074,-0.578683,5.73156,0.815498,48,deg,ALU,0.231968,none,0.106133,CLAS,e-,10.6,p,0.938272088
968,0.439927,-0.571031,5.83945,1.31299,48,deg,ALU,0.386031,none,0.0868836,CLAS,e-,10.6,p,0.938272088
969,0.440572,-0.580561,5.78547,1.87577,48,deg,ALU,0.457585,none,0.125493,CLAS,e-,10.6,p,0.938272088
970,0.425719,-0.56425,5.96252,3.79579,48,deg,ALU,-0.262862,none,0.186926,CLAS,e-,10.6,p,0.938272088
971,0.426945,-0.562609,5.84531,4.43774,48,deg,ALU,-0.224471,none,0.162575,CLAS,e-,10.6,p,0.938272088
972,0.446343,-0.592,5.86309,5.02813,48,deg,ALU,-0.302929,none,0.203322,CLAS,e-,10.6,p,0.938272088
973,0.45962,-0.603946,5.84381,5.68106,48,deg,ALU,-0.222589,none,0.119596,CLAS,e-,10.6,p,0.938272088
974,0.411136,-0.54758,5.55721,6.11198,48,deg,ALU,0.00435166,none,0.101593,CLAS,e-,10.6,p,0.938272088
975,0.383518,-0.768816,5.58591,0.0915991,49,deg,ALU,0.00696017,none,0.0901595,CLAS,e-,10.6,p,0.938272088
976,0.380277,-0.770629,5.53082,0.281788,49,deg,ALU,0.179663,none,0.0953806,CLAS,e-,10.6,p,0.938272088
977,0.417488,-0.813947,5.68447,0.52454,49,deg,ALU,0.208626,none,0.122514,CLAS,e-,10.6,p,0.938272088
978,0.449757,-0.836458,6.04242,1.0852,49,deg,ALU,0.240605,none,0.127413,CLAS,e-,10.6,p,0.938272088
979,0.441947,-0.825188,5.97044,1.69185,49,deg,ALU,0.320318,none,0.117563,CLAS,e-,10.6,p,0.938272088
980,0.417885,-0.850154,5.68685,2.27506,49,deg,ALU,-0.0554102,none,0.176181,CLAS,e-,10.6,p,0.938272088
981,0.415625,-0.810759,5.61928,2.91762,49,deg,ALU,-0.0350744,none,0.196677,CLAS,e-,10.6,p,0.938272088
982,0.42863,-0.826349,5.90489,3.53647,49,deg,ALU,-0.119202,none,0.195571,CLAS,e-,10.6,p,0.938272088
983,0.446608,-0.870683,5.94951,4.24431,49,deg,ALU,-0.567327,none,0.215921,CLAS,e-,10.6,p,0.938272088
984,0.438287,-0.858338,5.89087,4.87169,49,deg,ALU,-0.302393,none,0.175484,CLAS,e-,10.6,p,0.938272088
985,0.421967,-0.832813,5.66428,5.45667,49,deg,ALU,-0.0755033,none,0.12652,CLAS,e-,10.6,p,0.938272088
986,0.368057,-0.777653,5.46025,5.9349,49,deg,ALU,-0.00326229,none,0.107491,CLAS,e-,10.6,p,0.938272088
987,0.38889,-0.792361,5.51354,6.16442,49,deg,ALU,-0.166671,none,0.077438,CLAS,e-,10.6,p,0.938272088
988,0.426687,-1.71004,5.92543,0.0906109,50,deg,ALU,-0.114737,none,0.125838,CLAS,e-,10.6,p,0.938272088
989,0.422386,-1.93187,5.95086,0.291026,50,deg,ALU,0.181528,none,0.0757486,CLAS,e-,10.6,p,0.938272088
990,0.406162,-1.87753,5.70193,0.535528,50,deg,ALU,0.287659,none,0.0995628,CLAS,e-,10.6,p,0.938272088
991,0.455968,-2.06553,5.91085,1.25659,50,deg,ALU,0.187699,none,0.135272,CLAS,e-,10.6,p,0.938272088
992,0.459958,-1.89823,5.95884,1.92528,50,deg,ALU,0.192555,none,0.218142,CLAS,e-,10.6,p,0.938272088
993,0.469659,-1.65707,5.91615,2.49348,50,deg,ALU,0.0443024,none,0.256482,CLAS,e-,10.6,p,0.938272088
994,0.435104,-1.62081,5.59063,3.16697,50,deg,ALU,0.469828,none,0.191509,CLAS,e-,10.6,p,0.938272088
995,0.437568,-1.38531,6.02032,3.7934,50,deg,ALU,-0.605469,none,0.33134,CLAS,e-,10.6,p,0.938272088
996,0.436502,-1.97401,5.93008,4.42588,50,deg,ALU,-0.19344,none,0.199536,CLAS,e-,10.6,p,0.938272088
997,0.460761,-1.98649,6.00517,4.98,50,deg,ALU,-0.207982,none,0.163604,CLAS,e-,10.6,p,0.938272088
998,0.436069,-2.10958,5.91501,5.58014,50,deg,ALU,0.212485,none,0.122316,CLAS,e-,10.6,p,0.938272088
999,0.400098,-1.68036,5.82936,5.93473,50,deg,ALU,-0.234214,none,0.0833714,CLAS,e-,10.6,p,0.938272088
1000,0.422162,-1.93471,5.81549,6.14713,50,deg,ALU,0.0970322,none,0.102245,CLAS,e-,10.6,p,0.938272088
1001,0.615449,-2.61065,7.40479,0.274581,51,deg,ALU,0.242551,none,0.162573,CLAS,e-,10.6,p,0.938272088
1002,0.603464,-2.38356,6.98888,0.939422,51,deg,ALU,0.237649,none,0.221741,CLAS,e-,10.6,p,0.938272088
1003,0.626857,-2.75507,7.14306,4.76987,51,deg,ALU,0.355816,none,0.278165,CLAS,e-,10.6,p,0.938272088
1004,0.612411,-2.80396,6.87046,5.37179,51,deg,ALU,-0.179979,none,0.200663,CLAS,e-,10.6,p,0.938272088
1005,0.618028,-3.11817,7.43609,6.04618,51,deg,ALU,0.133889,none,0.154548,CLAS,e-,10.6,p,0.938272088