,xB,t,Q2,phi,deg/rad,obs,value,units,stat_u,syst_u,col,lepton,E_lepton,hadron,E_hadron
0,0.363,-0.2108455417,3.17,7.5,deg,d4SigUU,0.0468,pb GeV^-4,0.0015,+0.001600/-0.001500,Hall A,e-,7.38,p,0.93827208816
1,0.363,-0.2108455417,3.17,22.5,deg,d4SigUU,0.043,pb GeV^-4,0.0015,+0.001400/-0.001500,Hall A,e-,7.38,p,0.93827208816
2,0.363,-0.2108455417,3.17,37.5,deg,d4SigUU,0.0412,pb GeV^-4,0.0014,+0.001300/-0.001500,Hall A,e-,7.38,p,0.93827208816
3,0.363,-0.2108455417,3.17,52.5,deg,d4SigUU,0.0369,pb GeV^-4,0.0013,+0.001500/-0.001200,Hall A,e-,7.38,p,0.93827208816
4,0.363,-0.2108455417,3.17,67.5,deg,d4SigUU,0.0353,pb GeV^-4,0.0012,+0.001100/-0.001100,Hall A,e-,7.38,p,0.93827208816
5,0.363,-0.2108455417,3.17,82.5,deg,d4SigUU,0.03,pb GeV^-4,0.0012,+0.001200/-0.000940,Hall A,e-,7.38,p,0.93827208816
6,0.363,-0.2108455417,3.17,97.5,deg,d4SigUU,0.027,pb GeV^-4,0.0011,+0.001100/-0.000890,Hall A,e-,7.38,p,0.93827208816
7,0.363,-0.2108455417,3.17,112.5,deg,d4SigUU,0.023,pb GeV^-4,0.00097,+0.000750/-0.000790,Hall A,e-,7.38,p,0.93827208816
8,0.363,-0.2108455417,3.17,127.5,deg,d4SigUU,0.0226,pb GeV^-4,0.00096,+0.001000/-0.000840,Hall A,e-,7.38,p,0.93827208816
9,0.363,-0.2108455417,3.17,142.5,deg,d4SigUU,0.0212,pb GeV^-4,0.00094,+0.000770/-0.000720,Hall A,e-,7.38,p,0.93827208816
10,0.363,-0.2108455417,3.17,157.5,deg,d4SigUU,0.0206,pb GeV^-4,0.00092,+0.000810/-0.000620,Hall A,e-,7.38,p,0.93827208816
11,0.363,-0.2108455417,3.17,172.5,deg,d4SigUU,0.0197,pb GeV^-4,0.00088,+0.000740/-0.000650,Hall A,e-,7.38,p,0.93827208816
12,0.363,-0.2108455417,3.17,187.5,deg,d4SigUU,0.0212,pb GeV^-4,0.00093,+0.000650/-0.000810,Hall A,e-,7.38,p,0.93827208816
13,0.363,-0.2108455417,3.17,202.5,deg,d4SigUU,0.021,pb GeV^-4,0.00093,+0.000670/-0.000720,Hall A,e-,7.38,p,0.93827208816
14,0.363,-0.2108455417,3.17,217.5,deg,d4SigUU,0.0206,pb GeV^-4,0.00093,+0.000630/-0.001000,Hall A,e-,7.38,p,0.93827208816
15,0.363,-0.2108455417,3.17,232.5,deg,d4SigUU,0.0206,pb GeV^-4,0.00094,+0.000680/-0.000700,Hall A,e-,7.38,p,0.93827208816
16,0.363,-0.2108455417,3.17,247.5,deg,d4SigUU,0.0246,pb GeV^-4,0.001,+0.000780/-0.000880,Hall A,e-,7.38,p,0.93827208816
17,0.363,-0.2108455417,3.17,262.5,deg,d4SigUU,0.0272,pb GeV^-4,0.0011,+0.001000/-0.000880,Hall A,e-,7.38,p,0.93827208816
18,0.363,-0.2108455417,3.17,277.5,deg,d4SigUU,0.0289,pb GeV^-4,0.0011,+0.001100/-0.000870,Hall A,e-,7.38,p,0.93827208816
19,0.363,-0.2108455417,3.17,292.5,deg,d4SigUU,0.0359,pb GeV^-4,0.0013,+0.001300/-0.001100,Hall A,e-,7.38,p,0.93827208816
20,0.363,-0.2108455417,3.17,307.5,deg,d4SigUU,0.0393,pb GeV^-4,0.0013,+0.001200/-0.001300,Hall A,e-,7.38,p,0.93827208816
21,0.363,-0.2108455417,3.17,322.5,deg,d4SigUU,0.0428,pb GeV^-4,0.0014,+0.001400/-0.001600,Hall A,e-,7.38,p,0.93827208816
22,0.363,-0.2108455417,3.17,337.5,deg,d4SigUU,0.0467,pb GeV^-4,0.0015,+0.001400/-0.001600,Hall A,e-,7.38,p,0.93827208816
23,0.363,-0.2108455417,3.17,352.5,deg,d4SigUU,0.0504,pb GeV^-4,0.0015,+0.001600/-0.001700,Hall A,e-,7.38,p,0.93827208816
24,0.363,-0.2966455417,3.17,7.5,deg,d4SigUU,0.0437,pb GeV^-4,0.0017,+0.001500/-0.001700,Hall A,e-,7.38,p,0.93827208816
25,0.363,-0.2966455417,3.17,22.5,deg,d4SigUU,0.0384,pb GeV^-4,0.0016,+0.001600/-0.001200,Hall A,e-,7.38,p,0.93827208816
26,0.363,-0.2966455417,3.17,37.5,deg,d4SigUU,0.0359,pb GeV^-4,0.0015,+0.001500/-0.001100,Hall A,e-,7.38,p,0.93827208816
27,0.363,-0.2966455417,3.17,52.5,deg,d4SigUU,0.0316,pb GeV^-4,0.0013,+0.001300/-0.001100,Hall A,e-,7.38,p,0.93827208816
28,0.363,-0.2966455417,3.17,67.5,deg,d4SigUU,0.0243,pb GeV^-4,0.0011,+0.000810/-0.000810,Hall A,e-,7.38,p,0.93827208816
29,0.363,-0.2966455417,3.17,82.5,deg,d4SigUU,0.0206,pb GeV^-4,0.001,+0.000630/-0.000800,Hall A,e-,7.38,p,0.93827208816
30,0.363,-0.2966455417,3.17,97.5,deg,d4SigUU,0.0177,pb GeV^-4,0.0009,+0.000790/-0.000680,Hall A,e-,7.38,p,0.93827208816
31,0.363,-0.2966455417,3.17,112.5,deg,d4SigUU,0.0151,pb GeV^-4,0.00081,+0.000570/-0.000510,Hall A,e-,7.38,p,0.93827208816
32,0.363,-0.2966455417,3.17,127.5,deg,d4SigUU,0.013,pb GeV^-4,0.00076,+0.000530/-0.000400,Hall A,e-,7.38,p,0.93827208816
33,0.363,-0.2966455417,3.17,142.5,deg,d4SigUU,0.0135,pb GeV^-4,0.00077,+0.000490/-0.000440,Hall A,e-,7.38,p,0.93827208816
34,0.363,-0.2966455417,3.17,157.5,deg,d4SigUU,0.0107,pb GeV^-4,0.00069,+0.000400/-0.000420,Hall A,e-,7.38,p,0.93827208816
35,0.363,-0.2966455417,3.17,172.5,deg,d4SigUU,0.0112,pb GeV^-4,0.00071,+0.000550/-0.000340,Hall A,e-,7.38,p,0.93827208816
36,0.363,-0.2966455417,3.17,187.5,deg,d4SigUU,0.0115,pb GeV^-4,0.00072,+0.000420/-0.000370,Hall A,e-,7.38,p,0.93827208816
37,0.363,-0.2966455417,3.17,202.5,deg,d4SigUU,0.0132,pb GeV^-4,0.00076,+0.000560/-0.000430,Hall A,e-,7.38,p,0.93827208816
38,0.363,-0.2966455417,3.17,217.5,deg,d4SigUU,0.014,pb GeV^-4,0.00079,+0.000610/-0.000550,Hall A,e-,7.38,p,0.93827208816
39,0.363,-0.2966455417,3.17,232.5,deg,d4SigUU,0.0144,pb GeV^-4,0.00084,+0.000490/-0.000580,Hall A,e-,7.38,p,0.93827208816
40,0.363,-0.2966455417,3.17,247.5,deg,d4SigUU,0.0168,pb GeV^-4,0.00089,+0.000940/-0.000520,Hall A,e-,7.38,p,0.93827208816
41,0.363,-0.2966455417,3.17,262.5,deg,d4SigUU,0.0184,pb GeV^-4,0.00096,+0.000580/-0.000840,Hall A,e-,7.38,p,0.93827208816
42,0.363,-0.2966455417,3.17,277.5,deg,d4SigUU,0.022,pb GeV^-4,0.0011,+0.000670/-0.001000,Hall A,e-,7.38,p,0.93827208816
43,0.363,-0.2966455417,3.17,292.5,deg,d4SigUU,0.0257,pb GeV^-4,0.0012,+0.001200/-0.000770,Hall A,e-,7.38,p,0.93827208816
44,0.363,-0.2966455417,3.17,307.5,deg,d4SigUU,0.0315,pb GeV^-4,0.0013,+0.001100/-0.001100,Hall A,e-,7.38,p,0.93827208816
45,0.363,-0.2966455417,3.17,322.5,deg,d4SigUU,0.0391,pb GeV^-4,0.0014,+0.001300/-0.001400,Hall A,e-,7.38,p,0.93827208816
46,0.363,-0.2966455417,3.17,337.5,deg,d4SigUU,0.042,pb GeV^-4,0.0016,+0.001300/-0.001300,Hall A,e-,7.38,p,0.93827208816
47,0.363,-0.2966455417,3.17,352.5,deg,d4SigUU,0.0461,pb GeV^-4,0.0017,+0.001600/-0.001500,Hall A,e-,7.38,p,0.93827208816
48,0.365,-0.3848779712,3.18,7.5,deg,d4SigUU,0.0335,pb GeV^-4,0.0026,+0.001100/-0.001300,Hall A,e-,7.38,p,0.93827208816
49,0.365,-0.3848779712,3.18,22.5,deg,d4SigUU,0.0308,pb GeV^-4,0.0021,+0.001500/-0.000960,Hall A,e-,7.38,p,0.93827208816
50,0.365,-0.3848779712,3.18,37.5,deg,d4SigUU,0.0247,pb GeV^-4,0.0015,+0.000820/-0.000860,Hall A,e-,7.38,p,0.93827208816
51,0.365,-0.3848779712,3.18,52.5,deg,d4SigUU,0.0204,pb GeV^-4,0.0012,+0.000640/-0.000820,Hall A,e-,7.38,p,0.93827208816
52,0.365,-0.3848779712,3.18,67.5,deg,d4SigUU,0.0169,pb GeV^-4,0.001,+0.000630/-0.000570,Hall A,e-,7.38,p,0.93827208816
53,0.365,-0.3848779712,3.18,82.5,deg,d4SigUU,0.0141,pb GeV^-4,0.0009,+0.000690/-0.000460,Hall A,e-,7.38,p,0.93827208816
54,0.365,-0.3848779712,3.18,97.5,deg,d4SigUU,0.0121,pb GeV^-4,0.00078,+0.000420/-0.000490,Hall A,e-,7.38,p,0.93827208816
55,0.365,-0.3848779712,3.18,112.5,deg,d4SigUU,0.0108,pb GeV^-4,0.00072,+0.000430/-0.000340,Hall A,e-,7.38,p,0.93827208816
56,0.365,-0.3848779712,3.18,127.5,deg,d4SigUU,0.00957,pb GeV^-4,0.00068,+0.000400/-0.000450,Hall A,e-,7.38,p,0.93827208816
57,0.365,-0.3848779712,3.18,142.5,deg,d4SigUU,0.00859,pb GeV^-4,0.00066,+0.000350/-0.000310,Hall A,e-,7.38,p,0.93827208816
58,0.365,-0.3848779712,3.18,157.5,deg,d4SigUU,0.00905,pb GeV^-4,0.00067,+0.000330/-0.000410,Hall A,e-,7.38,p,0.93827208816
59,0.365,-0.3848779712,3.18,172.5,deg,d4SigUU,0.00928,pb GeV^-4,0.00069,+0.000460/-0.000300,Hall A,e-,7.38,p,0.93827208816
60,0.365,-0.3848779712,3.18,187.5,deg,d4SigUU,0.0089,pb GeV^-4,0.00066,+0.000270/-0.000410,Hall A,e-,7.38,p,0.93827208816
61,0.365,-0.3848779712,3.18,202.5,deg,d4SigUU,0.0102,pb GeV^-4,0.00073,+0.000400/-0.000340,Hall A,e-,7.38,p,0.93827208816
62,0.365,-0.3848779712,3.18,217.5,deg,d4SigUU,0.00931,pb GeV^-4,0.00069,+0.000410/-0.000290,Hall A,e-,7.38,p,0.93827208816
63,0.365,-0.3848779712,3.18,232.5,deg,d4SigUU,0.00957,pb GeV^-4,0.00071,+0.000450/-0.000310,Hall A,e-,7.38,p,0.93827208816
64,0.365,-0.3848779712,3.18,247.5,deg,d4SigUU,0.0104,pb GeV^-4,0.00077,+0.000480/-0.000330,Hall A,e-,7.38,p,0.93827208816
65,0.365,-0.3848779712,3.18,262.5,deg,d4SigUU,0.014,pb GeV^-4,0.00086,+0.000640/-0.000530,Hall A,e-,7.38,p,0.93827208816
66,0.365,-0.3848779712,3.18,277.5,deg,d4SigUU,0.0152,pb GeV^-4,0.00095,+0.000710/-0.000490,Hall A,e-,7.38,p,0.93827208816
67,0.365,-0.3848779712,3.18,292.5,deg,d4SigUU,0.0195,pb GeV^-4,0.0011,+0.000680/-0.000810,Hall A,e-,7.38,p,0.93827208816
68,0.365,-0.3848779712,3.18,307.5,deg,d4SigUU,0.0239,pb GeV^-4,0.0013,+0.000780/-0.000810,Hall A,e-,7.38,p,0.93827208816
69,0.365,-0.3848779712,3.18,322.5,deg,d4SigUU,0.029,pb GeV^-4,0.0015,+0.000980/-0.000910,Hall A,e-,7.38,p,0.93827208816
70,0.365,-0.3848779712,3.18,337.5,deg,d4SigUU,0.0342,pb GeV^-4,0.002,+0.001900/-0.001200,Hall A,e-,7.38,p,0.93827208816
71,0.365,-0.3848779712,3.18,352.5,deg,d4SigUU,0.0362,pb GeV^-4,0.0026,+0.001400/-0.001100,Hall A,e-,7.38,p,0.93827208816
72,0.365,-0.4708779712,3.18,7.5,deg,d4SigUU,0.0295,pb GeV^-4,0.007,+0.002500/-0.002200,Hall A,e-,7.38,p,0.93827208816
73,0.365,-0.4708779712,3.18,22.5,deg,d4SigUU,0.0207,pb GeV^-4,0.0039,+0.001200/-0.001200,Hall A,e-,7.38,p,0.93827208816
74,0.365,-0.4708779712,3.18,37.5,deg,d4SigUU,0.0216,pb GeV^-4,0.002,+0.000660/-0.001300,Hall A,e-,7.38,p,0.93827208816
75,0.365,-0.4708779712,3.18,52.5,deg,d4SigUU,0.0174,pb GeV^-4,0.0013,+0.000540/-0.000650,Hall A,e-,7.38,p,0.93827208816
76,0.365,-0.4708779712,3.18,67.5,deg,d4SigUU,0.0132,pb GeV^-4,0.001,+0.000460/-0.000480,Hall A,e-,7.38,p,0.93827208816
77,0.365,-0.4708779712,3.18,82.5,deg,d4SigUU,0.0121,pb GeV^-4,0.00091,+0.000620/-0.000650,Hall A,e-,7.38,p,0.93827208816
78,0.365,-0.4708779712,3.18,97.5,deg,d4SigUU,0.00961,pb GeV^-4,0.0008,+0.000520/-0.000480,Hall A,e-,7.38,p,0.93827208816
79,0.365,-0.4708779712,3.18,112.5,deg,d4SigUU,0.008,pb GeV^-4,0.00069,+0.000280/-0.000410,Hall A,e-,7.38,p,0.93827208816
80,0.365,-0.4708779712,3.18,127.5,deg,d4SigUU,0.00694,pb GeV^-4,0.00063,+0.000370/-0.000240,Hall A,e-,7.38,p,0.93827208816
81,0.365,-0.4708779712,3.18,142.5,deg,d4SigUU,0.00632,pb GeV^-4,0.0006,+0.000230/-0.000280,Hall A,e-,7.38,p,0.93827208816
82,0.365,-0.4708779712,3.18,157.5,deg,d4SigUU,0.00626,pb GeV^-4,0.00063,+0.000300/-0.000210,Hall A,e-,7.38,p,0.93827208816
83,0.365,-0.4708779712,3.18,172.5,deg,d4SigUU,0.00696,pb GeV^-4,0.00071,+0.000500/-0.000240,Hall A,e-,7.38,p,0.93827208816
84,0.365,-0.4708779712,3.18,187.5,deg,d4SigUU,0.00595,pb GeV^-4,0.00067,+0.000380/-0.000340,Hall A,e-,7.38,p,0.93827208816
85,0.365,-0.4708779712,3.18,202.5,deg,d4SigUU,0.00789,pb GeV^-4,0.00069,+0.000350/-0.000240,Hall A,e-,7.38,p,0.93827208816
86,0.365,-0.4708779712,3.18,217.5,deg,d4SigUU,0.00803,pb GeV^-4,0.00068,+0.000290/-0.000240,Hall A,e-,7.38,p,0.93827208816
87,0.365,-0.4708779712,3.18,232.5,deg,d4SigUU,0.00696,pb GeV^-4,0.00066,+0.000490/-0.000260,Hall A,e-,7.38,p,0.93827208816
88,0.365,-0.4708779712,3.18,247.5,deg,d4SigUU,0.0083,pb GeV^-4,0.00071,+0.000340/-0.000390,Hall A,e-,7.38,p,0.93827208816
89,0.365,-0.4708779712,3.18,262.5,deg,d4SigUU,0.0089,pb GeV^-4,0.0008,+0.000310/-0.000390,Hall A,e-,7.38,p,0.93827208816
90,0.365,-0.4708779712,3.18,277.5,deg,d4SigUU,0.0117,pb GeV^-4,0.00095,+0.000460/-0.000480,Hall A,e-,7.38,p,0.93827208816
91,0.365,-0.4708779712,3.18,292.5,deg,d4SigUU,0.0145,pb GeV^-4,0.0011,+0.000470/-0.000540,Hall A,e-,7.38,p,0.93827208816
92,0.365,-0.4708779712,3.18,307.5,deg,d4SigUU,0.0186,pb GeV^-4,0.0014,+0.000590/-0.000860,Hall A,e-,7.38,p,0.93827208816
93,0.365,-0.4708779712,3.18,322.5,deg,d4SigUU,0.0205,pb GeV^-4,0.0019,+0.000860/-0.001000,Hall A,e-,7.38,p,0.93827208816
94,0.365,-0.4708779712,3.18,337.5,deg,d4SigUU,0.0219,pb GeV^-4,0.0035,+0.001100/-0.001300,Hall A,e-,7.38,p,0.93827208816
95,0.365,-0.4708779712,3.18,352.5,deg,d4SigUU,0.0175,pb GeV^-4,0.0061,+0.001700/-0.003100,Hall A,e-,7.38,p,0.93827208816
96,0.364,-0.585781398,3.18,7.5,deg,d4SigUU,0.0284,pb GeV^-4,0.034,+0.006700/-0.002900,Hall A,e-,7.38,p,0.93827208816
97,0.364,-0.585781398,3.18,22.5,deg,d4SigUU,0.0197,pb GeV^-4,0.0096,+0.002700/-0.005800,Hall A,e-,7.38,p,0.93827208816
98,0.364,-0.585781398,3.18,37.5,deg,d4SigUU,0.0122,pb GeV^-4,0.0025,+0.000730/-0.000370,Hall A,e-,7.38,p,0.93827208816
99,0.364,-0.585781398,3.18,52.5,deg,d4SigUU,0.00941,pb GeV^-4,0.0012,+0.000640/-0.000410,Hall A,e-,7.38,p,0.93827208816
100,0.364,-0.585781398,3.18,67.5,deg,d4SigUU,0.00874,pb GeV^-4,0.00087,+0.000390/-0.000360,Hall A,e-,7.38,p,0.93827208816
101,0.364,-0.585781398,3.18,82.5,deg,d4SigUU,0.0073,pb GeV^-4,0.00074,+0.000480/-0.000300,Hall A,e-,7.38,p,0.93827208816
102,0.364,-0.585781398,3.18,97.5,deg,d4SigUU,0.00619,pb GeV^-4,0.00064,+0.000220/-0.000350,Hall A,e-,7.38,p,0.93827208816
103,0.364,-0.585781398,3.18,112.5,deg,d4SigUU,0.00509,pb GeV^-4,0.00053,+0.000210/-0.000260,Hall A,e-,7.38,p,0.93827208816
104,0.364,-0.585781398,3.18,127.5,deg,d4SigUU,0.00483,pb GeV^-4,0.00046,+0.000250/-0.000180,Hall A,e-,7.38,p,0.93827208816
105,0.364,-0.585781398,3.18,142.5,deg,d4SigUU,0.00533,pb GeV^-4,0.00052,+0.000190/-0.000220,Hall A,e-,7.38,p,0.93827208816
106,0.364,-0.585781398,3.18,157.5,deg,d4SigUU,0.00689,pb GeV^-4,0.00076,+0.000320/-0.000460,Hall A,e-,7.38,p,0.93827208816
107,0.364,-0.585781398,3.18,172.5,deg,d4SigUU,0.00612,pb GeV^-4,0.00095,+0.000870/-0.000320,Hall A,e-,7.38,p,0.93827208816
108,0.364,-0.585781398,3.18,187.5,deg,d4SigUU,0.00686,pb GeV^-4,0.0011,+0.000250/-0.000770,Hall A,e-,7.38,p,0.93827208816
109,0.364,-0.585781398,3.18,202.5,deg,d4SigUU,0.00775,pb GeV^-4,0.0008,+0.000320/-0.000450,Hall A,e-,7.38,p,0.93827208816
110,0.364,-0.585781398,3.18,217.5,deg,d4SigUU,0.00561,pb GeV^-4,0.00057,+0.000330/-0.000170,Hall A,e-,7.38,p,0.93827208816
111,0.364,-0.585781398,3.18,232.5,deg,d4SigUU,0.00662,pb GeV^-4,0.00052,+0.000240/-0.000220,Hall A,e-,7.38,p,0.93827208816
112,0.364,-0.585781398,3.18,247.5,deg,d4SigUU,0.00541,pb GeV^-4,0.00052,+0.000320/-0.000320,Hall A,e-,7.38,p,0.93827208816
113,0.364,-0.585781398,3.18,262.5,deg,d4SigUU,0.00707,pb GeV^-4,0.00069,+0.000320/-0.000270,Hall A,e-,7.38,p,0.93827208816
114,0.364,-0.585781398,3.18,277.5,deg,d4SigUU,0.00813,pb GeV^-4,0.00081,+0.000450/-0.000490,Hall A,e-,7.38,p,0.93827208816
115,0.364,-0.585781398,3.18,292.5,deg,d4SigUU,0.0102,pb GeV^-4,0.00095,+0.000400/-0.000600,Hall A,e-,7.38,p,0.93827208816
116,0.364,-0.585781398,3.18,307.5,deg,d4SigUU,0.0152,pb GeV^-4,0.0014,+0.000620/-0.000510,Hall A,e-,7.38,p,0.93827208816
117,0.364,-0.585781398,3.18,322.5,deg,d4SigUU,0.0182,pb GeV^-4,0.0026,+0.001100/-0.000770,Hall A,e-,7.38,p,0.93827208816
118,0.364,-0.585781398,3.18,337.5,deg,d4SigUU,0.021,pb GeV^-4,0.0092,+0.000630/-0.003900,Hall A,e-,7.38,p,0.93827208816
119,0.364,-0.585781398,3.18,352.5,deg,d4SigUU,0.00139,pb GeV^-4,0.048,+0.023000/-0.003300,Hall A,e-,7.38,p,0.93827208816
120,0.367,-0.2045942931,3.65,7.5,deg,d4SigUU,0.0275,pb GeV^-4,0.00092,+0.001100/-0.000820,Hall A,e-,8.52,p,0.93827208816
121,0.367,-0.2045942931,3.65,22.5,deg,d4SigUU,0.0229,pb GeV^-4,0.00084,+0.000980/-0.000700,Hall A,e-,8.52,p,0.93827208816
122,0.367,-0.2045942931,3.65,37.5,deg,d4SigUU,0.0228,pb GeV^-4,0.00084,+0.000780/-0.000850,Hall A,e-,8.52,p,0.93827208816
123,0.367,-0.2045942931,3.65,52.5,deg,d4SigUU,0.0208,pb GeV^-4,0.00081,+0.000660/-0.000770,Hall A,e-,8.52,p,0.93827208816
124,0.367,-0.2045942931,3.65,67.5,deg,d4SigUU,0.0218,pb GeV^-4,0.00079,+0.000670/-0.000840,Hall A,e-,8.52,p,0.93827208816
125,0.367,-0.2045942931,3.65,82.5,deg,d4SigUU,0.0183,pb GeV^-4,0.00074,+0.000780/-0.000550,Hall A,e-,8.52,p,0.93827208816
126,0.367,-0.2045942931,3.65,97.5,deg,d4SigUU,0.0175,pb GeV^-4,0.00072,+0.000550/-0.000590,Hall A,e-,8.52,p,0.93827208816
127,0.367,-0.2045942931,3.65,112.5,deg,d4SigUU,0.0164,pb GeV^-4,0.00068,+0.000720/-0.000590,Hall A,e-,8.52,p,0.93827208816
128,0.367,-0.2045942931,3.65,127.5,deg,d4SigUU,0.0157,pb GeV^-4,0.00065,+0.000590/-0.000490,Hall A,e-,8.52,p,0.93827208816
129,0.367,-0.2045942931,3.65,142.5,deg,d4SigUU,0.0141,pb GeV^-4,0.00062,+0.000590/-0.000470,Hall A,e-,8.52,p,0.93827208816
130,0.367,-0.2045942931,3.65,157.5,deg,d4SigUU,0.0129,pb GeV^-4,0.0006,+0.000580/-0.000450,Hall A,e-,8.52,p,0.93827208816
131,0.367,-0.2045942931,3.65,172.5,deg,d4SigUU,0.013,pb GeV^-4,0.0006,+0.000640/-0.000450,Hall A,e-,8.52,p,0.93827208816
132,0.367,-0.2045942931,3.65,187.5,deg,d4SigUU,0.0122,pb GeV^-4,0.0006,+0.000520/-0.000500,Hall A,e-,8.52,p,0.93827208816
133,0.367,-0.2045942931,3.65,202.5,deg,d4SigUU,0.0135,pb GeV^-4,0.00063,+0.000440/-0.000510,Hall A,e-,8.52,p,0.93827208816
134,0.367,-0.2045942931,3.65,217.5,deg,d4SigUU,0.0133,pb GeV^-4,0.00062,+0.000490/-0.000470,Hall A,e-,8.52,p,0.93827208816
135,0.367,-0.2045942931,3.65,232.5,deg,d4SigUU,0.0161,pb GeV^-4,0.00068,+0.000490/-0.000570,Hall A,e-,8.52,p,0.93827208816
136,0.367,-0.2045942931,3.65,247.5,deg,d4SigUU,0.0152,pb GeV^-4,0.00067,+0.000500/-0.000600,Hall A,e-,8.52,p,0.93827208816
137,0.367,-0.2045942931,3.65,262.5,deg,d4SigUU,0.0185,pb GeV^-4,0.00073,+0.000750/-0.000590,Hall A,e-,8.52,p,0.93827208816
138,0.367,-0.2045942931,3.65,277.5,deg,d4SigUU,0.0209,pb GeV^-4,0.00078,+0.000750/-0.000710,Hall A,e-,8.52,p,0.93827208816
139,0.367,-0.2045942931,3.65,292.5,deg,d4SigUU,0.0214,pb GeV^-4,0.00079,+0.000800/-0.000680,Hall A,e-,8.52,p,0.93827208816
140,0.367,-0.2045942931,3.65,307.5,deg,d4SigUU,0.0225,pb GeV^-4,0.00082,+0.000830/-0.000890,Hall A,e-,8.52,p,0.93827208816
141,0.367,-0.2045942931,3.65,322.5,deg,d4SigUU,0.0252,pb GeV^-4,0.00087,+0.000780/-0.001100,Hall A,e-,8.52,p,0.93827208816
142,0.367,-0.2045942931,3.65,337.5,deg,d4SigUU,0.0237,pb GeV^-4,0.00086,+0.001200/-0.000830,Hall A,e-,8.52,p,0.93827208816
143,0.367,-0.2045942931,3.65,352.5,deg,d4SigUU,0.0257,pb GeV^-4,0.0009,+0.001000/-0.000970,Hall A,e-,8.52,p,0.93827208816
144,0.367,-0.2657942931,3.65,7.5,deg,d4SigUU,0.0235,pb GeV^-4,0.001,+0.000990/-0.000800,Hall A,e-,8.52,p,0.93827208816
145,0.367,-0.2657942931,3.65,22.5,deg,d4SigUU,0.0219,pb GeV^-4,0.00096,+0.000930/-0.000680,Hall A,e-,8.52,p,0.93827208816
146,0.367,-0.2657942931,3.65,37.5,deg,d4SigUU,0.0199,pb GeV^-4,0.00084,+0.001100/-0.000600,Hall A,e-,8.52,p,0.93827208816
147,0.367,-0.2657942931,3.65,52.5,deg,d4SigUU,0.0191,pb GeV^-4,0.00078,+0.000570/-0.001000,Hall A,e-,8.52,p,0.93827208816
148,0.367,-0.2657942931,3.65,67.5,deg,d4SigUU,0.0179,pb GeV^-4,0.00074,+0.000600/-0.000580,Hall A,e-,8.52,p,0.93827208816
149,0.367,-0.2657942931,3.65,82.5,deg,d4SigUU,0.0134,pb GeV^-4,0.00065,+0.000430/-0.000420,Hall A,e-,8.52,p,0.93827208816
150,0.367,-0.2657942931,3.65,97.5,deg,d4SigUU,0.0118,pb GeV^-4,0.00061,+0.000400/-0.000420,Hall A,e-,8.52,p,0.93827208816
151,0.367,-0.2657942931,3.65,112.5,deg,d4SigUU,0.0105,pb GeV^-4,0.00055,+0.000360/-0.000570,Hall A,e-,8.52,p,0.93827208816
152,0.367,-0.2657942931,3.65,127.5,deg,d4SigUU,0.0109,pb GeV^-4,0.00056,+0.000440/-0.000450,Hall A,e-,8.52,p,0.93827208816
153,0.367,-0.2657942931,3.65,142.5,deg,d4SigUU,0.00984,pb GeV^-4,0.00052,+0.000330/-0.000590,Hall A,e-,8.52,p,0.93827208816
154,0.367,-0.2657942931,3.65,157.5,deg,d4SigUU,0.00812,pb GeV^-4,0.00049,+0.000250/-0.000390,Hall A,e-,8.52,p,0.93827208816
155,0.367,-0.2657942931,3.65,172.5,deg,d4SigUU,0.00882,pb GeV^-4,0.0005,+0.000550/-0.000270,Hall A,e-,8.52,p,0.93827208816
156,0.367,-0.2657942931,3.65,187.5,deg,d4SigUU,0.00874,pb GeV^-4,0.00049,+0.000310/-0.000630,Hall A,e-,8.52,p,0.93827208816
157,0.367,-0.2657942931,3.65,202.5,deg,d4SigUU,0.00999,pb GeV^-4,0.00054,+0.000310/-0.000490,Hall A,e-,8.52,p,0.93827208816
158,0.367,-0.2657942931,3.65,217.5,deg,d4SigUU,0.0105,pb GeV^-4,0.00056,+0.000350/-0.000460,Hall A,e-,8.52,p,0.93827208816
159,0.367,-0.2657942931,3.65,232.5,deg,d4SigUU,0.0097,pb GeV^-4,0.00056,+0.000400/-0.000430,Hall A,e-,8.52,p,0.93827208816
160,0.367,-0.2657942931,3.65,247.5,deg,d4SigUU,0.011,pb GeV^-4,0.00058,+0.000380/-0.000590,Hall A,e-,8.52,p,0.93827208816
161,0.367,-0.2657942931,3.65,262.5,deg,d4SigUU,0.013,pb GeV^-4,0.00062,+0.000470/-0.000450,Hall A,e-,8.52,p,0.93827208816
162,0.367,-0.2657942931,3.65,277.5,deg,d4SigUU,0.0143,pb GeV^-4,0.00066,+0.000670/-0.000450,Hall A,e-,8.52,p,0.93827208816
163,0.367,-0.2657942931,3.65,292.5,deg,d4SigUU,0.0171,pb GeV^-4,0.00072,+0.000670/-0.000570,Hall A,e-,8.52,p,0.93827208816
164,0.367,-0.2657942931,3.65,307.5,deg,d4SigUU,0.0197,pb GeV^-4,0.00078,+0.000590/-0.000970,Hall A,e-,8.52,p,0.93827208816
165,0.367,-0.2657942931,3.65,322.5,deg,d4SigUU,0.0222,pb GeV^-4,0.00085,+0.000680/-0.000840,Hall A,e-,8.52,p,0.93827208816
166,0.367,-0.2657942931,3.65,337.5,deg,d4SigUU,0.0253,pb GeV^-4,0.00097,+0.000860/-0.001100,Hall A,e-,8.52,p,0.93827208816
167,0.367,-0.2657942931,3.65,352.5,deg,d4SigUU,0.0235,pb GeV^-4,0.001,+0.001400/-0.000800,Hall A,e-,8.52,p,0.93827208816
168,0.369,-0.3303408973,3.67,7.5,deg,d4SigUU,0.0215,pb GeV^-4,0.0015,+0.001100/-0.000730,Hall A,e-,8.52,p,0.93827208816
169,0.369,-0.3303408973,3.67,22.5,deg,d4SigUU,0.0166,pb GeV^-4,0.0012,+0.001100/-0.000520,Hall A,e-,8.52,p,0.93827208816
170,0.369,-0.3303408973,3.67,37.5,deg,d4SigUU,0.0168,pb GeV^-4,0.00094,+0.000720/-0.000660,Hall A,e-,8.52,p,0.93827208816
171,0.369,-0.3303408973,3.67,52.5,deg,d4SigUU,0.0152,pb GeV^-4,0.00077,+0.000600/-0.000480,Hall A,e-,8.52,p,0.93827208816
172,0.369,-0.3303408973,3.67,67.5,deg,d4SigUU,0.0124,pb GeV^-4,0.00067,+0.000460/-0.000460,Hall A,e-,8.52,p,0.93827208816
173,0.369,-0.3303408973,3.67,82.5,deg,d4SigUU,0.0103,pb GeV^-4,0.00059,+0.000350/-0.000390,Hall A,e-,8.52,p,0.93827208816
174,0.369,-0.3303408973,3.67,97.5,deg,d4SigUU,0.00883,pb GeV^-4,0.00054,+0.000290/-0.000290,Hall A,e-,8.52,p,0.93827208816
175,0.369,-0.3303408973,3.67,112.5,deg,d4SigUU,0.00848,pb GeV^-4,0.00052,+0.000280/-0.000470,Hall A,e-,8.52,p,0.93827208816
176,0.369,-0.3303408973,3.67,127.5,deg,d4SigUU,0.00774,pb GeV^-4,0.00048,+0.000280/-0.000430,Hall A,e-,8.52,p,0.93827208816
177,0.369,-0.3303408973,3.67,142.5,deg,d4SigUU,0.00669,pb GeV^-4,0.00045,+0.000280/-0.000200,Hall A,e-,8.52,p,0.93827208816
178,0.369,-0.3303408973,3.67,157.5,deg,d4SigUU,0.00706,pb GeV^-4,0.00045,+0.000270/-0.000340,Hall A,e-,8.52,p,0.93827208816
179,0.369,-0.3303408973,3.67,172.5,deg,d4SigUU,0.0067,pb GeV^-4,0.00045,+0.000340/-0.000210,Hall A,e-,8.52,p,0.93827208816
180,0.369,-0.3303408973,3.67,187.5,deg,d4SigUU,0.00688,pb GeV^-4,0.00046,+0.000290/-0.000280,Hall A,e-,8.52,p,0.93827208816
181,0.369,-0.3303408973,3.67,202.5,deg,d4SigUU,0.00709,pb GeV^-4,0.00047,+0.000250/-0.000340,Hall A,e-,8.52,p,0.93827208816
182,0.369,-0.3303408973,3.67,217.5,deg,d4SigUU,0.0071,pb GeV^-4,0.00048,+0.000260/-0.000360,Hall A,e-,8.52,p,0.93827208816
183,0.369,-0.3303408973,3.67,232.5,deg,d4SigUU,0.00791,pb GeV^-4,0.0005,+0.000420/-0.000300,Hall A,e-,8.52,p,0.93827208816
184,0.369,-0.3303408973,3.67,247.5,deg,d4SigUU,0.00943,pb GeV^-4,0.00054,+0.000430/-0.000310,Hall A,e-,8.52,p,0.93827208816
185,0.369,-0.3303408973,3.67,262.5,deg,d4SigUU,0.00964,pb GeV^-4,0.00057,+0.000360/-0.000440,Hall A,e-,8.52,p,0.93827208816
186,0.369,-0.3303408973,3.67,277.5,deg,d4SigUU,0.012,pb GeV^-4,0.00062,+0.000360/-0.000470,Hall A,e-,8.52,p,0.93827208816
187,0.369,-0.3303408973,3.67,292.5,deg,d4SigUU,0.0143,pb GeV^-4,0.00069,+0.000490/-0.000480,Hall A,e-,8.52,p,0.93827208816
188,0.369,-0.3303408973,3.67,307.5,deg,d4SigUU,0.0167,pb GeV^-4,0.00075,+0.000530/-0.000700,Hall A,e-,8.52,p,0.93827208816
189,0.369,-0.3303408973,3.67,322.5,deg,d4SigUU,0.0185,pb GeV^-4,0.00091,+0.000760/-0.000680,Hall A,e-,8.52,p,0.93827208816
190,0.369,-0.3303408973,3.67,337.5,deg,d4SigUU,0.0202,pb GeV^-4,0.0012,+0.000680/-0.000930,Hall A,e-,8.52,p,0.93827208816
191,0.369,-0.3303408973,3.67,352.5,deg,d4SigUU,0.0241,pb GeV^-4,0.0016,+0.001000/-0.001100,Hall A,e-,8.52,p,0.93827208816
192,0.37,-0.3925227297,3.68,7.5,deg,d4SigUU,0.0225,pb GeV^-4,0.0029,+0.003100/-0.001700,Hall A,e-,8.52,p,0.93827208816
193,0.37,-0.3925227297,3.68,22.5,deg,d4SigUU,0.0156,pb GeV^-4,0.0019,+0.000880/-0.000840,Hall A,e-,8.52,p,0.93827208816
194,0.37,-0.3925227297,3.68,37.5,deg,d4SigUU,0.0118,pb GeV^-4,0.0011,+0.001100/-0.000500,Hall A,e-,8.52,p,0.93827208816
195,0.37,-0.3925227297,3.68,52.5,deg,d4SigUU,0.0115,pb GeV^-4,0.00079,+0.000520/-0.000370,Hall A,e-,8.52,p,0.93827208816
196,0.37,-0.3925227297,3.68,67.5,deg,d4SigUU,0.0106,pb GeV^-4,0.00067,+0.000460/-0.000330,Hall A,e-,8.52,p,0.93827208816
197,0.37,-0.3925227297,3.68,82.5,deg,d4SigUU,0.00792,pb GeV^-4,0.00055,+0.000380/-0.000310,Hall A,e-,8.52,p,0.93827208816
198,0.37,-0.3925227297,3.68,97.5,deg,d4SigUU,0.00719,pb GeV^-4,0.00051,+0.000350/-0.000320,Hall A,e-,8.52,p,0.93827208816
199,0.37,-0.3925227297,3.68,112.5,deg,d4SigUU,0.006,pb GeV^-4,0.00045,+0.000320/-0.000180,Hall A,e-,8.52,p,0.93827208816
200,0.37,-0.3925227297,3.68,127.5,deg,d4SigUU,0.00568,pb GeV^-4,0.00042,+0.000200/-0.000230,Hall A,e-,8.52,p,0.93827208816
201,0.37,-0.3925227297,3.68,142.5,deg,d4SigUU,0.00482,pb GeV^-4,0.00039,+0.000360/-0.000170,Hall A,e-,8.52,p,0.93827208816
202,0.37,-0.3925227297,3.68,157.5,deg,d4SigUU,0.00522,pb GeV^-4,0.00041,+0.000240/-0.000200,Hall A,e-,8.52,p,0.93827208816
203,0.37,-0.3925227297,3.68,172.5,deg,d4SigUU,0.00543,pb GeV^-4,0.00043,+0.000210/-0.000220,Hall A,e-,8.52,p,0.93827208816
204,0.37,-0.3925227297,3.68,187.5,deg,d4SigUU,0.00522,pb GeV^-4,0.00042,+0.000280/-0.000220,Hall A,e-,8.52,p,0.93827208816
205,0.37,-0.3925227297,3.68,202.5,deg,d4SigUU,0.0054,pb GeV^-4,0.00042,+0.000350/-0.000230,Hall A,e-,8.52,p,0.93827208816
206,0.37,-0.3925227297,3.68,217.5,deg,d4SigUU,0.00624,pb GeV^-4,0.00046,+0.000190/-0.000270,Hall A,e-,8.52,p,0.93827208816
207,0.37,-0.3925227297,3.68,232.5,deg,d4SigUU,0.00577,pb GeV^-4,0.00044,+0.000350/-0.000210,Hall A,e-,8.52,p,0.93827208816
208,0.37,-0.3925227297,3.68,247.5,deg,d4SigUU,0.00606,pb GeV^-4,0.00048,+0.000250/-0.000210,Hall A,e-,8.52,p,0.93827208816
209,0.37,-0.3925227297,3.68,262.5,deg,d4SigUU,0.00823,pb GeV^-4,0.00053,+0.000450/-0.000360,Hall A,e-,8.52,p,0.93827208816
210,0.37,-0.3925227297,3.68,277.5,deg,d4SigUU,0.00793,pb GeV^-4,0.00055,+0.000500/-0.000300,Hall A,e-,8.52,p,0.93827208816
211,0.37,-0.3925227297,3.68,292.5,deg,d4SigUU,0.0114,pb GeV^-4,0.00067,+0.000410/-0.000470,Hall A,e-,8.52,p,0.93827208816
212,0.37,-0.3925227297,3.68,307.5,deg,d4SigUU,0.0127,pb GeV^-4,0.00076,+0.000640/-0.000760,Hall A,e-,8.52,p,0.93827208816
213,0.37,-0.3925227297,3.68,322.5,deg,d4SigUU,0.0134,pb GeV^-4,0.0011,+0.000570/-0.000470,Hall A,e-,8.52,p,0.93827208816
214,0.37,-0.3925227297,3.68,337.5,deg,d4SigUU,0.021,pb GeV^-4,0.002,+0.000790/-0.001000,Hall A,e-,8.52,p,0.93827208816
215,0.37,-0.3925227297,3.68,352.5,deg,d4SigUU,0.0237,pb GeV^-4,0.003,+0.001200/-0.002000,Hall A,e-,8.52,p,0.93827208816
216,0.37,-0.4805227297,3.68,7.5,deg,d4SigUU,0.0225,pb GeV^-4,0.0076,+0.001400/-0.004700,Hall A,e-,8.52,p,0.93827208816
217,0.37,-0.4805227297,3.68,22.5,deg,d4SigUU,0.0104,pb GeV^-4,0.003,+0.001400/-0.000940,Hall A,e-,8.52,p,0.93827208816
218,0.37,-0.4805227297,3.68,37.5,deg,d4SigUU,0.00918,pb GeV^-4,0.0013,+0.000540/-0.000510,Hall A,e-,8.52,p,0.93827208816
219,0.37,-0.4805227297,3.68,52.5,deg,d4SigUU,0.0092,pb GeV^-4,0.00072,+0.000350/-0.000360,Hall A,e-,8.52,p,0.93827208816
220,0.37,-0.4805227297,3.68,67.5,deg,d4SigUU,0.00797,pb GeV^-4,0.00053,+0.000320/-0.000310,Hall A,e-,8.52,p,0.93827208816
221,0.37,-0.4805227297,3.68,82.5,deg,d4SigUU,0.00643,pb GeV^-4,0.00044,+0.000260/-0.000240,Hall A,e-,8.52,p,0.93827208816
222,0.37,-0.4805227297,3.68,97.5,deg,d4SigUU,0.00535,pb GeV^-4,0.00038,+0.000240/-0.000180,Hall A,e-,8.52,p,0.93827208816
223,0.37,-0.4805227297,3.68,112.5,deg,d4SigUU,0.00473,pb GeV^-4,0.00033,+0.000170/-0.000160,Hall A,e-,8.52,p,0.93827208816
224,0.37,-0.4805227297,3.68,127.5,deg,d4SigUU,0.00404,pb GeV^-4,0.00027,+0.000150/-0.000130,Hall A,e-,8.52,p,0.93827208816
225,0.37,-0.4805227297,3.68,142.5,deg,d4SigUU,0.00427,pb GeV^-4,0.00028,+0.000130/-0.000210,Hall A,e-,8.52,p,0.93827208816
226,0.37,-0.4805227297,3.68,157.5,deg,d4SigUU,0.00397,pb GeV^-4,0.00029,+0.000180/-0.000140,Hall A,e-,8.52,p,0.93827208816
227,0.37,-0.4805227297,3.68,172.5,deg,d4SigUU,0.00379,pb GeV^-4,0.00028,+0.000260/-0.000120,Hall A,e-,8.52,p,0.93827208816
228,0.37,-0.4805227297,3.68,187.5,deg,d4SigUU,0.00432,pb GeV^-4,0.0003,+0.000180/-0.000130,Hall A,e-,8.52,p,0.93827208816
229,0.37,-0.4805227297,3.68,202.5,deg,d4SigUU,0.00444,pb GeV^-4,0.00029,+0.000170/-0.000180,Hall A,e-,8.52,p,0.93827208816
230,0.37,-0.4805227297,3.68,217.5,deg,d4SigUU,0.00437,pb GeV^-4,0.00029,+0.000130/-0.000220,Hall A,e-,8.52,p,0.93827208816
231,0.37,-0.4805227297,3.68,232.5,deg,d4SigUU,0.00451,pb GeV^-4,0.00029,+0.000140/-0.000200,Hall A,e-,8.52,p,0.93827208816
232,0.37,-0.4805227297,3.68,247.5,deg,d4SigUU,0.00515,pb GeV^-4,0.00033,+0.000180/-0.000210,Hall A,e-,8.52,p,0.93827208816
233,0.37,-0.4805227297,3.68,262.5,deg,d4SigUU,0.00619,pb GeV^-4,0.00038,+0.000200/-0.000300,Hall A,e-,8.52,p,0.93827208816
234,0.37,-0.4805227297,3.68,277.5,deg,d4SigUU,0.00623,pb GeV^-4,0.0004,+0.000260/-0.000300,Hall A,e-,8.52,p,0.93827208816
235,0.37,-0.4805227297,3.68,292.5,deg,d4SigUU,0.00841,pb GeV^-4,0.00051,+0.000280/-0.000400,Hall A,e-,8.52,p,0.93827208816
236,0.37,-0.4805227297,3.68,307.5,deg,d4SigUU,0.00946,pb GeV^-4,0.00067,+0.000430/-0.000350,Hall A,e-,8.52,p,0.93827208816
237,0.37,-0.4805227297,3.68,322.5,deg,d4SigUU,0.0118,pb GeV^-4,0.0012,+0.000650/-0.000500,Hall A,e-,8.52,p,0.93827208816
238,0.37,-0.4805227297,3.68,337.5,deg,d4SigUU,0.0103,pb GeV^-4,0.0029,+0.000470/-0.001700,Hall A,e-,8.52,p,0.93827208816
239,0.37,-0.4805227297,3.68,352.5,deg,d4SigUU,0.0141,pb GeV^-4,0.0075,+0.001900/-0.003000,Hall A,e-,8.52,p,0.93827208816
240,0.369,-0.209417597,4.53,7.5,deg,d4SigUU,0.0139,pb GeV^-4,0.00058,+0.000450/-0.000600,Hall A,e-,10.59,p,0.93827208816
241,0.369,-0.209417597,4.53,22.5,deg,d4SigUU,0.0129,pb GeV^-4,0.00056,+0.000480/-0.000640,Hall A,e-,10.59,p,0.93827208816
242,0.369,-0.209417597,4.53,37.5,deg,d4SigUU,0.0131,pb GeV^-4,0.00056,+0.000420/-0.000600,Hall A,e-,10.59,p,0.93827208816
243,0.369,-0.209417597,4.53,52.5,deg,d4SigUU,0.0122,pb GeV^-4,0.00054,+0.000440/-0.000420,Hall A,e-,10.59,p,0.93827208816
244,0.369,-0.209417597,4.53,67.5,deg,d4SigUU,0.0115,pb GeV^-4,0.00052,+0.000560/-0.000390,Hall A,e-,10.59,p,0.93827208816
245,0.369,-0.209417597,4.53,82.5,deg,d4SigUU,0.0113,pb GeV^-4,0.00051,+0.000460/-0.000500,Hall A,e-,10.59,p,0.93827208816
246,0.369,-0.209417597,4.53,97.5,deg,d4SigUU,0.00875,pb GeV^-4,0.00046,+0.000390/-0.000290,Hall A,e-,10.59,p,0.93827208816
247,0.369,-0.209417597,4.53,112.5,deg,d4SigUU,0.00915,pb GeV^-4,0.00046,+0.000300/-0.000300,Hall A,e-,10.59,p,0.93827208816
248,0.369,-0.209417597,4.53,127.5,deg,d4SigUU,0.00903,pb GeV^-4,0.00045,+0.000400/-0.000310,Hall A,e-,10.59,p,0.93827208816
249,0.369,-0.209417597,4.53,142.5,deg,d4SigUU,0.00838,pb GeV^-4,0.00044,+0.000300/-0.000270,Hall A,e-,10.59,p,0.93827208816
250,0.369,-0.209417597,4.53,157.5,deg,d4SigUU,0.00828,pb GeV^-4,0.00044,+0.000250/-0.000360,Hall A,e-,10.59,p,0.93827208816
251,0.369,-0.209417597,4.53,172.5,deg,d4SigUU,0.00798,pb GeV^-4,0.00043,+0.000240/-0.000390,Hall A,e-,10.59,p,0.93827208816
252,0.369,-0.209417597,4.53,187.5,deg,d4SigUU,0.00774,pb GeV^-4,0.00043,+0.000290/-0.000270,Hall A,e-,10.59,p,0.93827208816
253,0.369,-0.209417597,4.53,202.5,deg,d4SigUU,0.00841,pb GeV^-4,0.00045,+0.000300/-0.000320,Hall A,e-,10.59,p,0.93827208816
254,0.369,-0.209417597,4.53,217.5,deg,d4SigUU,0.00853,pb GeV^-4,0.00045,+0.000310/-0.000260,Hall A,e-,10.59,p,0.93827208816
255,0.369,-0.209417597,4.53,232.5,deg,d4SigUU,0.00991,pb GeV^-4,0.00049,+0.000520/-0.000300,Hall A,e-,10.59,p,0.93827208816
256,0.369,-0.209417597,4.53,247.5,deg,d4SigUU,0.00969,pb GeV^-4,0.00049,+0.000430/-0.000360,Hall A,e-,10.59,p,0.93827208816
257,0.369,-0.209417597,4.53,262.5,deg,d4SigUU,0.0102,pb GeV^-4,0.00049,+0.000440/-0.000320,Hall A,e-,10.59,p,0.93827208816
258,0.369,-0.209417597,4.53,277.5,deg,d4SigUU,0.0109,pb GeV^-4,0.00051,+0.000360/-0.000490,Hall A,e-,10.59,p,0.93827208816
259,0.369,-0.209417597,4.53,292.5,deg,d4SigUU,0.0122,pb GeV^-4,0.00054,+0.000470/-0.000460,Hall A,e-,10.59,p,0.93827208816
260,0.369,-0.209417597,4.53,307.5,deg,d4SigUU,0.0124,pb GeV^-4,0.00054,+0.000440/-0.000430,Hall A,e-,10.59,p,0.93827208816
261,0.369,-0.209417597,4.53,322.5,deg,d4SigUU,0.0138,pb GeV^-4,0.00057,+0.000440/-0.000510,Hall A,e-,10.59,p,0.93827208816
262,0.369,-0.209417597,4.53,337.5,deg,d4SigUU,0.0154,pb GeV^-4,0.00061,+0.000510/-0.000590,Hall A,e-,10.59,p,0.93827208816
263,0.369,-0.209417597,4.53,352.5,deg,d4SigUU,0.0138,pb GeV^-4,0.00058,+0.000570/-0.000520,Hall A,e-,10.59,p,0.93827208816
264,0.37,-0.2719446417,4.55,7.5,deg,d4SigUU,0.0139,pb GeV^-4,0.00073,+0.000700/-0.000580,Hall A,e-,10.59,p,0.93827208816
265,0.37,-0.2719446417,4.55,22.5,deg,d4SigUU,0.0118,pb GeV^-4,0.00065,+0.000480/-0.000420,Hall A,e-,10.59,p,0.93827208816
266,0.37,-0.2719446417,4.55,37.5,deg,d4SigUU,0.00954,pb GeV^-4,0.00054,+0.000310/-0.000300,Hall A,e-,10.59,p,0.93827208816
267,0.37,-0.2719446417,4.55,52.5,deg,d4SigUU,0.00879,pb GeV^-4,0.00048,+0.000370/-0.000320,Hall A,e-,10.59,p,0.93827208816
268,0.37,-0.2719446417,4.55,67.5,deg,d4SigUU,0.00877,pb GeV^-4,0.00047,+0.000320/-0.000400,Hall A,e-,10.59,p,0.93827208816
269,0.37,-0.2719446417,4.55,82.5,deg,d4SigUU,0.00784,pb GeV^-4,0.00044,+0.000250/-0.000320,Hall A,e-,10.59,p,0.93827208816
270,0.37,-0.2719446417,4.55,97.5,deg,d4SigUU,0.0074,pb GeV^-4,0.00043,+0.000380/-0.000230,Hall A,e-,10.59,p,0.93827208816
271,0.37,-0.2719446417,4.55,112.5,deg,d4SigUU,0.00655,pb GeV^-4,0.0004,+0.000330/-0.000250,Hall A,e-,10.59,p,0.93827208816
272,0.37,-0.2719446417,4.55,127.5,deg,d4SigUU,0.00683,pb GeV^-4,0.0004,+0.000370/-0.000230,Hall A,e-,10.59,p,0.93827208816
273,0.37,-0.2719446417,4.55,142.5,deg,d4SigUU,0.00609,pb GeV^-4,0.00037,+0.000200/-0.000230,Hall A,e-,10.59,p,0.93827208816
274,0.37,-0.2719446417,4.55,157.5,deg,d4SigUU,0.00605,pb GeV^-4,0.00037,+0.000210/-0.000210,Hall A,e-,10.59,p,0.93827208816
275,0.37,-0.2719446417,4.55,172.5,deg,d4SigUU,0.0053,pb GeV^-4,0.00034,+0.000190/-0.000260,Hall A,e-,10.59,p,0.93827208816
276,0.37,-0.2719446417,4.55,187.5,deg,d4SigUU,0.00595,pb GeV^-4,0.00037,+0.000240/-0.000200,Hall A,e-,10.59,p,0.93827208816
277,0.37,-0.2719446417,4.55,202.5,deg,d4SigUU,0.00508,pb GeV^-4,0.00035,+0.000210/-0.000210,Hall A,e-,10.59,p,0.93827208816
278,0.37,-0.2719446417,4.55,217.5,deg,d4SigUU,0.00708,pb GeV^-4,0.00041,+0.000330/-0.000310,Hall A,e-,10.59,p,0.93827208816
279,0.37,-0.2719446417,4.55,232.5,deg,d4SigUU,0.00616,pb GeV^-4,0.0004,+0.000340/-0.000280,Hall A,e-,10.59,p,0.93827208816
280,0.37,-0.2719446417,4.55,247.5,deg,d4SigUU,0.00624,pb GeV^-4,0.0004,+0.000310/-0.000250,Hall A,e-,10.59,p,0.93827208816
281,0.37,-0.2719446417,4.55,262.5,deg,d4SigUU,0.00709,pb GeV^-4,0.00042,+0.000320/-0.000250,Hall A,e-,10.59,p,0.93827208816
282,0.37,-0.2719446417,4.55,277.5,deg,d4SigUU,0.00812,pb GeV^-4,0.00045,+0.000370/-0.000280,Hall A,e-,10.59,p,0.93827208816
283,0.37,-0.2719446417,4.55,292.5,deg,d4SigUU,0.0103,pb GeV^-4,0.00049,+0.000370/-0.000400,Hall A,e-,10.59,p,0.93827208816
284,0.37,-0.2719446417,4.55,307.5,deg,d4SigUU,0.0111,pb GeV^-4,0.00052,+0.000550/-0.000340,Hall A,e-,10.59,p,0.93827208816
285,0.37,-0.2719446417,4.55,322.5,deg,d4SigUU,0.0128,pb GeV^-4,0.0006,+0.000520/-0.000510,Hall A,e-,10.59,p,0.93827208816
286,0.37,-0.2719446417,4.55,337.5,deg,d4SigUU,0.0128,pb GeV^-4,0.00064,+0.000590/-0.000400,Hall A,e-,10.59,p,0.93827208816
287,0.37,-0.2719446417,4.55,352.5,deg,d4SigUU,0.013,pb GeV^-4,0.0007,+0.000630/-0.000430,Hall A,e-,10.59,p,0.93827208816
288,0.372,-0.3355670295,4.57,7.5,deg,d4SigUU,0.0105,pb GeV^-4,0.001,+0.000640/-0.000510,Hall A,e-,10.59,p,0.93827208816
289,0.372,-0.3355670295,4.57,22.5,deg,d4SigUU,0.00951,pb GeV^-4,0.00082,+0.000310/-0.000420,Hall A,e-,10.59,p,0.93827208816
290,0.372,-0.3355670295,4.57,37.5,deg,d4SigUU,0.00808,pb GeV^-4,0.00062,+0.000330/-0.000260,Hall A,e-,10.59,p,0.93827208816
291,0.372,-0.3355670295,4.57,52.5,deg,d4SigUU,0.00748,pb GeV^-4,0.00051,+0.000380/-0.000390,Hall A,e-,10.59,p,0.93827208816
292,0.372,-0.3355670295,4.57,67.5,deg,d4SigUU,0.00708,pb GeV^-4,0.00045,+0.000280/-0.000230,Hall A,e-,10.59,p,0.93827208816
293,0.372,-0.3355670295,4.57,82.5,deg,d4SigUU,0.00618,pb GeV^-4,0.00041,+0.000220/-0.000220,Hall A,e-,10.59,p,0.93827208816
294,0.372,-0.3355670295,4.57,97.5,deg,d4SigUU,0.00507,pb GeV^-4,0.00037,+0.000330/-0.000180,Hall A,e-,10.59,p,0.93827208816
295,0.372,-0.3355670295,4.57,112.5,deg,d4SigUU,0.0045,pb GeV^-4,0.00033,+0.000170/-0.000150,Hall A,e-,10.59,p,0.93827208816
296,0.372,-0.3355670295,4.57,127.5,deg,d4SigUU,0.00465,pb GeV^-4,0.00032,+0.000190/-0.000240,Hall A,e-,10.59,p,0.93827208816
297,0.372,-0.3355670295,4.57,142.5,deg,d4SigUU,0.00449,pb GeV^-4,0.00031,+0.000180/-0.000180,Hall A,e-,10.59,p,0.93827208816
298,0.372,-0.3355670295,4.57,157.5,deg,d4SigUU,0.00362,pb GeV^-4,0.00029,+0.000140/-0.000200,Hall A,e-,10.59,p,0.93827208816
299,0.372,-0.3355670295,4.57,172.5,deg,d4SigUU,0.00386,pb GeV^-4,0.00029,+0.000130/-0.000170,Hall A,e-,10.59,p,0.93827208816
300,0.372,-0.3355670295,4.57,187.5,deg,d4SigUU,0.00342,pb GeV^-4,0.00027,+0.000150/-0.000170,Hall A,e-,10.59,p,0.93827208816
301,0.372,-0.3355670295,4.57,202.5,deg,d4SigUU,0.00392,pb GeV^-4,0.00031,+0.000120/-0.000150,Hall A,e-,10.59,p,0.93827208816
302,0.372,-0.3355670295,4.57,217.5,deg,d4SigUU,0.00443,pb GeV^-4,0.00033,+0.000200/-0.000220,Hall A,e-,10.59,p,0.93827208816
303,0.372,-0.3355670295,4.57,232.5,deg,d4SigUU,0.00498,pb GeV^-4,0.00034,+0.000260/-0.000170,Hall A,e-,10.59,p,0.93827208816
304,0.372,-0.3355670295,4.57,247.5,deg,d4SigUU,0.00578,pb GeV^-4,0.00038,+0.000220/-0.000190,Hall A,e-,10.59,p,0.93827208816
305,0.372,-0.3355670295,4.57,262.5,deg,d4SigUU,0.00575,pb GeV^-4,0.00038,+0.000390/-0.000200,Hall A,e-,10.59,p,0.93827208816
306,0.372,-0.3355670295,4.57,277.5,deg,d4SigUU,0.00626,pb GeV^-4,0.0004,+0.000410/-0.000200,Hall A,e-,10.59,p,0.93827208816
307,0.372,-0.3355670295,4.57,292.5,deg,d4SigUU,0.00765,pb GeV^-4,0.00046,+0.000390/-0.000290,Hall A,e-,10.59,p,0.93827208816
308,0.372,-0.3355670295,4.57,307.5,deg,d4SigUU,0.00948,pb GeV^-4,0.00052,+0.000400/-0.000460,Hall A,e-,10.59,p,0.93827208816
309,0.372,-0.3355670295,4.57,322.5,deg,d4SigUU,0.00947,pb GeV^-4,0.00064,+0.000500/-0.000370,Hall A,e-,10.59,p,0.93827208816
310,0.372,-0.3355670295,4.57,337.5,deg,d4SigUU,0.0113,pb GeV^-4,0.00084,+0.000560/-0.000470,Hall A,e-,10.59,p,0.93827208816
311,0.372,-0.3355670295,4.57,352.5,deg,d4SigUU,0.0111,pb GeV^-4,0.001,+0.000530/-0.000390,Hall A,e-,10.59,p,0.93827208816
312,0.373,-0.3987870521,4.58,7.5,deg,d4SigUU,0.00937,pb GeV^-4,0.0016,+0.000460/-0.000570,Hall A,e-,10.59,p,0.93827208816
313,0.373,-0.3987870521,4.58,22.5,deg,d4SigUU,0.00844,pb GeV^-4,0.0012,+0.000390/-0.000590,Hall A,e-,10.59,p,0.93827208816
314,0.373,-0.3987870521,4.58,37.5,deg,d4SigUU,0.00697,pb GeV^-4,0.00079,+0.000370/-0.000370,Hall A,e-,10.59,p,0.93827208816
315,0.373,-0.3987870521,4.58,52.5,deg,d4SigUU,0.00701,pb GeV^-4,0.00058,+0.000440/-0.000240,Hall A,e-,10.59,p,0.93827208816
316,0.373,-0.3987870521,4.58,67.5,deg,d4SigUU,0.00536,pb GeV^-4,0.00047,+0.000200/-0.000250,Hall A,e-,10.59,p,0.93827208816
317,0.373,-0.3987870521,4.58,82.5,deg,d4SigUU,0.00555,pb GeV^-4,0.00044,+0.000190/-0.000190,Hall A,e-,10.59,p,0.93827208816
318,0.373,-0.3987870521,4.58,97.5,deg,d4SigUU,0.00438,pb GeV^-4,0.00037,+0.000180/-0.000190,Hall A,e-,10.59,p,0.93827208816
319,0.373,-0.3987870521,4.58,112.5,deg,d4SigUU,0.0039,pb GeV^-4,0.00034,+0.000200/-0.000160,Hall A,e-,10.59,p,0.93827208816
320,0.373,-0.3987870521,4.58,127.5,deg,d4SigUU,0.00341,pb GeV^-4,0.0003,+0.000210/-0.000110,Hall A,e-,10.59,p,0.93827208816
321,0.373,-0.3987870521,4.58,142.5,deg,d4SigUU,0.0034,pb GeV^-4,0.00029,+0.000130/-0.000140,Hall A,e-,10.59,p,0.93827208816
322,0.373,-0.3987870521,4.58,157.5,deg,d4SigUU,0.00302,pb GeV^-4,0.00027,+0.000130/-0.000140,Hall A,e-,10.59,p,0.93827208816
323,0.373,-0.3987870521,4.58,172.5,deg,d4SigUU,0.00296,pb GeV^-4,0.00027,+0.000220/-0.000091,Hall A,e-,10.59,p,0.93827208816
324,0.373,-0.3987870521,4.58,187.5,deg,d4SigUU,0.00335,pb GeV^-4,0.00029,+0.000140/-0.000120,Hall A,e-,10.59,p,0.93827208816
325,0.373,-0.3987870521,4.58,202.5,deg,d4SigUU,0.00285,pb GeV^-4,0.00027,+0.000160/-0.000099,Hall A,e-,10.59,p,0.93827208816
326,0.373,-0.3987870521,4.58,217.5,deg,d4SigUU,0.00294,pb GeV^-4,0.00029,+0.000160/-0.000130,Hall A,e-,10.59,p,0.93827208816
327,0.373,-0.3987870521,4.58,232.5,deg,d4SigUU,0.0036,pb GeV^-4,0.00032,+0.000190/-0.000150,Hall A,e-,10.59,p,0.93827208816
328,0.373,-0.3987870521,4.58,247.5,deg,d4SigUU,0.00418,pb GeV^-4,0.00035,+0.000150/-0.000200,Hall A,e-,10.59,p,0.93827208816
329,0.373,-0.3987870521,4.58,262.5,deg,d4SigUU,0.00472,pb GeV^-4,0.00038,+0.000210/-0.000250,Hall A,e-,10.59,p,0.93827208816
330,0.373,-0.3987870521,4.58,277.5,deg,d4SigUU,0.0056,pb GeV^-4,0.00043,+0.000270/-0.000340,Hall A,e-,10.59,p,0.93827208816
331,0.373,-0.3987870521,4.58,292.5,deg,d4SigUU,0.00675,pb GeV^-4,0.00049,+0.000250/-0.000250,Hall A,e-,10.59,p,0.93827208816
332,0.373,-0.3987870521,4.58,307.5,deg,d4SigUU,0.00784,pb GeV^-4,0.00058,+0.000300/-0.000260,Hall A,e-,10.59,p,0.93827208816
333,0.373,-0.3987870521,4.58,322.5,deg,d4SigUU,0.00897,pb GeV^-4,0.00081,+0.000510/-0.000350,Hall A,e-,10.59,p,0.93827208816
334,0.373,-0.3987870521,4.58,337.5,deg,d4SigUU,0.00939,pb GeV^-4,0.0012,+0.000370/-0.000470,Hall A,e-,10.59,p,0.93827208816
335,0.373,-0.3987870521,4.58,352.5,deg,d4SigUU,0.0112,pb GeV^-4,0.0017,+0.000660/-0.000610,Hall A,e-,10.59,p,0.93827208816
336,0.371,-0.4833778477,4.57,7.5,deg,d4SigUU,0.0118,pb GeV^-4,0.0035,+0.000650/-0.001100,Hall A,e-,10.59,p,0.93827208816
337,0.371,-0.4833778477,4.57,22.5,deg,d4SigUU,0.0059,pb GeV^-4,0.0017,+0.000560/-0.000640,Hall A,e-,10.59,p,0.93827208816
338,0.371,-0.4833778477,4.57,37.5,deg,d4SigUU,0.00561,pb GeV^-4,0.00091,+0.000440/-0.000280,Hall A,e-,10.59,p,0.93827208816
339,0.371,-0.4833778477,4.57,52.5,deg,d4SigUU,0.00485,pb GeV^-4,0.00054,+0.000240/-0.000180,Hall A,e-,10.59,p,0.93827208816
340,0.371,-0.4833778477,4.57,67.5,deg,d4SigUU,0.00416,pb GeV^-4,0.00039,+0.000300/-0.000150,Hall A,e-,10.59,p,0.93827208816
341,0.371,-0.4833778477,4.57,82.5,deg,d4SigUU,0.00339,pb GeV^-4,0.00031,+0.000100/-0.000220,Hall A,e-,10.59,p,0.93827208816
342,0.371,-0.4833778477,4.57,97.5,deg,d4SigUU,0.00295,pb GeV^-4,0.00028,+0.000110/-0.000120,Hall A,e-,10.59,p,0.93827208816
343,0.371,-0.4833778477,4.57,112.5,deg,d4SigUU,0.00287,pb GeV^-4,0.00024,+0.000110/-0.000100,Hall A,e-,10.59,p,0.93827208816
344,0.371,-0.4833778477,4.57,127.5,deg,d4SigUU,0.00234,pb GeV^-4,0.0002,+0.000120/-0.000070,Hall A,e-,10.59,p,0.93827208816
345,0.371,-0.4833778477,4.57,142.5,deg,d4SigUU,0.00267,pb GeV^-4,0.0002,+0.000089/-0.000120,Hall A,e-,10.59,p,0.93827208816
346,0.371,-0.4833778477,4.57,157.5,deg,d4SigUU,0.00215,pb GeV^-4,0.00019,+0.000120/-0.000140,Hall A,e-,10.59,p,0.93827208816
347,0.371,-0.4833778477,4.57,172.5,deg,d4SigUU,0.00249,pb GeV^-4,0.00021,+0.000110/-0.000120,Hall A,e-,10.59,p,0.93827208816
348,0.371,-0.4833778477,4.57,187.5,deg,d4SigUU,0.0024,pb GeV^-4,0.0002,+0.000100/-0.000094,Hall A,e-,10.59,p,0.93827208816
349,0.371,-0.4833778477,4.57,202.5,deg,d4SigUU,0.00211,pb GeV^-4,0.00019,+0.000094/-0.000063,Hall A,e-,10.59,p,0.93827208816
350,0.371,-0.4833778477,4.57,217.5,deg,d4SigUU,0.00248,pb GeV^-4,0.0002,+0.000080/-0.000100,Hall A,e-,10.59,p,0.93827208816
351,0.371,-0.4833778477,4.57,232.5,deg,d4SigUU,0.0026,pb GeV^-4,0.00021,+0.000150/-0.000100,Hall A,e-,10.59,p,0.93827208816
352,0.371,-0.4833778477,4.57,247.5,deg,d4SigUU,0.00318,pb GeV^-4,0.00025,+0.000130/-0.000120,Hall A,e-,10.59,p,0.93827208816
353,0.371,-0.4833778477,4.57,262.5,deg,d4SigUU,0.00348,pb GeV^-4,0.00028,+0.000140/-0.000130,Hall A,e-,10.59,p,0.93827208816
354,0.371,-0.4833778477,4.57,277.5,deg,d4SigUU,0.00373,pb GeV^-4,0.00032,+0.000190/-0.000130,Hall A,e-,10.59,p,0.93827208816
355,0.371,-0.4833778477,4.57,292.5,deg,d4SigUU,0.00483,pb GeV^-4,0.00039,+0.000180/-0.000240,Hall A,e-,10.59,p,0.93827208816
356,0.371,-0.4833778477,4.57,307.5,deg,d4SigUU,0.00534,pb GeV^-4,0.00051,+0.000240/-0.000240,Hall A,e-,10.59,p,0.93827208816
357,0.371,-0.4833778477,4.57,322.5,deg,d4SigUU,0.00701,pb GeV^-4,0.00087,+0.000460/-0.000320,Hall A,e-,10.59,p,0.93827208816
358,0.371,-0.4833778477,4.57,337.5,deg,d4SigUU,0.011,pb GeV^-4,0.0019,+0.000790/-0.000780,Hall A,e-,10.59,p,0.93827208816
359,0.371,-0.4833778477,4.57,352.5,deg,d4SigUU,0.0128,pb GeV^-4,0.0032,+0.001400/-0.001700,Hall A,e-,10.59,p,0.93827208816
360,0.483,-0.3481185343,2.71,7.5,deg,d4SigUU,0.0274,pb GeV^-4,0.0027,+0.001300/-0.001500,Hall A,e-,4.49,p,0.93827208816
361,0.483,-0.3481185343,2.71,22.5,deg,d4SigUU,0.0287,pb GeV^-4,0.0026,+0.000860/-0.001600,Hall A,e-,4.49,p,0.93827208816
362,0.483,-0.3481185343,2.71,37.5,deg,d4SigUU,0.0233,pb GeV^-4,0.0024,+0.000990/-0.001200,Hall A,e-,4.49,p,0.93827208816
363,0.483,-0.3481185343,2.71,52.5,deg,d4SigUU,0.0276,pb GeV^-4,0.0024,+0.001200/-0.001100,Hall A,e-,4.49,p,0.93827208816
364,0.483,-0.3481185343,2.71,67.5,deg,d4SigUU,0.024,pb GeV^-4,0.0023,+0.002900/-0.000750,Hall A,e-,4.49,p,0.93827208816
365,0.483,-0.3481185343,2.71,82.5,deg,d4SigUU,0.023,pb GeV^-4,0.0022,+0.001900/-0.000710,Hall A,e-,4.49,p,0.93827208816
366,0.483,-0.3481185343,2.71,97.5,deg,d4SigUU,0.0184,pb GeV^-4,0.002,+0.000690/-0.000680,Hall A,e-,4.49,p,0.93827208816
367,0.483,-0.3481185343,2.71,112.5,deg,d4SigUU,0.0224,pb GeV^-4,0.0021,+0.001400/-0.000880,Hall A,e-,4.49,p,0.93827208816
368,0.483,-0.3481185343,2.71,127.5,deg,d4SigUU,0.0239,pb GeV^-4,0.0021,+0.000760/-0.001000,Hall A,e-,4.49,p,0.93827208816
369,0.483,-0.3481185343,2.71,142.5,deg,d4SigUU,0.0209,pb GeV^-4,0.0021,+0.000700/-0.001500,Hall A,e-,4.49,p,0.93827208816
370,0.483,-0.3481185343,2.71,157.5,deg,d4SigUU,0.0208,pb GeV^-4,0.002,+0.000920/-0.001200,Hall A,e-,4.49,p,0.93827208816
371,0.483,-0.3481185343,2.71,172.5,deg,d4SigUU,0.0223,pb GeV^-4,0.0021,+0.000870/-0.001400,Hall A,e-,4.49,p,0.93827208816
372,0.483,-0.3481185343,2.71,187.5,deg,d4SigUU,0.0231,pb GeV^-4,0.0021,+0.000700/-0.001300,Hall A,e-,4.49,p,0.93827208816
373,0.483,-0.3481185343,2.71,202.5,deg,d4SigUU,0.0222,pb GeV^-4,0.0021,+0.000920/-0.001900,Hall A,e-,4.49,p,0.93827208816
374,0.483,-0.3481185343,2.71,217.5,deg,d4SigUU,0.0187,pb GeV^-4,0.002,+0.001700/-0.000590,Hall A,e-,4.49,p,0.93827208816
375,0.483,-0.3481185343,2.71,232.5,deg,d4SigUU,0.0197,pb GeV^-4,0.002,+0.000910/-0.000990,Hall A,e-,4.49,p,0.93827208816
376,0.483,-0.3481185343,2.71,247.5,deg,d4SigUU,0.0202,pb GeV^-4,0.0021,+0.000950/-0.000650,Hall A,e-,4.49,p,0.93827208816
377,0.483,-0.3481185343,2.71,262.5,deg,d4SigUU,0.0234,pb GeV^-4,0.0022,+0.001300/-0.000850,Hall A,e-,4.49,p,0.93827208816
378,0.483,-0.3481185343,2.71,277.5,deg,d4SigUU,0.0221,pb GeV^-4,0.0022,+0.000670/-0.001700,Hall A,e-,4.49,p,0.93827208816
379,0.483,-0.3481185343,2.71,292.5,deg,d4SigUU,0.024,pb GeV^-4,0.0024,+0.000940/-0.000740,Hall A,e-,4.49,p,0.93827208816
380,0.483,-0.3481185343,2.71,307.5,deg,d4SigUU,0.0283,pb GeV^-4,0.0025,+0.001300/-0.001400,Hall A,e-,4.49,p,0.93827208816
381,0.483,-0.3481185343,2.71,322.5,deg,d4SigUU,0.0275,pb GeV^-4,0.0026,+0.001100/-0.001200,Hall A,e-,4.49,p,0.93827208816
382,0.483,-0.3481185343,2.71,337.5,deg,d4SigUU,0.0285,pb GeV^-4,0.0027,+0.001300/-0.001100,Hall A,e-,4.49,p,0.93827208816
383,0.483,-0.3481185343,2.71,352.5,deg,d4SigUU,0.0263,pb GeV^-4,0.0027,+0.001500/-0.001100,Hall A,e-,4.49,p,0.93827208816
384,0.483,-0.3906185343,2.71,7.5,deg,d4SigUU,0.0255,pb GeV^-4,0.0035,+0.001800/-0.002000,Hall A,e-,4.49,p,0.93827208816
385,0.483,-0.3906185343,2.71,22.5,deg,d4SigUU,0.0275,pb GeV^-4,0.0032,+0.001100/-0.002300,Hall A,e-,4.49,p,0.93827208816
386,0.483,-0.3906185343,2.71,37.5,deg,d4SigUU,0.0257,pb GeV^-4,0.0028,+0.001200/-0.000810,Hall A,e-,4.49,p,0.93827208816
387,0.483,-0.3906185343,2.71,52.5,deg,d4SigUU,0.0222,pb GeV^-4,0.0025,+0.001500/-0.001500,Hall A,e-,4.49,p,0.93827208816
388,0.483,-0.3906185343,2.71,67.5,deg,d4SigUU,0.0209,pb GeV^-4,0.0022,+0.000820/-0.000900,Hall A,e-,4.49,p,0.93827208816
389,0.483,-0.3906185343,2.71,82.5,deg,d4SigUU,0.0204,pb GeV^-4,0.0021,+0.000800/-0.000680,Hall A,e-,4.49,p,0.93827208816
390,0.483,-0.3906185343,2.71,97.5,deg,d4SigUU,0.0155,pb GeV^-4,0.002,+0.001300/-0.001400,Hall A,e-,4.49,p,0.93827208816
391,0.483,-0.3906185343,2.71,112.5,deg,d4SigUU,0.0176,pb GeV^-4,0.002,+0.000570/-0.001400,Hall A,e-,4.49,p,0.93827208816
392,0.483,-0.3906185343,2.71,127.5,deg,d4SigUU,0.0163,pb GeV^-4,0.0018,+0.000890/-0.000740,Hall A,e-,4.49,p,0.93827208816
393,0.483,-0.3906185343,2.71,142.5,deg,d4SigUU,0.0142,pb GeV^-4,0.0017,+0.001100/-0.000440,Hall A,e-,4.49,p,0.93827208816
394,0.483,-0.3906185343,2.71,157.5,deg,d4SigUU,0.0143,pb GeV^-4,0.0018,+0.001300/-0.000660,Hall A,e-,4.49,p,0.93827208816
395,0.483,-0.3906185343,2.71,172.5,deg,d4SigUU,0.0119,pb GeV^-4,0.0017,+0.000730/-0.001600,Hall A,e-,4.49,p,0.93827208816
396,0.483,-0.3906185343,2.71,187.5,deg,d4SigUU,0.0164,pb GeV^-4,0.0018,+0.000700/-0.001900,Hall A,e-,4.49,p,0.93827208816
397,0.483,-0.3906185343,2.71,202.5,deg,d4SigUU,0.0186,pb GeV^-4,0.0019,+0.002000/-0.000780,Hall A,e-,4.49,p,0.93827208816
398,0.483,-0.3906185343,2.71,217.5,deg,d4SigUU,0.018,pb GeV^-4,0.0019,+0.000630/-0.001000,Hall A,e-,4.49,p,0.93827208816
399,0.483,-0.3906185343,2.71,232.5,deg,d4SigUU,0.0137,pb GeV^-4,0.0019,+0.001500/-0.000780,Hall A,e-,4.49,p,0.93827208816
400,0.483,-0.3906185343,2.71,247.5,deg,d4SigUU,0.0154,pb GeV^-4,0.002,+0.000540/-0.000610,Hall A,e-,4.49,p,0.93827208816
401,0.483,-0.3906185343,2.71,262.5,deg,d4SigUU,0.0235,pb GeV^-4,0.0022,+0.000960/-0.001000,Hall A,e-,4.49,p,0.93827208816
402,0.483,-0.3906185343,2.71,277.5,deg,d4SigUU,0.0241,pb GeV^-4,0.0024,+0.001800/-0.001700,Hall A,e-,4.49,p,0.93827208816
403,0.483,-0.3906185343,2.71,292.5,deg,d4SigUU,0.0208,pb GeV^-4,0.0024,+0.000870/-0.000910,Hall A,e-,4.49,p,0.93827208816
404,0.483,-0.3906185343,2.71,307.5,deg,d4SigUU,0.0271,pb GeV^-4,0.0026,+0.002000/-0.002100,Hall A,e-,4.49,p,0.93827208816
405,0.483,-0.3906185343,2.71,322.5,deg,d4SigUU,0.0283,pb GeV^-4,0.0029,+0.002700/-0.002000,Hall A,e-,4.49,p,0.93827208816
406,0.483,-0.3906185343,2.71,337.5,deg,d4SigUU,0.0248,pb GeV^-4,0.0031,+0.001700/-0.001100,Hall A,e-,4.49,p,0.93827208816
407,0.483,-0.3906185343,2.71,352.5,deg,d4SigUU,0.0287,pb GeV^-4,0.0034,+0.001700/-0.001000,Hall A,e-,4.49,p,0.93827208816
408,0.484,-0.4349914827,2.71,7.5,deg,d4SigUU,0.0308,pb GeV^-4,0.0063,+0.003800/-0.001400,Hall A,e-,4.49,p,0.93827208816
409,0.484,-0.4349914827,2.71,22.5,deg,d4SigUU,0.031,pb GeV^-4,0.0047,+0.001600/-0.001300,Hall A,e-,4.49,p,0.93827208816
410,0.484,-0.4349914827,2.71,37.5,deg,d4SigUU,0.0236,pb GeV^-4,0.0034,+0.002300/-0.000970,Hall A,e-,4.49,p,0.93827208816
411,0.484,-0.4349914827,2.71,52.5,deg,d4SigUU,0.0209,pb GeV^-4,0.0026,+0.000780/-0.001500,Hall A,e-,4.49,p,0.93827208816
412,0.484,-0.4349914827,2.71,67.5,deg,d4SigUU,0.0214,pb GeV^-4,0.0023,+0.000890/-0.001300,Hall A,e-,4.49,p,0.93827208816
413,0.484,-0.4349914827,2.71,82.5,deg,d4SigUU,0.0183,pb GeV^-4,0.0021,+0.000680/-0.001400,Hall A,e-,4.49,p,0.93827208816
414,0.484,-0.4349914827,2.71,97.5,deg,d4SigUU,0.0122,pb GeV^-4,0.002,+0.000550/-0.001200,Hall A,e-,4.49,p,0.93827208816
415,0.484,-0.4349914827,2.71,112.5,deg,d4SigUU,0.0173,pb GeV^-4,0.0019,+0.001300/-0.001300,Hall A,e-,4.49,p,0.93827208816
416,0.484,-0.4349914827,2.71,127.5,deg,d4SigUU,0.0132,pb GeV^-4,0.0017,+0.000430/-0.000940,Hall A,e-,4.49,p,0.93827208816
417,0.484,-0.4349914827,2.71,142.5,deg,d4SigUU,0.0119,pb GeV^-4,0.0017,+0.000500/-0.000790,Hall A,e-,4.49,p,0.93827208816
418,0.484,-0.4349914827,2.71,157.5,deg,d4SigUU,0.0156,pb GeV^-4,0.002,+0.001300/-0.001300,Hall A,e-,4.49,p,0.93827208816
419,0.484,-0.4349914827,2.71,172.5,deg,d4SigUU,0.0115,pb GeV^-4,0.0019,+0.000990/-0.000640,Hall A,e-,4.49,p,0.93827208816
420,0.484,-0.4349914827,2.71,187.5,deg,d4SigUU,0.0141,pb GeV^-4,0.002,+0.000440/-0.001000,Hall A,e-,4.49,p,0.93827208816
421,0.484,-0.4349914827,2.71,202.5,deg,d4SigUU,0.0151,pb GeV^-4,0.002,+0.000740/-0.000610,Hall A,e-,4.49,p,0.93827208816
422,0.484,-0.4349914827,2.71,217.5,deg,d4SigUU,0.0141,pb GeV^-4,0.0019,+0.000580/-0.001700,Hall A,e-,4.49,p,0.93827208816
423,0.484,-0.4349914827,2.71,232.5,deg,d4SigUU,0.0181,pb GeV^-4,0.002,+0.000550/-0.001000,Hall A,e-,4.49,p,0.93827208816
424,0.484,-0.4349914827,2.71,247.5,deg,d4SigUU,0.0157,pb GeV^-4,0.0021,+0.000500/-0.001200,Hall A,e-,4.49,p,0.93827208816
425,0.484,-0.4349914827,2.71,262.5,deg,d4SigUU,0.0184,pb GeV^-4,0.0022,+0.000590/-0.001100,Hall A,e-,4.49,p,0.93827208816
426,0.484,-0.4349914827,2.71,277.5,deg,d4SigUU,0.0173,pb GeV^-4,0.0023,+0.000850/-0.000860,Hall A,e-,4.49,p,0.93827208816
427,0.484,-0.4349914827,2.71,292.5,deg,d4SigUU,0.0239,pb GeV^-4,0.0027,+0.000720/-0.001700,Hall A,e-,4.49,p,0.93827208816
428,0.484,-0.4349914827,2.71,307.5,deg,d4SigUU,0.0197,pb GeV^-4,0.0029,+0.000680/-0.001100,Hall A,e-,4.49,p,0.93827208816
429,0.484,-0.4349914827,2.71,322.5,deg,d4SigUU,0.0254,pb GeV^-4,0.0036,+0.003300/-0.000760,Hall A,e-,4.49,p,0.93827208816
430,0.484,-0.4349914827,2.71,337.5,deg,d4SigUU,0.023,pb GeV^-4,0.0047,+0.001000/-0.002100,Hall A,e-,4.49,p,0.93827208816
431,0.484,-0.4349914827,2.71,352.5,deg,d4SigUU,0.0311,pb GeV^-4,0.0057,+0.000940/-0.003600,Hall A,e-,4.49,p,0.93827208816
432,0.485,-0.4796703381,2.71,7.5,deg,d4SigUU,0.00758,pb GeV^-4,0.017,+0.011000/-0.004900,Hall A,e-,4.49,p,0.93827208816
433,0.485,-0.4796703381,2.71,22.5,deg,d4SigUU,0.0425,pb GeV^-4,0.0097,+0.002900/-0.007400,Hall A,e-,4.49,p,0.93827208816
434,0.485,-0.4796703381,2.71,37.5,deg,d4SigUU,0.0127,pb GeV^-4,0.0043,+0.003100/-0.001400,Hall A,e-,4.49,p,0.93827208816
435,0.485,-0.4796703381,2.71,52.5,deg,d4SigUU,0.0194,pb GeV^-4,0.0029,+0.000640/-0.001600,Hall A,e-,4.49,p,0.93827208816
436,0.485,-0.4796703381,2.71,67.5,deg,d4SigUU,0.0154,pb GeV^-4,0.0024,+0.001100/-0.000930,Hall A,e-,4.49,p,0.93827208816
437,0.485,-0.4796703381,2.71,82.5,deg,d4SigUU,0.0192,pb GeV^-4,0.0022,+0.001300/-0.000670,Hall A,e-,4.49,p,0.93827208816
438,0.485,-0.4796703381,2.71,97.5,deg,d4SigUU,0.015,pb GeV^-4,0.002,+0.000820/-0.001500,Hall A,e-,4.49,p,0.93827208816
439,0.485,-0.4796703381,2.71,112.5,deg,d4SigUU,0.0106,pb GeV^-4,0.0018,+0.001500/-0.000630,Hall A,e-,4.49,p,0.93827208816
440,0.485,-0.4796703381,2.71,127.5,deg,d4SigUU,0.0101,pb GeV^-4,0.0017,+0.000680/-0.000470,Hall A,e-,4.49,p,0.93827208816
441,0.485,-0.4796703381,2.71,142.5,deg,d4SigUU,0.0115,pb GeV^-4,0.0017,+0.000440/-0.000600,Hall A,e-,4.49,p,0.93827208816
442,0.485,-0.4796703381,2.71,157.5,deg,d4SigUU,0.0139,pb GeV^-4,0.002,+0.000620/-0.000880,Hall A,e-,4.49,p,0.93827208816
443,0.485,-0.4796703381,2.71,172.5,deg,d4SigUU,0.0138,pb GeV^-4,0.0022,+0.001000/-0.001100,Hall A,e-,4.49,p,0.93827208816
444,0.485,-0.4796703381,2.71,187.5,deg,d4SigUU,0.0162,pb GeV^-4,0.0024,+0.000540/-0.001200,Hall A,e-,4.49,p,0.93827208816
445,0.485,-0.4796703381,2.71,202.5,deg,d4SigUU,0.0127,pb GeV^-4,0.0021,+0.000950/-0.000500,Hall A,e-,4.49,p,0.93827208816
446,0.485,-0.4796703381,2.71,217.5,deg,d4SigUU,0.0113,pb GeV^-4,0.0019,+0.001800/-0.000830,Hall A,e-,4.49,p,0.93827208816
447,0.485,-0.4796703381,2.71,232.5,deg,d4SigUU,0.0136,pb GeV^-4,0.0019,+0.000590/-0.001300,Hall A,e-,4.49,p,0.93827208816
448,0.485,-0.4796703381,2.71,247.5,deg,d4SigUU,0.0155,pb GeV^-4,0.0021,+0.000500/-0.000780,Hall A,e-,4.49,p,0.93827208816
449,0.485,-0.4796703381,2.71,262.5,deg,d4SigUU,0.0167,pb GeV^-4,0.0021,+0.000730/-0.000620,Hall A,e-,4.49,p,0.93827208816
450,0.485,-0.4796703381,2.71,277.5,deg,d4SigUU,0.0183,pb GeV^-4,0.0022,+0.001100/-0.001200,Hall A,e-,4.49,p,0.93827208816
451,0.485,-0.4796703381,2.71,292.5,deg,d4SigUU,0.0184,pb GeV^-4,0.0026,+0.001500/-0.001400,Hall A,e-,4.49,p,0.93827208816
452,0.485,-0.4796703381,2.71,307.5,deg,d4SigUU,0.0183,pb GeV^-4,0.0031,+0.000870/-0.001600,Hall A,e-,4.49,p,0.93827208816
453,0.485,-0.4796703381,2.71,322.5,deg,d4SigUU,0.0241,pb GeV^-4,0.0049,+0.000880/-0.002900,Hall A,e-,4.49,p,0.93827208816
454,0.485,-0.4796703381,2.71,337.5,deg,d4SigUU,0.0206,pb GeV^-4,0.01,+0.002700/-0.002300,Hall A,e-,4.49,p,0.93827208816
455,0.485,-0.4796703381,2.71,352.5,deg,d4SigUU,0.0508,pb GeV^-4,0.02,+0.006200/-0.009100,Hall A,e-,4.49,p,0.93827208816
456,0.485,-0.5398843864,2.72,7.5,deg,d4SigUU,0.203,pb GeV^-4,0.13,+0.006200/-0.120000,Hall A,e-,4.49,p,0.93827208816
457,0.485,-0.5398843864,2.72,22.5,deg,d4SigUU,0.0354,pb GeV^-4,0.03,+0.017000/-0.012000,Hall A,e-,4.49,p,0.93827208816
458,0.485,-0.5398843864,2.72,37.5,deg,d4SigUU,0.0217,pb GeV^-4,0.0068,+0.001400/-0.005500,Hall A,e-,4.49,p,0.93827208816
459,0.485,-0.5398843864,2.72,52.5,deg,d4SigUU,0.0132,pb GeV^-4,0.0027,+0.000970/-0.000950,Hall A,e-,4.49,p,0.93827208816
460,0.485,-0.5398843864,2.72,67.5,deg,d4SigUU,0.0121,pb GeV^-4,0.002,+0.000840/-0.000870,Hall A,e-,4.49,p,0.93827208816
461,0.485,-0.5398843864,2.72,82.5,deg,d4SigUU,0.0136,pb GeV^-4,0.0017,+0.000570/-0.001100,Hall A,e-,4.49,p,0.93827208816
462,0.485,-0.5398843864,2.72,97.5,deg,d4SigUU,0.0141,pb GeV^-4,0.0017,+0.000790/-0.000440,Hall A,e-,4.49,p,0.93827208816
463,0.485,-0.5398843864,2.72,112.5,deg,d4SigUU,0.0137,pb GeV^-4,0.0014,+0.000910/-0.000430,Hall A,e-,4.49,p,0.93827208816
464,0.485,-0.5398843864,2.72,127.5,deg,d4SigUU,0.00757,pb GeV^-4,0.0012,+0.000590/-0.000380,Hall A,e-,4.49,p,0.93827208816
465,0.485,-0.5398843864,2.72,142.5,deg,d4SigUU,0.0099,pb GeV^-4,0.0014,+0.000830/-0.000860,Hall A,e-,4.49,p,0.93827208816
466,0.485,-0.5398843864,2.72,157.5,deg,d4SigUU,0.0128,pb GeV^-4,0.0016,+0.001100/-0.000600,Hall A,e-,4.49,p,0.93827208816
467,0.485,-0.5398843864,2.72,172.5,deg,d4SigUU,0.0184,pb GeV^-4,0.0022,+0.001000/-0.001300,Hall A,e-,4.49,p,0.93827208816
468,0.485,-0.5398843864,2.72,187.5,deg,d4SigUU,0.0206,pb GeV^-4,0.0022,+0.001200/-0.001800,Hall A,e-,4.49,p,0.93827208816
469,0.485,-0.5398843864,2.72,202.5,deg,d4SigUU,0.0145,pb GeV^-4,0.0018,+0.000510/-0.001200,Hall A,e-,4.49,p,0.93827208816
470,0.485,-0.5398843864,2.72,217.5,deg,d4SigUU,0.0103,pb GeV^-4,0.0015,+0.000750/-0.000320,Hall A,e-,4.49,p,0.93827208816
471,0.485,-0.5398843864,2.72,232.5,deg,d4SigUU,0.0134,pb GeV^-4,0.0016,+0.000460/-0.001100,Hall A,e-,4.49,p,0.93827208816
472,0.485,-0.5398843864,2.72,247.5,deg,d4SigUU,0.0123,pb GeV^-4,0.0015,+0.000560/-0.000480,Hall A,e-,4.49,p,0.93827208816
473,0.485,-0.5398843864,2.72,262.5,deg,d4SigUU,0.0104,pb GeV^-4,0.0014,+0.001500/-0.000360,Hall A,e-,4.49,p,0.93827208816
474,0.485,-0.5398843864,2.72,277.5,deg,d4SigUU,0.0172,pb GeV^-4,0.0017,+0.000810/-0.000670,Hall A,e-,4.49,p,0.93827208816
475,0.485,-0.5398843864,2.72,292.5,deg,d4SigUU,0.0191,pb GeV^-4,0.0021,+0.001200/-0.000580,Hall A,e-,4.49,p,0.93827208816
476,0.485,-0.5398843864,2.72,307.5,deg,d4SigUU,0.0166,pb GeV^-4,0.0034,+0.001900/-0.001100,Hall A,e-,4.49,p,0.93827208816
477,0.485,-0.5398843864,2.72,322.5,deg,d4SigUU,0.00807,pb GeV^-4,0.0072,+0.006300/-0.003000,Hall A,e-,4.49,p,0.93827208816
478,0.485,-0.5398843864,2.72,337.5,deg,d4SigUU,-0.0232,pb GeV^-4,0.038,+0.038000/-0.003000,Hall A,e-,4.49,p,0.93827208816
479,0.485,-0.5398843864,2.72,352.5,deg,d4SigUU,-0.0906,pb GeV^-4,0.091,+0.088000/-0.069000,Hall A,e-,4.49,p,0.93827208816
480,0.497,-0.4097750618,4.5,7.5,deg,d4SigUU,0.00338,pb GeV^-4,0.00022,+0.000110/-0.000140,Hall A,e-,8.85,p,0.93827208816
481,0.497,-0.4097750618,4.5,22.5,deg,d4SigUU,0.00357,pb GeV^-4,0.00023,+0.000170/-0.000150,Hall A,e-,8.85,p,0.93827208816
482,0.497,-0.4097750618,4.5,37.5,deg,d4SigUU,0.00328,pb GeV^-4,0.00021,+0.000130/-0.000120,Hall A,e-,8.85,p,0.93827208816
483,0.497,-0.4097750618,4.5,52.5,deg,d4SigUU,0.00343,pb GeV^-4,0.00021,+0.000200/-0.000120,Hall A,e-,8.85,p,0.93827208816
484,0.497,-0.4097750618,4.5,67.5,deg,d4SigUU,0.00326,pb GeV^-4,0.0002,+0.000150/-0.000110,Hall A,e-,8.85,p,0.93827208816
485,0.497,-0.4097750618,4.5,82.5,deg,d4SigUU,0.00346,pb GeV^-4,0.0002,+0.000130/-0.000170,Hall A,e-,8.85,p,0.93827208816
486,0.497,-0.4097750618,4.5,97.5,deg,d4SigUU,0.00302,pb GeV^-4,0.0002,+0.000170/-0.000140,Hall A,e-,8.85,p,0.93827208816
487,0.497,-0.4097750618,4.5,112.5,deg,d4SigUU,0.00302,pb GeV^-4,0.00019,+0.000170/-0.000130,Hall A,e-,8.85,p,0.93827208816
488,0.497,-0.4097750618,4.5,127.5,deg,d4SigUU,0.00307,pb GeV^-4,0.00019,+0.000092/-0.000170,Hall A,e-,8.85,p,0.93827208816
489,0.497,-0.4097750618,4.5,142.5,deg,d4SigUU,0.00291,pb GeV^-4,0.00019,+0.000092/-0.000110,Hall A,e-,8.85,p,0.93827208816
490,0.497,-0.4097750618,4.5,157.5,deg,d4SigUU,0.00279,pb GeV^-4,0.00019,+0.000140/-0.000120,Hall A,e-,8.85,p,0.93827208816
491,0.497,-0.4097750618,4.5,172.5,deg,d4SigUU,0.00262,pb GeV^-4,0.00018,+0.000110/-0.000088,Hall A,e-,8.85,p,0.93827208816
492,0.497,-0.4097750618,4.5,187.5,deg,d4SigUU,0.00292,pb GeV^-4,0.00019,+0.000170/-0.000140,Hall A,e-,8.85,p,0.93827208816
493,0.497,-0.4097750618,4.5,202.5,deg,d4SigUU,0.00314,pb GeV^-4,0.0002,+0.000130/-0.000140,Hall A,e-,8.85,p,0.93827208816
494,0.497,-0.4097750618,4.5,217.5,deg,d4SigUU,0.00259,pb GeV^-4,0.00019,+0.000120/-0.000098,Hall A,e-,8.85,p,0.93827208816
495,0.497,-0.4097750618,4.5,232.5,deg,d4SigUU,0.00253,pb GeV^-4,0.00018,+0.000091/-0.000130,Hall A,e-,8.85,p,0.93827208816
496,0.497,-0.4097750618,4.5,247.5,deg,d4SigUU,0.003,pb GeV^-4,0.0002,+0.000150/-0.000120,Hall A,e-,8.85,p,0.93827208816
497,0.497,-0.4097750618,4.5,262.5,deg,d4SigUU,0.00341,pb GeV^-4,0.00021,+0.000170/-0.000160,Hall A,e-,8.85,p,0.93827208816
498,0.497,-0.4097750618,4.5,277.5,deg,d4SigUU,0.00327,pb GeV^-4,0.0002,+0.000110/-0.000130,Hall A,e-,8.85,p,0.93827208816
499,0.497,-0.4097750618,4.5,292.5,deg,d4SigUU,0.0037,pb GeV^-4,0.00021,+0.000160/-0.000140,Hall A,e-,8.85,p,0.93827208816
500,0.497,-0.4097750618,4.5,307.5,deg,d4SigUU,0.00296,pb GeV^-4,0.00019,+0.000100/-0.000130,Hall A,e-,8.85,p,0.93827208816
501,0.497,-0.4097750618,4.5,322.5,deg,d4SigUU,0.00329,pb GeV^-4,0.0002,+0.000160/-0.000110,Hall A,e-,8.85,p,0.93827208816
502,0.497,-0.4097750618,4.5,337.5,deg,d4SigUU,0.00335,pb GeV^-4,0.00022,+0.000160/-0.000130,Hall A,e-,8.85,p,0.93827208816
503,0.497,-0.4097750618,4.5,352.5,deg,d4SigUU,0.00354,pb GeV^-4,0.00022,+0.000180/-0.000110,Hall A,e-,8.85,p,0.93827208816
504,0.501,-0.4795630253,4.53,7.5,deg,d4SigUU,0.00237,pb GeV^-4,0.00029,+0.000110/-0.000150,Hall A,e-,8.85,p,0.93827208816
505,0.501,-0.4795630253,4.53,22.5,deg,d4SigUU,0.00261,pb GeV^-4,0.00027,+0.000140/-0.000110,Hall A,e-,8.85,p,0.93827208816
506,0.501,-0.4795630253,4.53,37.5,deg,d4SigUU,0.00307,pb GeV^-4,0.00025,+0.000100/-0.000120,Hall A,e-,8.85,p,0.93827208816
507,0.501,-0.4795630253,4.53,52.5,deg,d4SigUU,0.00271,pb GeV^-4,0.00021,+0.000110/-0.000160,Hall A,e-,8.85,p,0.93827208816
508,0.501,-0.4795630253,4.53,67.5,deg,d4SigUU,0.00239,pb GeV^-4,0.00018,+0.000120/-0.000082,Hall A,e-,8.85,p,0.93827208816
509,0.501,-0.4795630253,4.53,82.5,deg,d4SigUU,0.0023,pb GeV^-4,0.00017,+0.000110/-0.000110,Hall A,e-,8.85,p,0.93827208816
510,0.501,-0.4795630253,4.53,97.5,deg,d4SigUU,0.00224,pb GeV^-4,0.00017,+0.000140/-0.000097,Hall A,e-,8.85,p,0.93827208816
511,0.501,-0.4795630253,4.53,112.5,deg,d4SigUU,0.0023,pb GeV^-4,0.00017,+0.000075/-0.000091,Hall A,e-,8.85,p,0.93827208816
512,0.501,-0.4795630253,4.53,127.5,deg,d4SigUU,0.00195,pb GeV^-4,0.00016,+0.000062/-0.000084,Hall A,e-,8.85,p,0.93827208816
513,0.501,-0.4795630253,4.53,142.5,deg,d4SigUU,0.00215,pb GeV^-4,0.00016,+0.000076/-0.000088,Hall A,e-,8.85,p,0.93827208816
514,0.501,-0.4795630253,4.53,157.5,deg,d4SigUU,0.00194,pb GeV^-4,0.00016,+0.000059/-0.000110,Hall A,e-,8.85,p,0.93827208816
515,0.501,-0.4795630253,4.53,172.5,deg,d4SigUU,0.0019,pb GeV^-4,0.00016,+0.000090/-0.000098,Hall A,e-,8.85,p,0.93827208816
516,0.501,-0.4795630253,4.53,187.5,deg,d4SigUU,0.00208,pb GeV^-4,0.00018,+0.000150/-0.000062,Hall A,e-,8.85,p,0.93827208816
517,0.501,-0.4795630253,4.53,202.5,deg,d4SigUU,0.0025,pb GeV^-4,0.00019,+0.000210/-0.000110,Hall A,e-,8.85,p,0.93827208816
518,0.501,-0.4795630253,4.53,217.5,deg,d4SigUU,0.00229,pb GeV^-4,0.00019,+0.000071/-0.000160,Hall A,e-,8.85,p,0.93827208816
519,0.501,-0.4795630253,4.53,232.5,deg,d4SigUU,0.00249,pb GeV^-4,0.00018,+0.000120/-0.000120,Hall A,e-,8.85,p,0.93827208816
520,0.501,-0.4795630253,4.53,247.5,deg,d4SigUU,0.00233,pb GeV^-4,0.00018,+0.000071/-0.000110,Hall A,e-,8.85,p,0.93827208816
521,0.501,-0.4795630253,4.53,262.5,deg,d4SigUU,0.00284,pb GeV^-4,0.00019,+0.000099/-0.000180,Hall A,e-,8.85,p,0.93827208816
522,0.501,-0.4795630253,4.53,277.5,deg,d4SigUU,0.00292,pb GeV^-4,0.00019,+0.000092/-0.000180,Hall A,e-,8.85,p,0.93827208816
523,0.501,-0.4795630253,4.53,292.5,deg,d4SigUU,0.00303,pb GeV^-4,0.0002,+0.000110/-0.000160,Hall A,e-,8.85,p,0.93827208816
524,0.501,-0.4795630253,4.53,307.5,deg,d4SigUU,0.0025,pb GeV^-4,0.0002,+0.000100/-0.000140,Hall A,e-,8.85,p,0.93827208816
525,0.501,-0.4795630253,4.53,322.5,deg,d4SigUU,0.00296,pb GeV^-4,0.00024,+0.000130/-0.000110,Hall A,e-,8.85,p,0.93827208816
526,0.501,-0.4795630253,4.53,337.5,deg,d4SigUU,0.00292,pb GeV^-4,0.00028,+0.000140/-0.000130,Hall A,e-,8.85,p,0.93827208816
527,0.501,-0.4795630253,4.53,352.5,deg,d4SigUU,0.00274,pb GeV^-4,0.0003,+0.000170/-0.000085,Hall A,e-,8.85,p,0.93827208816
528,0.504,-0.5475132985,4.56,7.5,deg,d4SigUU,0.00224,pb GeV^-4,0.00043,+0.000190/-0.000100,Hall A,e-,8.85,p,0.93827208816
529,0.504,-0.5475132985,4.56,22.5,deg,d4SigUU,0.00287,pb GeV^-4,0.0004,+0.000100/-0.000250,Hall A,e-,8.85,p,0.93827208816
530,0.504,-0.5475132985,4.56,37.5,deg,d4SigUU,0.00189,pb GeV^-4,0.00028,+0.000130/-0.000064,Hall A,e-,8.85,p,0.93827208816
531,0.504,-0.5475132985,4.56,52.5,deg,d4SigUU,0.00178,pb GeV^-4,0.00021,+0.000080/-0.000150,Hall A,e-,8.85,p,0.93827208816
532,0.504,-0.5475132985,4.56,67.5,deg,d4SigUU,0.00184,pb GeV^-4,0.00018,+0.000075/-0.000082,Hall A,e-,8.85,p,0.93827208816
533,0.504,-0.5475132985,4.56,82.5,deg,d4SigUU,0.002,pb GeV^-4,0.00017,+0.000072/-0.000078,Hall A,e-,8.85,p,0.93827208816
534,0.504,-0.5475132985,4.56,97.5,deg,d4SigUU,0.00166,pb GeV^-4,0.00016,+0.000110/-0.000064,Hall A,e-,8.85,p,0.93827208816
535,0.504,-0.5475132985,4.56,112.5,deg,d4SigUU,0.00187,pb GeV^-4,0.00016,+0.000056/-0.000120,Hall A,e-,8.85,p,0.93827208816
536,0.504,-0.5475132985,4.56,127.5,deg,d4SigUU,0.00177,pb GeV^-4,0.00016,+0.000096/-0.000057,Hall A,e-,8.85,p,0.93827208816
537,0.504,-0.5475132985,4.56,142.5,deg,d4SigUU,0.0016,pb GeV^-4,0.00015,+0.000069/-0.000062,Hall A,e-,8.85,p,0.93827208816
538,0.504,-0.5475132985,4.56,157.5,deg,d4SigUU,0.00187,pb GeV^-4,0.00016,+0.000069/-0.000075,Hall A,e-,8.85,p,0.93827208816
539,0.504,-0.5475132985,4.56,172.5,deg,d4SigUU,0.00185,pb GeV^-4,0.00017,+0.000120/-0.000150,Hall A,e-,8.85,p,0.93827208816
540,0.504,-0.5475132985,4.56,187.5,deg,d4SigUU,0.00214,pb GeV^-4,0.00018,+0.000088/-0.000065,Hall A,e-,8.85,p,0.93827208816
541,0.504,-0.5475132985,4.56,202.5,deg,d4SigUU,0.00198,pb GeV^-4,0.00019,+0.000100/-0.000100,Hall A,e-,8.85,p,0.93827208816
542,0.504,-0.5475132985,4.56,217.5,deg,d4SigUU,0.00196,pb GeV^-4,0.00019,+0.000071/-0.000110,Hall A,e-,8.85,p,0.93827208816
543,0.504,-0.5475132985,4.56,232.5,deg,d4SigUU,0.00197,pb GeV^-4,0.00018,+0.000130/-0.000062,Hall A,e-,8.85,p,0.93827208816
544,0.504,-0.5475132985,4.56,247.5,deg,d4SigUU,0.00205,pb GeV^-4,0.00018,+0.000110/-0.000073,Hall A,e-,8.85,p,0.93827208816
545,0.504,-0.5475132985,4.56,262.5,deg,d4SigUU,0.00213,pb GeV^-4,0.00018,+0.000140/-0.000100,Hall A,e-,8.85,p,0.93827208816
546,0.504,-0.5475132985,4.56,277.5,deg,d4SigUU,0.00228,pb GeV^-4,0.00018,+0.000110/-0.000091,Hall A,e-,8.85,p,0.93827208816
547,0.504,-0.5475132985,4.56,292.5,deg,d4SigUU,0.00242,pb GeV^-4,0.00019,+0.000110/-0.000100,Hall A,e-,8.85,p,0.93827208816
548,0.504,-0.5475132985,4.56,307.5,deg,d4SigUU,0.00244,pb GeV^-4,0.00022,+0.000076/-0.000190,Hall A,e-,8.85,p,0.93827208816
549,0.504,-0.5475132985,4.56,322.5,deg,d4SigUU,0.00232,pb GeV^-4,0.00029,+0.000080/-0.000099,Hall A,e-,8.85,p,0.93827208816
550,0.504,-0.5475132985,4.56,337.5,deg,d4SigUU,0.00219,pb GeV^-4,0.00037,+0.000220/-0.000200,Hall A,e-,8.85,p,0.93827208816
551,0.504,-0.5475132985,4.56,352.5,deg,d4SigUU,0.00234,pb GeV^-4,0.00044,+0.000120/-0.000170,Hall A,e-,8.85,p,0.93827208816
552,0.506,-0.6138219293,4.57,7.5,deg,d4SigUU,0.00179,pb GeV^-4,0.00059,+0.000200/-0.000160,Hall A,e-,8.85,p,0.93827208816
553,0.506,-0.6138219293,4.57,22.5,deg,d4SigUU,0.00256,pb GeV^-4,0.00053,+0.000230/-0.000200,Hall A,e-,8.85,p,0.93827208816
554,0.506,-0.6138219293,4.57,37.5,deg,d4SigUU,0.00221,pb GeV^-4,0.00035,+0.000096/-0.000200,Hall A,e-,8.85,p,0.93827208816
555,0.506,-0.6138219293,4.57,52.5,deg,d4SigUU,0.00215,pb GeV^-4,0.00027,+0.000140/-0.000150,Hall A,e-,8.85,p,0.93827208816
556,0.506,-0.6138219293,4.57,67.5,deg,d4SigUU,0.00152,pb GeV^-4,0.00019,+0.000068/-0.000100,Hall A,e-,8.85,p,0.93827208816
557,0.506,-0.6138219293,4.57,82.5,deg,d4SigUU,0.0014,pb GeV^-4,0.00017,+0.000046/-0.000065,Hall A,e-,8.85,p,0.93827208816
558,0.506,-0.6138219293,4.57,97.5,deg,d4SigUU,0.00127,pb GeV^-4,0.00016,+0.000071/-0.000039,Hall A,e-,8.85,p,0.93827208816
559,0.506,-0.6138219293,4.57,112.5,deg,d4SigUU,0.00165,pb GeV^-4,0.00016,+0.000051/-0.000064,Hall A,e-,8.85,p,0.93827208816
560,0.506,-0.6138219293,4.57,127.5,deg,d4SigUU,0.00129,pb GeV^-4,0.00015,+0.000120/-0.000043,Hall A,e-,8.85,p,0.93827208816
561,0.506,-0.6138219293,4.57,142.5,deg,d4SigUU,0.00186,pb GeV^-4,0.00017,+0.000069/-0.000110,Hall A,e-,8.85,p,0.93827208816
562,0.506,-0.6138219293,4.57,157.5,deg,d4SigUU,0.00161,pb GeV^-4,0.00016,+0.000063/-0.000057,Hall A,e-,8.85,p,0.93827208816
563,0.506,-0.6138219293,4.57,172.5,deg,d4SigUU,0.00181,pb GeV^-4,0.00017,+0.000058/-0.000089,Hall A,e-,8.85,p,0.93827208816
564,0.506,-0.6138219293,4.57,187.5,deg,d4SigUU,0.00223,pb GeV^-4,0.00019,+0.000100/-0.000130,Hall A,e-,8.85,p,0.93827208816
565,0.506,-0.6138219293,4.57,202.5,deg,d4SigUU,0.00212,pb GeV^-4,0.00019,+0.000150/-0.000075,Hall A,e-,8.85,p,0.93827208816
566,0.506,-0.6138219293,4.57,217.5,deg,d4SigUU,0.00206,pb GeV^-4,0.0002,+0.000130/-0.000120,Hall A,e-,8.85,p,0.93827208816
567,0.506,-0.6138219293,4.57,232.5,deg,d4SigUU,0.00208,pb GeV^-4,0.00019,+0.000094/-0.000094,Hall A,e-,8.85,p,0.93827208816
568,0.506,-0.6138219293,4.57,247.5,deg,d4SigUU,0.00223,pb GeV^-4,0.00019,+0.000100/-0.000097,Hall A,e-,8.85,p,0.93827208816
569,0.506,-0.6138219293,4.57,262.5,deg,d4SigUU,0.00218,pb GeV^-4,0.00019,+0.000089/-0.000120,Hall A,e-,8.85,p,0.93827208816
570,0.506,-0.6138219293,4.57,277.5,deg,d4SigUU,0.00189,pb GeV^-4,0.00018,+0.000110/-0.000064,Hall A,e-,8.85,p,0.93827208816
571,0.506,-0.6138219293,4.57,292.5,deg,d4SigUU,0.00191,pb GeV^-4,0.0002,+0.000076/-0.000070,Hall A,e-,8.85,p,0.93827208816
572,0.506,-0.6138219293,4.57,307.5,deg,d4SigUU,0.002,pb GeV^-4,0.00025,+0.000085/-0.000130,Hall A,e-,8.85,p,0.93827208816
573,0.506,-0.6138219293,4.57,322.5,deg,d4SigUU,0.00174,pb GeV^-4,0.00034,+0.000160/-0.000110,Hall A,e-,8.85,p,0.93827208816
574,0.506,-0.6138219293,4.57,337.5,deg,d4SigUU,0.00183,pb GeV^-4,0.00047,+0.000270/-0.000074,Hall A,e-,8.85,p,0.93827208816
575,0.506,-0.6138219293,4.57,352.5,deg,d4SigUU,0.00131,pb GeV^-4,0.00059,+0.000049/-0.000110,Hall A,e-,8.85,p,0.93827208816
576,0.508,-0.7072807339,4.59,7.5,deg,d4SigUU,0.00192,pb GeV^-4,0.00084,+0.000091/-0.000260,Hall A,e-,8.85,p,0.93827208816
577,0.508,-0.7072807339,4.59,22.5,deg,d4SigUU,0.00189,pb GeV^-4,0.00063,+0.000340/-0.000120,Hall A,e-,8.85,p,0.93827208816
578,0.508,-0.7072807339,4.59,37.5,deg,d4SigUU,0.000749,pb GeV^-4,0.00035,+0.000100/-0.000110,Hall A,e-,8.85,p,0.93827208816
579,0.508,-0.7072807339,4.59,52.5,deg,d4SigUU,0.00106,pb GeV^-4,0.00021,+0.000150/-0.000044,Hall A,e-,8.85,p,0.93827208816
580,0.508,-0.7072807339,4.59,67.5,deg,d4SigUU,0.00103,pb GeV^-4,0.00016,+0.000037/-0.000095,Hall A,e-,8.85,p,0.93827208816
581,0.508,-0.7072807339,4.59,82.5,deg,d4SigUU,0.00126,pb GeV^-4,0.00014,+0.000080/-0.000055,Hall A,e-,8.85,p,0.93827208816
582,0.508,-0.7072807339,4.59,97.5,deg,d4SigUU,0.00125,pb GeV^-4,0.00013,+0.000079/-0.000055,Hall A,e-,8.85,p,0.93827208816
583,0.508,-0.7072807339,4.59,112.5,deg,d4SigUU,0.00136,pb GeV^-4,0.00011,+0.000065/-0.000073,Hall A,e-,8.85,p,0.93827208816
584,0.508,-0.7072807339,4.59,127.5,deg,d4SigUU,0.00127,pb GeV^-4,0.00011,+0.000048/-0.000039,Hall A,e-,8.85,p,0.93827208816
585,0.508,-0.7072807339,4.59,142.5,deg,d4SigUU,0.00134,pb GeV^-4,0.00011,+0.000057/-0.000050,Hall A,e-,8.85,p,0.93827208816
586,0.508,-0.7072807339,4.59,157.5,deg,d4SigUU,0.00167,pb GeV^-4,0.00013,+0.000054/-0.000064,Hall A,e-,8.85,p,0.93827208816
587,0.508,-0.7072807339,4.59,172.5,deg,d4SigUU,0.00154,pb GeV^-4,0.00013,+0.000076/-0.000055,Hall A,e-,8.85,p,0.93827208816
588,0.508,-0.7072807339,4.59,187.5,deg,d4SigUU,0.00146,pb GeV^-4,0.00013,+0.000048/-0.000130,Hall A,e-,8.85,p,0.93827208816
589,0.508,-0.7072807339,4.59,202.5,deg,d4SigUU,0.00194,pb GeV^-4,0.00014,+0.000066/-0.000077,Hall A,e-,8.85,p,0.93827208816
590,0.508,-0.7072807339,4.59,217.5,deg,d4SigUU,0.00186,pb GeV^-4,0.00014,+0.000063/-0.000120,Hall A,e-,8.85,p,0.93827208816
591,0.508,-0.7072807339,4.59,232.5,deg,d4SigUU,0.00171,pb GeV^-4,0.00013,+0.000110/-0.000079,Hall A,e-,8.85,p,0.93827208816
592,0.508,-0.7072807339,4.59,247.5,deg,d4SigUU,0.00161,pb GeV^-4,0.00013,+0.000052/-0.000070,Hall A,e-,8.85,p,0.93827208816
593,0.508,-0.7072807339,4.59,262.5,deg,d4SigUU,0.00148,pb GeV^-4,0.00013,+0.000060/-0.000110,Hall A,e-,8.85,p,0.93827208816
594,0.508,-0.7072807339,4.59,277.5,deg,d4SigUU,0.00178,pb GeV^-4,0.00015,+0.000054/-0.000088,Hall A,e-,8.85,p,0.93827208816
595,0.508,-0.7072807339,4.59,292.5,deg,d4SigUU,0.00146,pb GeV^-4,0.00017,+0.000074/-0.000091,Hall A,e-,8.85,p,0.93827208816
596,0.508,-0.7072807339,4.59,307.5,deg,d4SigUU,0.0018,pb GeV^-4,0.00024,+0.000073/-0.000100,Hall A,e-,8.85,p,0.93827208816
597,0.508,-0.7072807339,4.59,322.5,deg,d4SigUU,0.00228,pb GeV^-4,0.00036,+0.000160/-0.000190,Hall A,e-,8.85,p,0.93827208816
598,0.508,-0.7072807339,4.59,337.5,deg,d4SigUU,0.00209,pb GeV^-4,0.00059,+0.000087/-0.000260,Hall A,e-,8.85,p,0.93827208816
599,0.508,-0.7072807339,4.59,352.5,deg,d4SigUU,0.00167,pb GeV^-4,0.00069,+0.000270/-0.000094,Hall A,e-,8.85,p,0.93827208816
600,0.482,-0.3853657633,5.33,7.5,deg,d4SigUU,0.00423,pb GeV^-4,0.00029,+0.000320/-0.000140,Hall A,e-,8.85,p,0.93827208816
601,0.482,-0.3853657633,5.33,22.5,deg,d4SigUU,0.00398,pb GeV^-4,0.00029,+0.000160/-0.000130,Hall A,e-,8.85,p,0.93827208816
602,0.482,-0.3853657633,5.33,37.5,deg,d4SigUU,0.00366,pb GeV^-4,0.00026,+0.000140/-0.000160,Hall A,e-,8.85,p,0.93827208816
603,0.482,-0.3853657633,5.33,52.5,deg,d4SigUU,0.0041,pb GeV^-4,0.00028,+0.000140/-0.000210,Hall A,e-,8.85,p,0.93827208816
604,0.482,-0.3853657633,5.33,67.5,deg,d4SigUU,0.00309,pb GeV^-4,0.00025,+0.000260/-0.000160,Hall A,e-,8.85,p,0.93827208816
605,0.482,-0.3853657633,5.33,82.5,deg,d4SigUU,0.00335,pb GeV^-4,0.00025,+0.000150/-0.000120,Hall A,e-,8.85,p,0.93827208816
606,0.482,-0.3853657633,5.33,97.5,deg,d4SigUU,0.00288,pb GeV^-4,0.00024,+0.000190/-0.000120,Hall A,e-,8.85,p,0.93827208816
607,0.482,-0.3853657633,5.33,112.5,deg,d4SigUU,0.00313,pb GeV^-4,0.00024,+0.000099/-0.000170,Hall A,e-,8.85,p,0.93827208816
608,0.482,-0.3853657633,5.33,127.5,deg,d4SigUU,0.00293,pb GeV^-4,0.00022,+0.000110/-0.000097,Hall A,e-,8.85,p,0.93827208816
609,0.482,-0.3853657633,5.33,142.5,deg,d4SigUU,0.00271,pb GeV^-4,0.00022,+0.000087/-0.000140,Hall A,e-,8.85,p,0.93827208816
610,0.482,-0.3853657633,5.33,157.5,deg,d4SigUU,0.00268,pb GeV^-4,0.00022,+0.000140/-0.000140,Hall A,e-,8.85,p,0.93827208816
611,0.482,-0.3853657633,5.33,172.5,deg,d4SigUU,0.00244,pb GeV^-4,0.00022,+0.000100/-0.000110,Hall A,e-,8.85,p,0.93827208816
612,0.482,-0.3853657633,5.33,187.5,deg,d4SigUU,0.00259,pb GeV^-4,0.00022,+0.000150/-0.000080,Hall A,e-,8.85,p,0.93827208816
613,0.482,-0.3853657633,5.33,202.5,deg,d4SigUU,0.00273,pb GeV^-4,0.00022,+0.000160/-0.000110,Hall A,e-,8.85,p,0.93827208816
614,0.482,-0.3853657633,5.33,217.5,deg,d4SigUU,0.00263,pb GeV^-4,0.00021,+0.000130/-0.000088,Hall A,e-,8.85,p,0.93827208816
615,0.482,-0.3853657633,5.33,232.5,deg,d4SigUU,0.00292,pb GeV^-4,0.00023,+0.000150/-0.000110,Hall A,e-,8.85,p,0.93827208816
616,0.482,-0.3853657633,5.33,247.5,deg,d4SigUU,0.00292,pb GeV^-4,0.00023,+0.000170/-0.000100,Hall A,e-,8.85,p,0.93827208816
617,0.482,-0.3853657633,5.33,262.5,deg,d4SigUU,0.00377,pb GeV^-4,0.00026,+0.000120/-0.000180,Hall A,e-,8.85,p,0.93827208816
618,0.482,-0.3853657633,5.33,277.5,deg,d4SigUU,0.00362,pb GeV^-4,0.00027,+0.000120/-0.000170,Hall A,e-,8.85,p,0.93827208816
619,0.482,-0.3853657633,5.33,292.5,deg,d4SigUU,0.00367,pb GeV^-4,0.00026,+0.000150/-0.000130,Hall A,e-,8.85,p,0.93827208816
620,0.482,-0.3853657633,5.33,307.5,deg,d4SigUU,0.00365,pb GeV^-4,0.00026,+0.000160/-0.000170,Hall A,e-,8.85,p,0.93827208816
621,0.482,-0.3853657633,5.33,322.5,deg,d4SigUU,0.00427,pb GeV^-4,0.00029,+0.000170/-0.000210,Hall A,e-,8.85,p,0.93827208816
622,0.482,-0.3853657633,5.33,337.5,deg,d4SigUU,0.00419,pb GeV^-4,0.00028,+0.000130/-0.000150,Hall A,e-,8.85,p,0.93827208816
623,0.482,-0.3853657633,5.33,352.5,deg,d4SigUU,0.00424,pb GeV^-4,0.00029,+0.000170/-0.000150,Hall A,e-,8.85,p,0.93827208816
624,0.483,-0.4456055659,5.34,7.5,deg,d4SigUU,0.00447,pb GeV^-4,0.00037,+0.000170/-0.000280,Hall A,e-,8.85,p,0.93827208816
625,0.483,-0.4456055659,5.34,22.5,deg,d4SigUU,0.00394,pb GeV^-4,0.00033,+0.000220/-0.000130,Hall A,e-,8.85,p,0.93827208816
626,0.483,-0.4456055659,5.34,37.5,deg,d4SigUU,0.00354,pb GeV^-4,0.00029,+0.000130/-0.000110,Hall A,e-,8.85,p,0.93827208816
627,0.483,-0.4456055659,5.34,52.5,deg,d4SigUU,0.003,pb GeV^-4,0.00024,+0.000160/-0.000160,Hall A,e-,8.85,p,0.93827208816
628,0.483,-0.4456055659,5.34,67.5,deg,d4SigUU,0.00276,pb GeV^-4,0.00023,+0.000120/-0.000120,Hall A,e-,8.85,p,0.93827208816
629,0.483,-0.4456055659,5.34,82.5,deg,d4SigUU,0.00248,pb GeV^-4,0.00023,+0.000160/-0.000090,Hall A,e-,8.85,p,0.93827208816
630,0.483,-0.4456055659,5.34,97.5,deg,d4SigUU,0.00236,pb GeV^-4,0.00021,+0.000087/-0.000100,Hall A,e-,8.85,p,0.93827208816
631,0.483,-0.4456055659,5.34,112.5,deg,d4SigUU,0.00196,pb GeV^-4,0.00019,+0.000099/-0.000084,Hall A,e-,8.85,p,0.93827208816
632,0.483,-0.4456055659,5.34,127.5,deg,d4SigUU,0.00186,pb GeV^-4,0.00018,+0.000130/-0.000063,Hall A,e-,8.85,p,0.93827208816
633,0.483,-0.4456055659,5.34,142.5,deg,d4SigUU,0.00197,pb GeV^-4,0.00019,+0.000140/-0.000062,Hall A,e-,8.85,p,0.93827208816
634,0.483,-0.4456055659,5.34,157.5,deg,d4SigUU,0.00181,pb GeV^-4,0.00018,+0.000120/-0.000054,Hall A,e-,8.85,p,0.93827208816
635,0.483,-0.4456055659,5.34,172.5,deg,d4SigUU,0.00218,pb GeV^-4,0.0002,+0.000082/-0.000140,Hall A,e-,8.85,p,0.93827208816
636,0.483,-0.4456055659,5.34,187.5,deg,d4SigUU,0.00205,pb GeV^-4,0.00019,+0.000079/-0.000100,Hall A,e-,8.85,p,0.93827208816
637,0.483,-0.4456055659,5.34,202.5,deg,d4SigUU,0.00221,pb GeV^-4,0.0002,+0.000220/-0.000100,Hall A,e-,8.85,p,0.93827208816
638,0.483,-0.4456055659,5.34,217.5,deg,d4SigUU,0.00186,pb GeV^-4,0.00019,+0.000110/-0.000069,Hall A,e-,8.85,p,0.93827208816
639,0.483,-0.4456055659,5.34,232.5,deg,d4SigUU,0.00231,pb GeV^-4,0.00022,+0.000075/-0.000160,Hall A,e-,8.85,p,0.93827208816
640,0.483,-0.4456055659,5.34,247.5,deg,d4SigUU,0.00261,pb GeV^-4,0.00022,+0.000099/-0.000093,Hall A,e-,8.85,p,0.93827208816
641,0.483,-0.4456055659,5.34,262.5,deg,d4SigUU,0.00256,pb GeV^-4,0.00022,+0.000100/-0.000120,Hall A,e-,8.85,p,0.93827208816
642,0.483,-0.4456055659,5.34,277.5,deg,d4SigUU,0.00263,pb GeV^-4,0.00024,+0.000180/-0.000081,Hall A,e-,8.85,p,0.93827208816
643,0.483,-0.4456055659,5.34,292.5,deg,d4SigUU,0.00329,pb GeV^-4,0.00025,+0.000240/-0.000150,Hall A,e-,8.85,p,0.93827208816
644,0.483,-0.4456055659,5.34,307.5,deg,d4SigUU,0.00341,pb GeV^-4,0.00027,+0.000180/-0.000170,Hall A,e-,8.85,p,0.93827208816
645,0.483,-0.4456055659,5.34,322.5,deg,d4SigUU,0.00375,pb GeV^-4,0.00029,+0.000160/-0.000130,Hall A,e-,8.85,p,0.93827208816
646,0.483,-0.4456055659,5.34,337.5,deg,d4SigUU,0.004,pb GeV^-4,0.00033,+0.000140/-0.000180,Hall A,e-,8.85,p,0.93827208816
647,0.483,-0.4456055659,5.34,352.5,deg,d4SigUU,0.00413,pb GeV^-4,0.00036,+0.000280/-0.000130,Hall A,e-,8.85,p,0.93827208816
648,0.485,-0.5085140993,5.36,7.5,deg,d4SigUU,0.00376,pb GeV^-4,0.00057,+0.000270/-0.000300,Hall A,e-,8.85,p,0.93827208816
649,0.485,-0.5085140993,5.36,22.5,deg,d4SigUU,0.00291,pb GeV^-4,0.00044,+0.000170/-0.000089,Hall A,e-,8.85,p,0.93827208816
650,0.485,-0.5085140993,5.36,37.5,deg,d4SigUU,0.00303,pb GeV^-4,0.00032,+0.000180/-0.000180,Hall A,e-,8.85,p,0.93827208816
651,0.485,-0.5085140993,5.36,52.5,deg,d4SigUU,0.00264,pb GeV^-4,0.00025,+0.000180/-0.000094,Hall A,e-,8.85,p,0.93827208816
652,0.485,-0.5085140993,5.36,67.5,deg,d4SigUU,0.00243,pb GeV^-4,0.00023,+0.000120/-0.000095,Hall A,e-,8.85,p,0.93827208816
653,0.485,-0.5085140993,5.36,82.5,deg,d4SigUU,0.00186,pb GeV^-4,0.0002,+0.000090/-0.000090,Hall A,e-,8.85,p,0.93827208816
654,0.485,-0.5085140993,5.36,97.5,deg,d4SigUU,0.00216,pb GeV^-4,0.00021,+0.000082/-0.000082,Hall A,e-,8.85,p,0.93827208816
655,0.485,-0.5085140993,5.36,112.5,deg,d4SigUU,0.00189,pb GeV^-4,0.00019,+0.000060/-0.000090,Hall A,e-,8.85,p,0.93827208816
656,0.485,-0.5085140993,5.36,127.5,deg,d4SigUU,0.00142,pb GeV^-4,0.00017,+0.000074/-0.000110,Hall A,e-,8.85,p,0.93827208816
657,0.485,-0.5085140993,5.36,142.5,deg,d4SigUU,0.00154,pb GeV^-4,0.00017,+0.000076/-0.000055,Hall A,e-,8.85,p,0.93827208816
658,0.485,-0.5085140993,5.36,157.5,deg,d4SigUU,0.00178,pb GeV^-4,0.00018,+0.000140/-0.000096,Hall A,e-,8.85,p,0.93827208816
659,0.485,-0.5085140993,5.36,172.5,deg,d4SigUU,0.00163,pb GeV^-4,0.00018,+0.000094/-0.000070,Hall A,e-,8.85,p,0.93827208816
660,0.485,-0.5085140993,5.36,187.5,deg,d4SigUU,0.00175,pb GeV^-4,0.00019,+0.000066/-0.000100,Hall A,e-,8.85,p,0.93827208816
661,0.485,-0.5085140993,5.36,202.5,deg,d4SigUU,0.0018,pb GeV^-4,0.00019,+0.000067/-0.000097,Hall A,e-,8.85,p,0.93827208816
662,0.485,-0.5085140993,5.36,217.5,deg,d4SigUU,0.00151,pb GeV^-4,0.00019,+0.000075/-0.000054,Hall A,e-,8.85,p,0.93827208816
663,0.485,-0.5085140993,5.36,232.5,deg,d4SigUU,0.00187,pb GeV^-4,0.00021,+0.000090/-0.000160,Hall A,e-,8.85,p,0.93827208816
664,0.485,-0.5085140993,5.36,247.5,deg,d4SigUU,0.0018,pb GeV^-4,0.0002,+0.000062/-0.000081,Hall A,e-,8.85,p,0.93827208816
665,0.485,-0.5085140993,5.36,262.5,deg,d4SigUU,0.00237,pb GeV^-4,0.00022,+0.000087/-0.000100,Hall A,e-,8.85,p,0.93827208816
666,0.485,-0.5085140993,5.36,277.5,deg,d4SigUU,0.00251,pb GeV^-4,0.00024,+0.000230/-0.000120,Hall A,e-,8.85,p,0.93827208816
667,0.485,-0.5085140993,5.36,292.5,deg,d4SigUU,0.00292,pb GeV^-4,0.00025,+0.000100/-0.000150,Hall A,e-,8.85,p,0.93827208816
668,0.485,-0.5085140993,5.36,307.5,deg,d4SigUU,0.00296,pb GeV^-4,0.00027,+0.000140/-0.000094,Hall A,e-,8.85,p,0.93827208816
669,0.485,-0.5085140993,5.36,322.5,deg,d4SigUU,0.00331,pb GeV^-4,0.00036,+0.000150/-0.000170,Hall A,e-,8.85,p,0.93827208816
670,0.485,-0.5085140993,5.36,337.5,deg,d4SigUU,0.00329,pb GeV^-4,0.00044,+0.000320/-0.000130,Hall A,e-,8.85,p,0.93827208816
671,0.485,-0.5085140993,5.36,352.5,deg,d4SigUU,0.00377,pb GeV^-4,0.00058,+0.000220/-0.000240,Hall A,e-,8.85,p,0.93827208816
672,0.486,-0.5695829254,5.37,7.5,deg,d4SigUU,0.00335,pb GeV^-4,0.0011,+0.000420/-0.000220,Hall A,e-,8.85,p,0.93827208816
673,0.486,-0.5695829254,5.37,22.5,deg,d4SigUU,0.00206,pb GeV^-4,0.00062,+0.000086/-0.000270,Hall A,e-,8.85,p,0.93827208816
674,0.486,-0.5695829254,5.37,37.5,deg,d4SigUU,0.0027,pb GeV^-4,0.00043,+0.000110/-0.000150,Hall A,e-,8.85,p,0.93827208816
675,0.486,-0.5695829254,5.37,52.5,deg,d4SigUU,0.00247,pb GeV^-4,0.00029,+0.000074/-0.000190,Hall A,e-,8.85,p,0.93827208816
676,0.486,-0.5695829254,5.37,67.5,deg,d4SigUU,0.00203,pb GeV^-4,0.00023,+0.000064/-0.000120,Hall A,e-,8.85,p,0.93827208816
677,0.486,-0.5695829254,5.37,82.5,deg,d4SigUU,0.00182,pb GeV^-4,0.0002,+0.000110/-0.000081,Hall A,e-,8.85,p,0.93827208816
678,0.486,-0.5695829254,5.37,97.5,deg,d4SigUU,0.00163,pb GeV^-4,0.00019,+0.000130/-0.000094,Hall A,e-,8.85,p,0.93827208816
679,0.486,-0.5695829254,5.37,112.5,deg,d4SigUU,0.00139,pb GeV^-4,0.00018,+0.000150/-0.000058,Hall A,e-,8.85,p,0.93827208816
680,0.486,-0.5695829254,5.37,127.5,deg,d4SigUU,0.00198,pb GeV^-4,0.00019,+0.000092/-0.000110,Hall A,e-,8.85,p,0.93827208816
681,0.486,-0.5695829254,5.37,142.5,deg,d4SigUU,0.00143,pb GeV^-4,0.00017,+0.000052/-0.000044,Hall A,e-,8.85,p,0.93827208816
682,0.486,-0.5695829254,5.37,157.5,deg,d4SigUU,0.00147,pb GeV^-4,0.00017,+0.000060/-0.000049,Hall A,e-,8.85,p,0.93827208816
683,0.486,-0.5695829254,5.37,172.5,deg,d4SigUU,0.00161,pb GeV^-4,0.00019,+0.000100/-0.000070,Hall A,e-,8.85,p,0.93827208816
684,0.486,-0.5695829254,5.37,187.5,deg,d4SigUU,0.00133,pb GeV^-4,0.00018,+0.000220/-0.000057,Hall A,e-,8.85,p,0.93827208816
685,0.486,-0.5695829254,5.37,202.5,deg,d4SigUU,0.00127,pb GeV^-4,0.00018,+0.000180/-0.000080,Hall A,e-,8.85,p,0.93827208816
686,0.486,-0.5695829254,5.37,217.5,deg,d4SigUU,0.00151,pb GeV^-4,0.00018,+0.000100/-0.000083,Hall A,e-,8.85,p,0.93827208816
687,0.486,-0.5695829254,5.37,232.5,deg,d4SigUU,0.00161,pb GeV^-4,0.00019,+0.000110/-0.000052,Hall A,e-,8.85,p,0.93827208816
688,0.486,-0.5695829254,5.37,247.5,deg,d4SigUU,0.00149,pb GeV^-4,0.00019,+0.000067/-0.000067,Hall A,e-,8.85,p,0.93827208816
689,0.486,-0.5695829254,5.37,262.5,deg,d4SigUU,0.00179,pb GeV^-4,0.0002,+0.000073/-0.000100,Hall A,e-,8.85,p,0.93827208816
690,0.486,-0.5695829254,5.37,277.5,deg,d4SigUU,0.00174,pb GeV^-4,0.00021,+0.000066/-0.000087,Hall A,e-,8.85,p,0.93827208816
691,0.486,-0.5695829254,5.37,292.5,deg,d4SigUU,0.00247,pb GeV^-4,0.00025,+0.000077/-0.000120,Hall A,e-,8.85,p,0.93827208816
692,0.486,-0.5695829254,5.37,307.5,deg,d4SigUU,0.00257,pb GeV^-4,0.0003,+0.000150/-0.000160,Hall A,e-,8.85,p,0.93827208816
693,0.486,-0.5695829254,5.37,322.5,deg,d4SigUU,0.00284,pb GeV^-4,0.00046,+0.000210/-0.000140,Hall A,e-,8.85,p,0.93827208816
694,0.486,-0.5695829254,5.37,337.5,deg,d4SigUU,0.00396,pb GeV^-4,0.00081,+0.000330/-0.000320,Hall A,e-,8.85,p,0.93827208816
695,0.486,-0.5695829254,5.37,352.5,deg,d4SigUU,0.00291,pb GeV^-4,0.0012,+0.000270/-0.000280,Hall A,e-,8.85,p,0.93827208816
696,0.486,-0.6546505805,5.38,7.5,deg,d4SigUU,0.00365,pb GeV^-4,0.003,+0.000500/-0.000310,Hall A,e-,8.85,p,0.93827208816
697,0.486,-0.6546505805,5.38,22.5,deg,d4SigUU,0.00137,pb GeV^-4,0.0011,+0.000510/-0.000160,Hall A,e-,8.85,p,0.93827208816
698,0.486,-0.6546505805,5.38,37.5,deg,d4SigUU,0.0012,pb GeV^-4,0.00043,+0.000130/-0.000380,Hall A,e-,8.85,p,0.93827208816
699,0.486,-0.6546505805,5.38,52.5,deg,d4SigUU,0.00156,pb GeV^-4,0.00026,+0.000110/-0.000056,Hall A,e-,8.85,p,0.93827208816
700,0.486,-0.6546505805,5.38,67.5,deg,d4SigUU,0.00148,pb GeV^-4,0.00019,+0.000100/-0.000060,Hall A,e-,8.85,p,0.93827208816
701,0.486,-0.6546505805,5.38,82.5,deg,d4SigUU,0.00162,pb GeV^-4,0.00017,+0.000057/-0.000120,Hall A,e-,8.85,p,0.93827208816
702,0.486,-0.6546505805,5.38,97.5,deg,d4SigUU,0.00117,pb GeV^-4,0.00015,+0.000078/-0.000040,Hall A,e-,8.85,p,0.93827208816
703,0.486,-0.6546505805,5.38,112.5,deg,d4SigUU,0.00113,pb GeV^-4,0.00013,+0.000045/-0.000039,Hall A,e-,8.85,p,0.93827208816
704,0.486,-0.6546505805,5.38,127.5,deg,d4SigUU,0.00108,pb GeV^-4,0.00011,+0.000038/-0.000051,Hall A,e-,8.85,p,0.93827208816
705,0.486,-0.6546505805,5.38,142.5,deg,d4SigUU,0.000906,pb GeV^-4,0.0001,+0.000048/-0.000027,Hall A,e-,8.85,p,0.93827208816
706,0.486,-0.6546505805,5.38,157.5,deg,d4SigUU,0.00114,pb GeV^-4,0.00012,+0.000034/-0.000078,Hall A,e-,8.85,p,0.93827208816
707,0.486,-0.6546505805,5.38,172.5,deg,d4SigUU,0.00108,pb GeV^-4,0.00013,+0.000068/-0.000060,Hall A,e-,8.85,p,0.93827208816
708,0.486,-0.6546505805,5.38,187.5,deg,d4SigUU,0.00106,pb GeV^-4,0.00012,+0.000044/-0.000051,Hall A,e-,8.85,p,0.93827208816
709,0.486,-0.6546505805,5.38,202.5,deg,d4SigUU,0.00125,pb GeV^-4,0.00012,+0.000039/-0.000063,Hall A,e-,8.85,p,0.93827208816
710,0.486,-0.6546505805,5.38,217.5,deg,d4SigUU,0.000861,pb GeV^-4,0.00011,+0.000048/-0.000048,Hall A,e-,8.85,p,0.93827208816
711,0.486,-0.6546505805,5.38,232.5,deg,d4SigUU,0.00116,pb GeV^-4,0.00012,+0.000040/-0.000097,Hall A,e-,8.85,p,0.93827208816
712,0.486,-0.6546505805,5.38,247.5,deg,d4SigUU,0.00146,pb GeV^-4,0.00014,+0.000059/-0.000066,Hall A,e-,8.85,p,0.93827208816
713,0.486,-0.6546505805,5.38,262.5,deg,d4SigUU,0.0015,pb GeV^-4,0.00015,+0.000075/-0.000075,Hall A,e-,8.85,p,0.93827208816
714,0.486,-0.6546505805,5.38,277.5,deg,d4SigUU,0.00184,pb GeV^-4,0.00017,+0.000055/-0.000110,Hall A,e-,8.85,p,0.93827208816
715,0.486,-0.6546505805,5.38,292.5,deg,d4SigUU,0.00231,pb GeV^-4,0.00021,+0.000085/-0.000140,Hall A,e-,8.85,p,0.93827208816
716,0.486,-0.6546505805,5.38,307.5,deg,d4SigUU,0.0021,pb GeV^-4,0.00027,+0.000081/-0.000110,Hall A,e-,8.85,p,0.93827208816
717,0.486,-0.6546505805,5.38,322.5,deg,d4SigUU,0.00371,pb GeV^-4,0.00058,+0.000190/-0.000230,Hall A,e-,8.85,p,0.93827208816
718,0.486,-0.6546505805,5.38,337.5,deg,d4SigUU,0.00206,pb GeV^-4,0.0013,+0.000062/-0.000500,Hall A,e-,8.85,p,0.93827208816
719,0.486,-0.6546505805,5.38,352.5,deg,d4SigUU,0.0009,pb GeV^-4,0.0017,+0.000950/-0.000160,Hall A,e-,8.85,p,0.93827208816
720,0.494,-0.432542736,7.04,7.5,deg,d4SigUU,0.00176,pb GeV^-4,0.0001,+0.000096/-0.000053,Hall A,e-,10.99,p,0.93827208816
721,0.494,-0.432542736,7.04,22.5,deg,d4SigUU,0.00195,pb GeV^-4,0.00011,+0.000077/-0.000130,Hall A,e-,10.99,p,0.93827208816
722,0.494,-0.432542736,7.04,37.5,deg,d4SigUU,0.00172,pb GeV^-4,0.000096,+0.000060/-0.000087,Hall A,e-,10.99,p,0.93827208816
723,0.494,-0.432542736,7.04,52.5,deg,d4SigUU,0.00159,pb GeV^-4,0.000089,+0.000077/-0.000052,Hall A,e-,10.99,p,0.93827208816
724,0.494,-0.432542736,7.04,67.5,deg,d4SigUU,0.00142,pb GeV^-4,0.000083,+0.000074/-0.000052,Hall A,e-,10.99,p,0.93827208816
725,0.494,-0.432542736,7.04,82.5,deg,d4SigUU,0.0014,pb GeV^-4,0.000081,+0.000065/-0.000046,Hall A,e-,10.99,p,0.93827208816
726,0.494,-0.432542736,7.04,97.5,deg,d4SigUU,0.00134,pb GeV^-4,0.000078,+0.000064/-0.000081,Hall A,e-,10.99,p,0.93827208816
727,0.494,-0.432542736,7.04,112.5,deg,d4SigUU,0.00122,pb GeV^-4,0.000075,+0.000047/-0.000062,Hall A,e-,10.99,p,0.93827208816
728,0.494,-0.432542736,7.04,127.5,deg,d4SigUU,0.00129,pb GeV^-4,0.000077,+0.000098/-0.000049,Hall A,e-,10.99,p,0.93827208816
729,0.494,-0.432542736,7.04,142.5,deg,d4SigUU,0.00138,pb GeV^-4,0.000079,+0.000046/-0.000065,Hall A,e-,10.99,p,0.93827208816
730,0.494,-0.432542736,7.04,157.5,deg,d4SigUU,0.00114,pb GeV^-4,0.000074,+0.000061/-0.000034,Hall A,e-,10.99,p,0.93827208816
731,0.494,-0.432542736,7.04,172.5,deg,d4SigUU,0.00121,pb GeV^-4,0.000076,+0.000047/-0.000042,Hall A,e-,10.99,p,0.93827208816
732,0.494,-0.432542736,7.04,187.5,deg,d4SigUU,0.00121,pb GeV^-4,0.000076,+0.000054/-0.000041,Hall A,e-,10.99,p,0.93827208816
733,0.494,-0.432542736,7.04,202.5,deg,d4SigUU,0.00132,pb GeV^-4,0.00008,+0.000064/-0.000064,Hall A,e-,10.99,p,0.93827208816
734,0.494,-0.432542736,7.04,217.5,deg,d4SigUU,0.00125,pb GeV^-4,0.000078,+0.000062/-0.000037,Hall A,e-,10.99,p,0.93827208816
735,0.494,-0.432542736,7.04,232.5,deg,d4SigUU,0.00136,pb GeV^-4,0.000082,+0.000065/-0.000065,Hall A,e-,10.99,p,0.93827208816
736,0.494,-0.432542736,7.04,247.5,deg,d4SigUU,0.0013,pb GeV^-4,0.000081,+0.000040/-0.000063,Hall A,e-,10.99,p,0.93827208816
737,0.494,-0.432542736,7.04,262.5,deg,d4SigUU,0.00138,pb GeV^-4,0.000081,+0.000065/-0.000058,Hall A,e-,10.99,p,0.93827208816
738,0.494,-0.432542736,7.04,277.5,deg,d4SigUU,0.00162,pb GeV^-4,0.000089,+0.000085/-0.000057,Hall A,e-,10.99,p,0.93827208816
739,0.494,-0.432542736,7.04,292.5,deg,d4SigUU,0.00162,pb GeV^-4,0.000089,+0.000070/-0.000085,Hall A,e-,10.99,p,0.93827208816
740,0.494,-0.432542736,7.04,307.5,deg,d4SigUU,0.00173,pb GeV^-4,0.000091,+0.000100/-0.000072,Hall A,e-,10.99,p,0.93827208816
741,0.494,-0.432542736,7.04,322.5,deg,d4SigUU,0.00189,pb GeV^-4,0.0001,+0.000090/-0.000090,Hall A,e-,10.99,p,0.93827208816
742,0.494,-0.432542736,7.04,337.5,deg,d4SigUU,0.00192,pb GeV^-4,0.0001,+0.000059/-0.000120,Hall A,e-,10.99,p,0.93827208816
743,0.494,-0.432542736,7.04,352.5,deg,d4SigUU,0.00212,pb GeV^-4,0.00011,+0.000100/-0.000070,Hall A,e-,10.99,p,0.93827208816
744,0.498,-0.5255574362,7.09,7.5,deg,d4SigUU,0.00187,pb GeV^-4,0.00019,+0.000200/-0.000056,Hall A,e-,10.99,p,0.93827208816
745,0.498,-0.5255574362,7.09,22.5,deg,d4SigUU,0.00152,pb GeV^-4,0.00015,+0.000061/-0.000068,Hall A,e-,10.99,p,0.93827208816
746,0.498,-0.5255574362,7.09,37.5,deg,d4SigUU,0.00147,pb GeV^-4,0.00012,+0.000053/-0.000059,Hall A,e-,10.99,p,0.93827208816
747,0.498,-0.5255574362,7.09,52.5,deg,d4SigUU,0.00145,pb GeV^-4,0.000097,+0.000044/-0.000082,Hall A,e-,10.99,p,0.93827208816
748,0.498,-0.5255574362,7.09,67.5,deg,d4SigUU,0.0012,pb GeV^-4,0.00008,+0.000062/-0.000054,Hall A,e-,10.99,p,0.93827208816
749,0.498,-0.5255574362,7.09,82.5,deg,d4SigUU,0.00117,pb GeV^-4,0.000074,+0.000053/-0.000046,Hall A,e-,10.99,p,0.93827208816
750,0.498,-0.5255574362,7.09,97.5,deg,d4SigUU,0.000984,pb GeV^-4,0.000067,+0.000036/-0.000042,Hall A,e-,10.99,p,0.93827208816
751,0.498,-0.5255574362,7.09,112.5,deg,d4SigUU,0.00102,pb GeV^-4,0.000068,+0.000050/-0.000032,Hall A,e-,10.99,p,0.93827208816
752,0.498,-0.5255574362,7.09,127.5,deg,d4SigUU,0.000909,pb GeV^-4,0.000066,+0.000048/-0.000027,Hall A,e-,10.99,p,0.93827208816
753,0.498,-0.5255574362,7.09,142.5,deg,d4SigUU,0.00089,pb GeV^-4,0.000066,+0.000040/-0.000075,Hall A,e-,10.99,p,0.93827208816
754,0.498,-0.5255574362,7.09,157.5,deg,d4SigUU,0.000796,pb GeV^-4,0.000063,+0.000031/-0.000031,Hall A,e-,10.99,p,0.93827208816
755,0.498,-0.5255574362,7.09,172.5,deg,d4SigUU,0.000831,pb GeV^-4,0.000063,+0.000056/-0.000032,Hall A,e-,10.99,p,0.93827208816
756,0.498,-0.5255574362,7.09,187.5,deg,d4SigUU,0.000805,pb GeV^-4,0.000063,+0.000031/-0.000031,Hall A,e-,10.99,p,0.93827208816
757,0.498,-0.5255574362,7.09,202.5,deg,d4SigUU,0.000856,pb GeV^-4,0.000066,+0.000033/-0.000048,Hall A,e-,10.99,p,0.93827208816
758,0.498,-0.5255574362,7.09,217.5,deg,d4SigUU,0.000937,pb GeV^-4,0.000071,+0.000049/-0.000028,Hall A,e-,10.99,p,0.93827208816
759,0.498,-0.5255574362,7.09,232.5,deg,d4SigUU,0.000881,pb GeV^-4,0.000068,+0.000033/-0.000033,Hall A,e-,10.99,p,0.93827208816
760,0.498,-0.5255574362,7.09,247.5,deg,d4SigUU,0.00107,pb GeV^-4,0.000074,+0.000044/-0.000038,Hall A,e-,10.99,p,0.93827208816
761,0.498,-0.5255574362,7.09,262.5,deg,d4SigUU,0.00103,pb GeV^-4,0.000075,+0.000037/-0.000037,Hall A,e-,10.99,p,0.93827208816
762,0.498,-0.5255574362,7.09,277.5,deg,d4SigUU,0.00117,pb GeV^-4,0.000078,+0.000061/-0.000053,Hall A,e-,10.99,p,0.93827208816
763,0.498,-0.5255574362,7.09,292.5,deg,d4SigUU,0.0012,pb GeV^-4,0.00008,+0.000047/-0.000047,Hall A,e-,10.99,p,0.93827208816
764,0.498,-0.5255574362,7.09,307.5,deg,d4SigUU,0.00153,pb GeV^-4,0.000098,+0.000055/-0.000076,Hall A,e-,10.99,p,0.93827208816
765,0.498,-0.5255574362,7.09,322.5,deg,d4SigUU,0.00159,pb GeV^-4,0.00012,+0.000069/-0.000093,Hall A,e-,10.99,p,0.93827208816
766,0.498,-0.5255574362,7.09,337.5,deg,d4SigUU,0.00204,pb GeV^-4,0.00016,+0.000150/-0.000068,Hall A,e-,10.99,p,0.93827208816
767,0.498,-0.5255574362,7.09,352.5,deg,d4SigUU,0.00189,pb GeV^-4,0.00019,+0.000098/-0.000060,Hall A,e-,10.99,p,0.93827208816
768,0.499,-0.6129204077,7.12,7.5,deg,d4SigUU,0.00194,pb GeV^-4,0.00039,+0.000110/-0.000200,Hall A,e-,10.99,p,0.93827208816
769,0.499,-0.6129204077,7.12,22.5,deg,d4SigUU,0.00134,pb GeV^-4,0.00027,+0.000099/-0.000120,Hall A,e-,10.99,p,0.93827208816
770,0.499,-0.6129204077,7.12,37.5,deg,d4SigUU,0.000917,pb GeV^-4,0.00016,+0.000075/-0.000041,Hall A,e-,10.99,p,0.93827208816
771,0.499,-0.6129204077,7.12,52.5,deg,d4SigUU,0.00115,pb GeV^-4,0.00011,+0.000040/-0.000061,Hall A,e-,10.99,p,0.93827208816
772,0.499,-0.6129204077,7.12,67.5,deg,d4SigUU,0.000908,pb GeV^-4,0.000075,+0.000041/-0.000048,Hall A,e-,10.99,p,0.93827208816
773,0.499,-0.6129204077,7.12,82.5,deg,d4SigUU,0.000863,pb GeV^-4,0.000069,+0.000040/-0.000040,Hall A,e-,10.99,p,0.93827208816
774,0.499,-0.6129204077,7.12,97.5,deg,d4SigUU,0.000733,pb GeV^-4,0.000062,+0.000037/-0.000024,Hall A,e-,10.99,p,0.93827208816
775,0.499,-0.6129204077,7.12,112.5,deg,d4SigUU,0.000627,pb GeV^-4,0.000058,+0.000027/-0.000035,Hall A,e-,10.99,p,0.93827208816
776,0.499,-0.6129204077,7.12,127.5,deg,d4SigUU,0.00058,pb GeV^-4,0.000054,+0.000020/-0.000035,Hall A,e-,10.99,p,0.93827208816
777,0.499,-0.6129204077,7.12,142.5,deg,d4SigUU,0.000631,pb GeV^-4,0.000056,+0.000028/-0.000044,Hall A,e-,10.99,p,0.93827208816
778,0.499,-0.6129204077,7.12,157.5,deg,d4SigUU,0.000605,pb GeV^-4,0.000056,+0.000035/-0.000027,Hall A,e-,10.99,p,0.93827208816
779,0.499,-0.6129204077,7.12,172.5,deg,d4SigUU,0.000611,pb GeV^-4,0.000055,+0.000027/-0.000035,Hall A,e-,10.99,p,0.93827208816
780,0.499,-0.6129204077,7.12,187.5,deg,d4SigUU,0.000598,pb GeV^-4,0.000056,+0.000021/-0.000027,Hall A,e-,10.99,p,0.93827208816
781,0.499,-0.6129204077,7.12,202.5,deg,d4SigUU,0.000709,pb GeV^-4,0.000063,+0.000024/-0.000021,Hall A,e-,10.99,p,0.93827208816
782,0.499,-0.6129204077,7.12,217.5,deg,d4SigUU,0.000602,pb GeV^-4,0.000058,+0.000035/-0.000044,Hall A,e-,10.99,p,0.93827208816
783,0.499,-0.6129204077,7.12,232.5,deg,d4SigUU,0.000729,pb GeV^-4,0.000063,+0.000024/-0.000037,Hall A,e-,10.99,p,0.93827208816
784,0.499,-0.6129204077,7.12,247.5,deg,d4SigUU,0.000721,pb GeV^-4,0.000065,+0.000054/-0.000029,Hall A,e-,10.99,p,0.93827208816
785,0.499,-0.6129204077,7.12,262.5,deg,d4SigUU,0.000821,pb GeV^-4,0.00007,+0.000047/-0.000032,Hall A,e-,10.99,p,0.93827208816
786,0.499,-0.6129204077,7.12,277.5,deg,d4SigUU,0.000899,pb GeV^-4,0.000073,+0.000034/-0.000048,Hall A,e-,10.99,p,0.93827208816
787,0.499,-0.6129204077,7.12,292.5,deg,d4SigUU,0.000876,pb GeV^-4,0.000078,+0.000028/-0.000048,Hall A,e-,10.99,p,0.93827208816
788,0.499,-0.6129204077,7.12,307.5,deg,d4SigUU,0.00132,pb GeV^-4,0.00011,+0.000089/-0.000050,Hall A,e-,10.99,p,0.93827208816
789,0.499,-0.6129204077,7.12,322.5,deg,d4SigUU,0.00119,pb GeV^-4,0.00016,+0.000088/-0.000047,Hall A,e-,10.99,p,0.93827208816
790,0.499,-0.6129204077,7.12,337.5,deg,d4SigUU,0.00113,pb GeV^-4,0.00024,+0.000096/-0.000034,Hall A,e-,10.99,p,0.93827208816
791,0.499,-0.6129204077,7.12,352.5,deg,d4SigUU,0.0018,pb GeV^-4,0.00039,+0.000140/-0.000160,Hall A,e-,10.99,p,0.93827208816
792,0.499,-0.6978736519,7.11,7.5,deg,d4SigUU,0.0024,pb GeV^-4,0.001,+0.000210/-0.000330,Hall A,e-,10.99,p,0.93827208816
793,0.499,-0.6978736519,7.11,22.5,deg,d4SigUU,0.00147,pb GeV^-4,0.00055,+0.000120/-0.000140,Hall A,e-,10.99,p,0.93827208816
794,0.499,-0.6978736519,7.11,37.5,deg,d4SigUU,0.000929,pb GeV^-4,0.00027,+0.000075/-0.000180,Hall A,e-,10.99,p,0.93827208816
795,0.499,-0.6978736519,7.11,52.5,deg,d4SigUU,0.000744,pb GeV^-4,0.00012,+0.000046/-0.000073,Hall A,e-,10.99,p,0.93827208816
796,0.499,-0.6978736519,7.11,67.5,deg,d4SigUU,0.000742,pb GeV^-4,0.000075,+0.000046/-0.000024,Hall A,e-,10.99,p,0.93827208816
797,0.499,-0.6978736519,7.11,82.5,deg,d4SigUU,0.000702,pb GeV^-4,0.000066,+0.000023/-0.000037,Hall A,e-,10.99,p,0.93827208816
798,0.499,-0.6978736519,7.11,97.5,deg,d4SigUU,0.000709,pb GeV^-4,0.000064,+0.000024/-0.000054,Hall A,e-,10.99,p,0.93827208816
799,0.499,-0.6978736519,7.11,112.5,deg,d4SigUU,0.000567,pb GeV^-4,0.000056,+0.000020/-0.000034,Hall A,e-,10.99,p,0.93827208816
800,0.499,-0.6978736519,7.11,127.5,deg,d4SigUU,0.000529,pb GeV^-4,0.000053,+0.000016/-0.000034,Hall A,e-,10.99,p,0.93827208816
801,0.499,-0.6978736519,7.11,142.5,deg,d4SigUU,0.000434,pb GeV^-4,0.000048,+0.000016/-0.000052,Hall A,e-,10.99,p,0.93827208816
802,0.499,-0.6978736519,7.11,157.5,deg,d4SigUU,0.000464,pb GeV^-4,0.00005,+0.000024/-0.000017,Hall A,e-,10.99,p,0.93827208816
803,0.499,-0.6978736519,7.11,172.5,deg,d4SigUU,0.000464,pb GeV^-4,0.000051,+0.000017/-0.000024,Hall A,e-,10.99,p,0.93827208816
804,0.499,-0.6978736519,7.11,187.5,deg,d4SigUU,0.000456,pb GeV^-4,0.000053,+0.000033/-0.000017,Hall A,e-,10.99,p,0.93827208816
805,0.499,-0.6978736519,7.11,202.5,deg,d4SigUU,0.00046,pb GeV^-4,0.000055,+0.000017/-0.000024,Hall A,e-,10.99,p,0.93827208816
806,0.499,-0.6978736519,7.11,217.5,deg,d4SigUU,0.000526,pb GeV^-4,0.000057,+0.000019/-0.000043,Hall A,e-,10.99,p,0.93827208816
807,0.499,-0.6978736519,7.11,232.5,deg,d4SigUU,0.000636,pb GeV^-4,0.000062,+0.000036/-0.000036,Hall A,e-,10.99,p,0.93827208816
808,0.499,-0.6978736519,7.11,247.5,deg,d4SigUU,0.000596,pb GeV^-4,0.000063,+0.000020/-0.000027,Hall A,e-,10.99,p,0.93827208816
809,0.499,-0.6978736519,7.11,262.5,deg,d4SigUU,0.000746,pb GeV^-4,0.000073,+0.000037/-0.000037,Hall A,e-,10.99,p,0.93827208816
810,0.499,-0.6978736519,7.11,277.5,deg,d4SigUU,0.000676,pb GeV^-4,0.000068,+0.000023/-0.000036,Hall A,e-,10.99,p,0.93827208816
811,0.499,-0.6978736519,7.11,292.5,deg,d4SigUU,0.000848,pb GeV^-4,0.000079,+0.000047/-0.000039,Hall A,e-,10.99,p,0.93827208816
812,0.499,-0.6978736519,7.11,307.5,deg,d4SigUU,0.00106,pb GeV^-4,0.00013,+0.000077/-0.000038,Hall A,e-,10.99,p,0.93827208816
813,0.499,-0.6978736519,7.11,322.5,deg,d4SigUU,0.00125,pb GeV^-4,0.00024,+0.000120/-0.000120,Hall A,e-,10.99,p,0.93827208816
814,0.499,-0.6978736519,7.11,337.5,deg,d4SigUU,0.000772,pb GeV^-4,0.0004,+0.000120/-0.000083,Hall A,e-,10.99,p,0.93827208816
815,0.499,-0.6978736519,7.11,352.5,deg,d4SigUU,0.000872,pb GeV^-4,0.00064,+0.000160/-0.000160,Hall A,e-,10.99,p,0.93827208816
816,0.498,-0.855603945,7.1,7.5,deg,d4SigUU,0.00539,pb GeV^-4,0.0055,+0.001500/-0.001600,Hall A,e-,10.99,p,0.93827208816
817,0.498,-0.855603945,7.1,22.5,deg,d4SigUU,0.00103,pb GeV^-4,0.0014,+0.000440/-0.000110,Hall A,e-,10.99,p,0.93827208816
818,0.498,-0.855603945,7.1,37.5,deg,d4SigUU,0.000686,pb GeV^-4,0.00029,+0.000029/-0.000190,Hall A,e-,10.99,p,0.93827208816
819,0.498,-0.855603945,7.1,52.5,deg,d4SigUU,0.000516,pb GeV^-4,0.0001,+0.000052/-0.000043,Hall A,e-,10.99,p,0.93827208816
820,0.498,-0.855603945,7.1,67.5,deg,d4SigUU,0.000567,pb GeV^-4,0.000051,+0.000020/-0.000026,Hall A,e-,10.99,p,0.93827208816
821,0.498,-0.855603945,7.1,82.5,deg,d4SigUU,0.000533,pb GeV^-4,0.00004,+0.000016/-0.000019,Hall A,e-,10.99,p,0.93827208816
822,0.498,-0.855603945,7.1,97.5,deg,d4SigUU,0.000417,pb GeV^-4,0.000035,+0.000024/-0.000024,Hall A,e-,10.99,p,0.93827208816
823,0.498,-0.855603945,7.1,112.5,deg,d4SigUU,0.000324,pb GeV^-4,0.000028,+0.000014/-0.000022,Hall A,e-,10.99,p,0.93827208816
824,0.498,-0.855603945,7.1,127.5,deg,d4SigUU,0.000291,pb GeV^-4,0.000025,+0.000013/-0.000013,Hall A,e-,10.99,p,0.93827208816
825,0.498,-0.855603945,7.1,142.5,deg,d4SigUU,0.000321,pb GeV^-4,0.000026,+0.000014/-0.000014,Hall A,e-,10.99,p,0.93827208816
826,0.498,-0.855603945,7.1,157.5,deg,d4SigUU,0.000316,pb GeV^-4,0.000027,+0.000014/-0.000014,Hall A,e-,10.99,p,0.93827208816
827,0.498,-0.855603945,7.1,172.5,deg,d4SigUU,0.000347,pb GeV^-4,0.000029,+0.000014/-0.000014,Hall A,e-,10.99,p,0.93827208816
828,0.498,-0.855603945,7.1,187.5,deg,d4SigUU,0.000362,pb GeV^-4,0.000032,+0.000011/-0.000023,Hall A,e-,10.99,p,0.93827208816
829,0.498,-0.855603945,7.1,202.5,deg,d4SigUU,0.000384,pb GeV^-4,0.000031,+0.000015/-0.000015,Hall A,e-,10.99,p,0.93827208816
830,0.498,-0.855603945,7.1,217.5,deg,d4SigUU,0.00035,pb GeV^-4,0.000028,+0.000014/-0.000014,Hall A,e-,10.99,p,0.93827208816
831,0.498,-0.855603945,7.1,232.5,deg,d4SigUU,0.000406,pb GeV^-4,0.00003,+0.000016/-0.000016,Hall A,e-,10.99,p,0.93827208816
832,0.498,-0.855603945,7.1,247.5,deg,d4SigUU,0.000453,pb GeV^-4,0.000034,+0.000017/-0.000017,Hall A,e-,10.99,p,0.93827208816
833,0.498,-0.855603945,7.1,262.5,deg,d4SigUU,0.000531,pb GeV^-4,0.000039,+0.000019/-0.000034,Hall A,e-,10.99,p,0.93827208816
834,0.498,-0.855603945,7.1,277.5,deg,d4SigUU,0.000495,pb GeV^-4,0.000041,+0.000025/-0.000018,Hall A,e-,10.99,p,0.93827208816
835,0.498,-0.855603945,7.1,292.5,deg,d4SigUU,0.000548,pb GeV^-4,0.00005,+0.000034/-0.000034,Hall A,e-,10.99,p,0.93827208816
836,0.498,-0.855603945,7.1,307.5,deg,d4SigUU,0.000621,pb GeV^-4,0.000098,+0.000027/-0.000027,Hall A,e-,10.99,p,0.93827208816
837,0.498,-0.855603945,7.1,322.5,deg,d4SigUU,0.000516,pb GeV^-4,0.00025,+0.000072/-0.000072,Hall A,e-,10.99,p,0.93827208816
838,0.498,-0.855603945,7.1,337.5,deg,d4SigUU,0.00105,pb GeV^-4,0.0013,+0.000240/-0.000180,Hall A,e-,10.99,p,0.93827208816
839,0.498,-0.855603945,7.1,352.5,deg,d4SigUU,-0.000108,pb GeV^-4,0.00067,+0.000020/-0.000030,Hall A,e-,10.99,p,0.93827208816
840,0.61,-0.7645125183,5.6,7.5,deg,d4SigUU,0.000715,pb GeV^-4,0.000039,+0.000030/-0.000024,Hall A,e-,8.52,p,0.93827208816
841,0.61,-0.7645125183,5.6,22.5,deg,d4SigUU,0.000712,pb GeV^-4,0.000038,+0.000023/-0.000027,Hall A,e-,8.52,p,0.93827208816
842,0.61,-0.7645125183,5.6,37.5,deg,d4SigUU,0.000642,pb GeV^-4,0.000037,+0.000026/-0.000021,Hall A,e-,8.52,p,0.93827208816
843,0.61,-0.7645125183,5.6,52.5,deg,d4SigUU,0.000638,pb GeV^-4,0.000037,+0.000026/-0.000019,Hall A,e-,8.52,p,0.93827208816
844,0.61,-0.7645125183,5.6,67.5,deg,d4SigUU,0.000676,pb GeV^-4,0.000037,+0.000022/-0.000028,Hall A,e-,8.52,p,0.93827208816
845,0.61,-0.7645125183,5.6,82.5,deg,d4SigUU,0.000632,pb GeV^-4,0.000036,+0.000028/-0.000024,Hall A,e-,8.52,p,0.93827208816
846,0.61,-0.7645125183,5.6,97.5,deg,d4SigUU,0.000587,pb GeV^-4,0.000035,+0.000022/-0.000022,Hall A,e-,8.52,p,0.93827208816
847,0.61,-0.7645125183,5.6,112.5,deg,d4SigUU,0.000559,pb GeV^-4,0.000035,+0.000020/-0.000019,Hall A,e-,8.52,p,0.93827208816
848,0.61,-0.7645125183,5.6,127.5,deg,d4SigUU,0.000574,pb GeV^-4,0.000035,+0.000019/-0.000019,Hall A,e-,8.52,p,0.93827208816
849,0.61,-0.7645125183,5.6,142.5,deg,d4SigUU,0.000547,pb GeV^-4,0.000035,+0.000018/-0.000032,Hall A,e-,8.52,p,0.93827208816
850,0.61,-0.7645125183,5.6,157.5,deg,d4SigUU,0.000553,pb GeV^-4,0.000035,+0.000017/-0.000033,Hall A,e-,8.52,p,0.93827208816
851,0.61,-0.7645125183,5.6,172.5,deg,d4SigUU,0.000556,pb GeV^-4,0.000035,+0.000028/-0.000021,Hall A,e-,8.52,p,0.93827208816
852,0.61,-0.7645125183,5.6,187.5,deg,d4SigUU,0.000581,pb GeV^-4,0.000036,+0.000027/-0.000021,Hall A,e-,8.52,p,0.93827208816
853,0.61,-0.7645125183,5.6,202.5,deg,d4SigUU,0.00057,pb GeV^-4,0.000036,+0.000029/-0.000019,Hall A,e-,8.52,p,0.93827208816
854,0.61,-0.7645125183,5.6,217.5,deg,d4SigUU,0.000564,pb GeV^-4,0.000037,+0.000027/-0.000027,Hall A,e-,8.52,p,0.93827208816
855,0.61,-0.7645125183,5.6,232.5,deg,d4SigUU,0.000577,pb GeV^-4,0.000038,+0.000018/-0.000024,Hall A,e-,8.52,p,0.93827208816
856,0.61,-0.7645125183,5.6,247.5,deg,d4SigUU,0.000608,pb GeV^-4,0.000038,+0.000019/-0.000022,Hall A,e-,8.52,p,0.93827208816
857,0.61,-0.7645125183,5.6,262.5,deg,d4SigUU,0.000708,pb GeV^-4,0.00004,+0.000025/-0.000022,Hall A,e-,8.52,p,0.93827208816
858,0.61,-0.7645125183,5.6,277.5,deg,d4SigUU,0.000652,pb GeV^-4,0.000038,+0.000020/-0.000050,Hall A,e-,8.52,p,0.93827208816
859,0.61,-0.7645125183,5.6,292.5,deg,d4SigUU,0.000681,pb GeV^-4,0.000038,+0.000025/-0.000022,Hall A,e-,8.52,p,0.93827208816
860,0.61,-0.7645125183,5.6,307.5,deg,d4SigUU,0.000752,pb GeV^-4,0.000039,+0.000029/-0.000024,Hall A,e-,8.52,p,0.93827208816
861,0.61,-0.7645125183,5.6,322.5,deg,d4SigUU,0.000727,pb GeV^-4,0.000038,+0.000024/-0.000031,Hall A,e-,8.52,p,0.93827208816
862,0.61,-0.7645125183,5.6,337.5,deg,d4SigUU,0.000761,pb GeV^-4,0.000039,+0.000023/-0.000041,Hall A,e-,8.52,p,0.93827208816
863,0.61,-0.7645125183,5.6,352.5,deg,d4SigUU,0.000743,pb GeV^-4,0.00004,+0.000030/-0.000041,Hall A,e-,8.52,p,0.93827208816
864,0.612,-0.9041981662,5.62,7.5,deg,d4SigUU,0.000514,pb GeV^-4,0.000042,+0.000029/-0.000020,Hall A,e-,8.52,p,0.93827208816
865,0.612,-0.9041981662,5.62,22.5,deg,d4SigUU,0.000497,pb GeV^-4,0.000039,+0.000029/-0.000019,Hall A,e-,8.52,p,0.93827208816
866,0.612,-0.9041981662,5.62,37.5,deg,d4SigUU,0.000495,pb GeV^-4,0.000036,+0.000015/-0.000033,Hall A,e-,8.52,p,0.93827208816
867,0.612,-0.9041981662,5.62,52.5,deg,d4SigUU,0.000528,pb GeV^-4,0.000035,+0.000018/-0.000023,Hall A,e-,8.52,p,0.93827208816
868,0.612,-0.9041981662,5.62,67.5,deg,d4SigUU,0.00049,pb GeV^-4,0.000034,+0.000017/-0.000020,Hall A,e-,8.52,p,0.93827208816
869,0.612,-0.9041981662,5.62,82.5,deg,d4SigUU,0.000531,pb GeV^-4,0.000035,+0.000016/-0.000029,Hall A,e-,8.52,p,0.93827208816
870,0.612,-0.9041981662,5.62,97.5,deg,d4SigUU,0.000436,pb GeV^-4,0.000033,+0.000014/-0.000015,Hall A,e-,8.52,p,0.93827208816
871,0.612,-0.9041981662,5.62,112.5,deg,d4SigUU,0.000413,pb GeV^-4,0.000032,+0.000024/-0.000012,Hall A,e-,8.52,p,0.93827208816
872,0.612,-0.9041981662,5.62,127.5,deg,d4SigUU,0.000394,pb GeV^-4,0.000032,+0.000014/-0.000015,Hall A,e-,8.52,p,0.93827208816
873,0.612,-0.9041981662,5.62,142.5,deg,d4SigUU,0.000393,pb GeV^-4,0.000032,+0.000015/-0.000015,Hall A,e-,8.52,p,0.93827208816
874,0.612,-0.9041981662,5.62,157.5,deg,d4SigUU,0.000431,pb GeV^-4,0.000033,+0.000025/-0.000019,Hall A,e-,8.52,p,0.93827208816
875,0.612,-0.9041981662,5.62,172.5,deg,d4SigUU,0.00035,pb GeV^-4,0.000032,+0.000028/-0.000011,Hall A,e-,8.52,p,0.93827208816
876,0.612,-0.9041981662,5.62,187.5,deg,d4SigUU,0.000399,pb GeV^-4,0.000034,+0.000056/-0.000014,Hall A,e-,8.52,p,0.93827208816
877,0.612,-0.9041981662,5.62,202.5,deg,d4SigUU,0.000437,pb GeV^-4,0.000035,+0.000013/-0.000022,Hall A,e-,8.52,p,0.93827208816
878,0.612,-0.9041981662,5.62,217.5,deg,d4SigUU,0.000446,pb GeV^-4,0.000036,+0.000025/-0.000019,Hall A,e-,8.52,p,0.93827208816
879,0.612,-0.9041981662,5.62,232.5,deg,d4SigUU,0.000498,pb GeV^-4,0.000039,+0.000028/-0.000023,Hall A,e-,8.52,p,0.93827208816
880,0.612,-0.9041981662,5.62,247.5,deg,d4SigUU,0.000549,pb GeV^-4,0.000041,+0.000020/-0.000016,Hall A,e-,8.52,p,0.93827208816
881,0.612,-0.9041981662,5.62,262.5,deg,d4SigUU,0.000559,pb GeV^-4,0.000041,+0.000017/-0.000026,Hall A,e-,8.52,p,0.93827208816
882,0.612,-0.9041981662,5.62,277.5,deg,d4SigUU,0.00054,pb GeV^-4,0.000038,+0.000016/-0.000019,Hall A,e-,8.52,p,0.93827208816
883,0.612,-0.9041981662,5.62,292.5,deg,d4SigUU,0.000591,pb GeV^-4,0.000039,+0.000021/-0.000025,Hall A,e-,8.52,p,0.93827208816
884,0.612,-0.9041981662,5.62,307.5,deg,d4SigUU,0.000576,pb GeV^-4,0.000037,+0.000020/-0.000022,Hall A,e-,8.52,p,0.93827208816
885,0.612,-0.9041981662,5.62,322.5,deg,d4SigUU,0.000593,pb GeV^-4,0.000037,+0.000020/-0.000022,Hall A,e-,8.52,p,0.93827208816
886,0.612,-0.9041981662,5.62,337.5,deg,d4SigUU,0.000609,pb GeV^-4,0.000041,+0.000019/-0.000020,Hall A,e-,8.52,p,0.93827208816
887,0.612,-0.9041981662,5.62,352.5,deg,d4SigUU,0.000549,pb GeV^-4,0.000043,+0.000018/-0.000032,Hall A,e-,8.52,p,0.93827208816
888,0.615,-1.048202246,5.64,7.5,deg,d4SigUU,0.000483,pb GeV^-4,0.00007,+0.000022/-0.000048,Hall A,e-,8.52,p,0.93827208816
889,0.615,-1.048202246,5.64,22.5,deg,d4SigUU,0.000372,pb GeV^-4,0.000052,+0.000033/-0.000035,Hall A,e-,8.52,p,0.93827208816
890,0.615,-1.048202246,5.64,37.5,deg,d4SigUU,0.000387,pb GeV^-4,0.000042,+0.000028/-0.000013,Hall A,e-,8.52,p,0.93827208816
891,0.615,-1.048202246,5.64,52.5,deg,d4SigUU,0.000377,pb GeV^-4,0.000035,+0.000038/-0.000013,Hall A,e-,8.52,p,0.93827208816
892,0.615,-1.048202246,5.64,67.5,deg,d4SigUU,0.000455,pb GeV^-4,0.000035,+0.000016/-0.000029,Hall A,e-,8.52,p,0.93827208816
893,0.615,-1.048202246,5.64,82.5,deg,d4SigUU,0.000393,pb GeV^-4,0.000034,+0.000012/-0.000016,Hall A,e-,8.52,p,0.93827208816
894,0.615,-1.048202246,5.64,97.5,deg,d4SigUU,0.000411,pb GeV^-4,0.000034,+0.000024/-0.000015,Hall A,e-,8.52,p,0.93827208816
895,0.615,-1.048202246,5.64,112.5,deg,d4SigUU,0.000377,pb GeV^-4,0.000033,+0.000012/-0.000014,Hall A,e-,8.52,p,0.93827208816
896,0.615,-1.048202246,5.64,127.5,deg,d4SigUU,0.000354,pb GeV^-4,0.000032,+0.000023/-0.000011,Hall A,e-,8.52,p,0.93827208816
897,0.615,-1.048202246,5.64,142.5,deg,d4SigUU,0.000356,pb GeV^-4,0.000032,+0.000019/-0.000016,Hall A,e-,8.52,p,0.93827208816
898,0.615,-1.048202246,5.64,157.5,deg,d4SigUU,0.000358,pb GeV^-4,0.000032,+0.000011/-0.000020,Hall A,e-,8.52,p,0.93827208816
899,0.615,-1.048202246,5.64,172.5,deg,d4SigUU,0.000349,pb GeV^-4,0.000034,+0.000012/-0.000011,Hall A,e-,8.52,p,0.93827208816
900,0.615,-1.048202246,5.64,187.5,deg,d4SigUU,0.000404,pb GeV^-4,0.000036,+0.000015/-0.000019,Hall A,e-,8.52,p,0.93827208816
901,0.615,-1.048202246,5.64,202.5,deg,d4SigUU,0.000395,pb GeV^-4,0.000036,+0.000012/-0.000021,Hall A,e-,8.52,p,0.93827208816
902,0.615,-1.048202246,5.64,217.5,deg,d4SigUU,0.000439,pb GeV^-4,0.000038,+0.000017/-0.000015,Hall A,e-,8.52,p,0.93827208816
903,0.615,-1.048202246,5.64,232.5,deg,d4SigUU,0.000487,pb GeV^-4,0.00004,+0.000018/-0.000017,Hall A,e-,8.52,p,0.93827208816
904,0.615,-1.048202246,5.64,247.5,deg,d4SigUU,0.000474,pb GeV^-4,0.000042,+0.000014/-0.000034,Hall A,e-,8.52,p,0.93827208816
905,0.615,-1.048202246,5.64,262.5,deg,d4SigUU,0.000469,pb GeV^-4,0.000042,+0.000028/-0.000017,Hall A,e-,8.52,p,0.93827208816
906,0.615,-1.048202246,5.64,277.5,deg,d4SigUU,0.000503,pb GeV^-4,0.000041,+0.000019/-0.000025,Hall A,e-,8.52,p,0.93827208816
907,0.615,-1.048202246,5.64,292.5,deg,d4SigUU,0.000421,pb GeV^-4,0.000037,+0.000032/-0.000015,Hall A,e-,8.52,p,0.93827208816
908,0.615,-1.048202246,5.64,307.5,deg,d4SigUU,0.000444,pb GeV^-4,0.000037,+0.000018/-0.000016,Hall A,e-,8.52,p,0.93827208816
909,0.615,-1.048202246,5.64,322.5,deg,d4SigUU,0.000399,pb GeV^-4,0.000043,+0.000034/-0.000014,Hall A,e-,8.52,p,0.93827208816
910,0.615,-1.048202246,5.64,337.5,deg,d4SigUU,0.00047,pb GeV^-4,0.000055,+0.000030/-0.000018,Hall A,e-,8.52,p,0.93827208816
911,0.615,-1.048202246,5.64,352.5,deg,d4SigUU,0.000511,pb GeV^-4,0.00007,+0.000059/-0.000018,Hall A,e-,8.52,p,0.93827208816
912,0.617,-1.189556038,5.65,7.5,deg,d4SigUU,0.000268,pb GeV^-4,0.00013,+0.000055/-0.000044,Hall A,e-,8.52,p,0.93827208816
913,0.617,-1.189556038,5.65,22.5,deg,d4SigUU,0.000315,pb GeV^-4,0.000088,+0.000032/-0.000027,Hall A,e-,8.52,p,0.93827208816
914,0.617,-1.189556038,5.65,37.5,deg,d4SigUU,0.000392,pb GeV^-4,0.000056,+0.000019/-0.000021,Hall A,e-,8.52,p,0.93827208816
915,0.617,-1.189556038,5.65,52.5,deg,d4SigUU,0.000367,pb GeV^-4,0.00004,+0.000052/-0.000012,Hall A,e-,8.52,p,0.93827208816
916,0.617,-1.189556038,5.65,67.5,deg,d4SigUU,0.000248,pb GeV^-4,0.000033,+0.000029/-0.000007,Hall A,e-,8.52,p,0.93827208816
917,0.617,-1.189556038,5.65,82.5,deg,d4SigUU,0.000275,pb GeV^-4,0.000033,+0.000041/-0.000014,Hall A,e-,8.52,p,0.93827208816
918,0.617,-1.189556038,5.65,97.5,deg,d4SigUU,0.000302,pb GeV^-4,0.000032,+0.000018/-0.000014,Hall A,e-,8.52,p,0.93827208816
919,0.617,-1.189556038,5.65,112.5,deg,d4SigUU,0.000283,pb GeV^-4,0.000031,+0.000017/-0.000009,Hall A,e-,8.52,p,0.93827208816
920,0.617,-1.189556038,5.65,127.5,deg,d4SigUU,0.000275,pb GeV^-4,0.00003,+0.000008/-0.000018,Hall A,e-,8.52,p,0.93827208816
921,0.617,-1.189556038,5.65,142.5,deg,d4SigUU,0.00033,pb GeV^-4,0.000033,+0.000010/-0.000020,Hall A,e-,8.52,p,0.93827208816
922,0.617,-1.189556038,5.65,157.5,deg,d4SigUU,0.000331,pb GeV^-4,0.000034,+0.000010/-0.000016,Hall A,e-,8.52,p,0.93827208816
923,0.617,-1.189556038,5.65,172.5,deg,d4SigUU,0.00038,pb GeV^-4,0.000036,+0.000023/-0.000014,Hall A,e-,8.52,p,0.93827208816
924,0.617,-1.189556038,5.65,187.5,deg,d4SigUU,0.000342,pb GeV^-4,0.000036,+0.000016/-0.000014,Hall A,e-,8.52,p,0.93827208816
925,0.617,-1.189556038,5.65,202.5,deg,d4SigUU,0.00032,pb GeV^-4,0.000036,+0.000020/-0.000015,Hall A,e-,8.52,p,0.93827208816
926,0.617,-1.189556038,5.65,217.5,deg,d4SigUU,0.000424,pb GeV^-4,0.000039,+0.000015/-0.000036,Hall A,e-,8.52,p,0.93827208816
927,0.617,-1.189556038,5.65,232.5,deg,d4SigUU,0.000381,pb GeV^-4,0.000038,+0.000025/-0.000020,Hall A,e-,8.52,p,0.93827208816
928,0.617,-1.189556038,5.65,247.5,deg,d4SigUU,0.000374,pb GeV^-4,0.000041,+0.000021/-0.000015,Hall A,e-,8.52,p,0.93827208816
929,0.617,-1.189556038,5.65,262.5,deg,d4SigUU,0.000441,pb GeV^-4,0.000043,+0.000022/-0.000014,Hall A,e-,8.52,p,0.93827208816
930,0.617,-1.189556038,5.65,277.5,deg,d4SigUU,0.000422,pb GeV^-4,0.00004,+0.000042/-0.000014,Hall A,e-,8.52,p,0.93827208816
931,0.617,-1.189556038,5.65,292.5,deg,d4SigUU,0.000407,pb GeV^-4,0.000039,+0.000020/-0.000017,Hall A,e-,8.52,p,0.93827208816
932,0.617,-1.189556038,5.65,307.5,deg,d4SigUU,0.000384,pb GeV^-4,0.000042,+0.000046/-0.000012,Hall A,e-,8.52,p,0.93827208816
933,0.617,-1.189556038,5.65,322.5,deg,d4SigUU,0.000382,pb GeV^-4,0.000053,+0.000011/-0.000026,Hall A,e-,8.52,p,0.93827208816
934,0.617,-1.189556038,5.65,337.5,deg,d4SigUU,0.000335,pb GeV^-4,0.000089,+0.000056/-0.000011,Hall A,e-,8.52,p,0.93827208816
935,0.617,-1.189556038,5.65,352.5,deg,d4SigUU,0.000535,pb GeV^-4,0.00014,+0.000096/-0.000026,Hall A,e-,8.52,p,0.93827208816
936,0.616,-1.373196788,5.66,7.5,deg,d4SigUU,0.00084,pb GeV^-4,0.00036,+0.000025/-0.000250,Hall A,e-,8.52,p,0.93827208816
937,0.616,-1.373196788,5.66,22.5,deg,d4SigUU,0.000489,pb GeV^-4,0.00016,+0.000067/-0.000063,Hall A,e-,8.52,p,0.93827208816
938,0.616,-1.373196788,5.66,37.5,deg,d4SigUU,0.000231,pb GeV^-4,0.000064,+0.000021/-0.000038,Hall A,e-,8.52,p,0.93827208816
939,0.616,-1.373196788,5.66,52.5,deg,d4SigUU,0.000194,pb GeV^-4,0.000038,+0.000018/-0.000006,Hall A,e-,8.52,p,0.93827208816
940,0.616,-1.373196788,5.66,67.5,deg,d4SigUU,0.000286,pb GeV^-4,0.000032,+0.000020/-0.000009,Hall A,e-,8.52,p,0.93827208816
941,0.616,-1.373196788,5.66,82.5,deg,d4SigUU,0.000289,pb GeV^-4,0.000029,+0.000027/-0.000009,Hall A,e-,8.52,p,0.93827208816
942,0.616,-1.373196788,5.66,97.5,deg,d4SigUU,0.000256,pb GeV^-4,0.000027,+0.000013/-0.000014,Hall A,e-,8.52,p,0.93827208816
943,0.616,-1.373196788,5.66,112.5,deg,d4SigUU,0.00023,pb GeV^-4,0.000024,+0.000010/-0.000013,Hall A,e-,8.52,p,0.93827208816
944,0.616,-1.373196788,5.66,127.5,deg,d4SigUU,0.000225,pb GeV^-4,0.000024,+0.000016/-0.000007,Hall A,e-,8.52,p,0.93827208816
945,0.616,-1.373196788,5.66,142.5,deg,d4SigUU,0.000312,pb GeV^-4,0.000027,+0.000011/-0.000026,Hall A,e-,8.52,p,0.93827208816
946,0.616,-1.373196788,5.66,157.5,deg,d4SigUU,0.000332,pb GeV^-4,0.000029,+0.000010/-0.000029,Hall A,e-,8.52,p,0.93827208816
947,0.616,-1.373196788,5.66,172.5,deg,d4SigUU,0.000347,pb GeV^-4,0.00003,+0.000014/-0.000015,Hall A,e-,8.52,p,0.93827208816
948,0.616,-1.373196788,5.66,187.5,deg,d4SigUU,0.000295,pb GeV^-4,0.000028,+0.000032/-0.000009,Hall A,e-,8.52,p,0.93827208816
949,0.616,-1.373196788,5.66,202.5,deg,d4SigUU,0.000298,pb GeV^-4,0.000028,+0.000014/-0.000022,Hall A,e-,8.52,p,0.93827208816
950,0.616,-1.373196788,5.66,217.5,deg,d4SigUU,0.000354,pb GeV^-4,0.000028,+0.000015/-0.000016,Hall A,e-,8.52,p,0.93827208816
951,0.616,-1.373196788,5.66,232.5,deg,d4SigUU,0.000306,pb GeV^-4,0.000028,+0.000020/-0.000014,Hall A,e-,8.52,p,0.93827208816
952,0.616,-1.373196788,5.66,247.5,deg,d4SigUU,0.000379,pb GeV^-4,0.000032,+0.000016/-0.000016,Hall A,e-,8.52,p,0.93827208816
953,0.616,-1.373196788,5.66,262.5,deg,d4SigUU,0.000357,pb GeV^-4,0.000035,+0.000014/-0.000012,Hall A,e-,8.52,p,0.93827208816
954,0.616,-1.373196788,5.66,277.5,deg,d4SigUU,0.000352,pb GeV^-4,0.000034,+0.000015/-0.000024,Hall A,e-,8.52,p,0.93827208816
955,0.616,-1.373196788,5.66,292.5,deg,d4SigUU,0.00032,pb GeV^-4,0.000033,+0.000010/-0.000013,Hall A,e-,8.52,p,0.93827208816
956,0.616,-1.373196788,5.66,307.5,deg,d4SigUU,0.000319,pb GeV^-4,0.000042,+0.000012/-0.000037,Hall A,e-,8.52,p,0.93827208816
957,0.616,-1.373196788,5.66,322.5,deg,d4SigUU,0.000244,pb GeV^-4,0.00007,+0.000025/-0.000011,Hall A,e-,8.52,p,0.93827208816
958,0.616,-1.373196788,5.66,337.5,deg,d4SigUU,0.000376,pb GeV^-4,0.00016,+0.000042/-0.000043,Hall A,e-,8.52,p,0.93827208816
959,0.616,-1.373196788,5.66,352.5,deg,d4SigUU,0.000375,pb GeV^-4,0.00038,+0.000076/-0.000075,Hall A,e-,8.52,p,0.93827208816
960,0.608,-0.791098708,8.44,7.5,deg,d4SigUU,0.000382,pb GeV^-4,0.00002,+0.000014/-0.000012,Hall A,e-,10.59,p,0.93827208816
961,0.608,-0.791098708,8.44,22.5,deg,d4SigUU,0.000385,pb GeV^-4,0.00002,+0.000015/-0.000013,Hall A,e-,10.59,p,0.93827208816
962,0.608,-0.791098708,8.44,37.5,deg,d4SigUU,0.000333,pb GeV^-4,0.000018,+0.000011/-0.000011,Hall A,e-,10.59,p,0.93827208816
963,0.608,-0.791098708,8.44,52.5,deg,d4SigUU,0.000371,pb GeV^-4,0.000019,+0.000015/-0.000017,Hall A,e-,10.59,p,0.93827208816
964,0.608,-0.791098708,8.44,67.5,deg,d4SigUU,0.000357,pb GeV^-4,0.000018,+0.000015/-0.000012,Hall A,e-,10.59,p,0.93827208816
965,0.608,-0.791098708,8.44,82.5,deg,d4SigUU,0.000335,pb GeV^-4,0.000018,+0.000012/-0.000013,Hall A,e-,10.59,p,0.93827208816
966,0.608,-0.791098708,8.44,97.5,deg,d4SigUU,0.000323,pb GeV^-4,0.000017,+0.000010/-0.000016,Hall A,e-,10.59,p,0.93827208816
967,0.608,-0.791098708,8.44,112.5,deg,d4SigUU,0.00031,pb GeV^-4,0.000017,+0.000010/-0.000009,Hall A,e-,10.59,p,0.93827208816
968,0.608,-0.791098708,8.44,127.5,deg,d4SigUU,0.000274,pb GeV^-4,0.000016,+0.000015/-0.000010,Hall A,e-,10.59,p,0.93827208816
969,0.608,-0.791098708,8.44,142.5,deg,d4SigUU,0.00028,pb GeV^-4,0.000017,+0.000012/-0.000011,Hall A,e-,10.59,p,0.93827208816
970,0.608,-0.791098708,8.44,157.5,deg,d4SigUU,0.000284,pb GeV^-4,0.000016,+0.000010/-0.000012,Hall A,e-,10.59,p,0.93827208816
971,0.608,-0.791098708,8.44,172.5,deg,d4SigUU,0.00028,pb GeV^-4,0.000016,+0.000010/-0.000009,Hall A,e-,10.59,p,0.93827208816
972,0.608,-0.791098708,8.44,187.5,deg,d4SigUU,0.000266,pb GeV^-4,0.000016,+0.000014/-0.000008,Hall A,e-,10.59,p,0.93827208816
973,0.608,-0.791098708,8.44,202.5,deg,d4SigUU,0.00029,pb GeV^-4,0.000016,+0.000010/-0.000010,Hall A,e-,10.59,p,0.93827208816
974,0.608,-0.791098708,8.44,217.5,deg,d4SigUU,0.000313,pb GeV^-4,0.000017,+0.000009/-0.000011,Hall A,e-,10.59,p,0.93827208816
975,0.608,-0.791098708,8.44,232.5,deg,d4SigUU,0.00032,pb GeV^-4,0.000017,+0.000022/-0.000012,Hall A,e-,10.59,p,0.93827208816
976,0.608,-0.791098708,8.44,247.5,deg,d4SigUU,0.000329,pb GeV^-4,0.000018,+0.000016/-0.000011,Hall A,e-,10.59,p,0.93827208816
977,0.608,-0.791098708,8.44,262.5,deg,d4SigUU,0.000321,pb GeV^-4,0.000018,+0.000010/-0.000015,Hall A,e-,10.59,p,0.93827208816
978,0.608,-0.791098708,8.44,277.5,deg,d4SigUU,0.000328,pb GeV^-4,0.000018,+0.000016/-0.000012,Hall A,e-,10.59,p,0.93827208816
979,0.608,-0.791098708,8.44,292.5,deg,d4SigUU,0.000381,pb GeV^-4,0.000019,+0.000013/-0.000017,Hall A,e-,10.59,p,0.93827208816
980,0.608,-0.791098708,8.44,307.5,deg,d4SigUU,0.00038,pb GeV^-4,0.000019,+0.000014/-0.000012,Hall A,e-,10.59,p,0.93827208816
981,0.608,-0.791098708,8.44,322.5,deg,d4SigUU,0.000414,pb GeV^-4,0.00002,+0.000020/-0.000013,Hall A,e-,10.59,p,0.93827208816
982,0.608,-0.791098708,8.44,337.5,deg,d4SigUU,0.000377,pb GeV^-4,0.00002,+0.000017/-0.000012,Hall A,e-,10.59,p,0.93827208816
983,0.608,-0.791098708,8.44,352.5,deg,d4SigUU,0.000393,pb GeV^-4,0.00002,+0.000015/-0.000013,Hall A,e-,10.59,p,0.93827208816
984,0.609,-0.912035491,8.45,7.5,deg,d4SigUU,0.000342,pb GeV^-4,0.000023,+0.000012/-0.000013,Hall A,e-,10.59,p,0.93827208816
985,0.609,-0.912035491,8.45,22.5,deg,d4SigUU,0.000305,pb GeV^-4,0.000021,+0.000016/-0.000013,Hall A,e-,10.59,p,0.93827208816
986,0.609,-0.912035491,8.45,37.5,deg,d4SigUU,0.000284,pb GeV^-4,0.000019,+0.000011/-0.000009,Hall A,e-,10.59,p,0.93827208816
987,0.609,-0.912035491,8.45,52.5,deg,d4SigUU,0.000283,pb GeV^-4,0.000018,+0.000010/-0.000009,Hall A,e-,10.59,p,0.93827208816
988,0.609,-0.912035491,8.45,67.5,deg,d4SigUU,0.000267,pb GeV^-4,0.000017,+0.000012/-0.000008,Hall A,e-,10.59,p,0.93827208816
989,0.609,-0.912035491,8.45,82.5,deg,d4SigUU,0.000259,pb GeV^-4,0.000016,+0.000013/-0.000008,Hall A,e-,10.59,p,0.93827208816
990,0.609,-0.912035491,8.45,97.5,deg,d4SigUU,0.000226,pb GeV^-4,0.000015,+0.000007/-0.000008,Hall A,e-,10.59,p,0.93827208816
991,0.609,-0.912035491,8.45,112.5,deg,d4SigUU,0.00019,pb GeV^-4,0.000014,+0.000010/-0.000006,Hall A,e-,10.59,p,0.93827208816
992,0.609,-0.912035491,8.45,127.5,deg,d4SigUU,0.000205,pb GeV^-4,0.000014,+0.000010/-0.000008,Hall A,e-,10.59,p,0.93827208816
993,0.609,-0.912035491,8.45,142.5,deg,d4SigUU,0.000196,pb GeV^-4,0.000014,+0.000008/-0.000008,Hall A,e-,10.59,p,0.93827208816
994,0.609,-0.912035491,8.45,157.5,deg,d4SigUU,0.00021,pb GeV^-4,0.000014,+0.000007/-0.000010,Hall A,e-,10.59,p,0.93827208816
995,0.609,-0.912035491,8.45,172.5,deg,d4SigUU,0.000175,pb GeV^-4,0.000014,+0.000008/-0.000005,Hall A,e-,10.59,p,0.93827208816
996,0.609,-0.912035491,8.45,187.5,deg,d4SigUU,0.000189,pb GeV^-4,0.000014,+0.000006/-0.000010,Hall A,e-,10.59,p,0.93827208816
997,0.609,-0.912035491,8.45,202.5,deg,d4SigUU,0.000208,pb GeV^-4,0.000015,+0.000006/-0.000007,Hall A,e-,10.59,p,0.93827208816
998,0.609,-0.912035491,8.45,217.5,deg,d4SigUU,0.000186,pb GeV^-4,0.000014,+0.000009/-0.000006,Hall A,e-,10.59,p,0.93827208816
999,0.609,-0.912035491,8.45,232.5,deg,d4SigUU,0.000218,pb GeV^-4,0.000016,+0.000008/-0.000008,Hall A,e-,10.59,p,0.93827208816
1000,0.609,-0.912035491,8.45,247.5,deg,d4SigUU,0.000266,pb GeV^-4,0.000017,+0.000008/-0.000012,Hall A,e-,10.59,p,0.93827208816
1001,0.609,-0.912035491,8.45,262.5,deg,d4SigUU,0.000285,pb GeV^-4,0.000017,+0.000009/-0.000012,Hall A,e-,10.59,p,0.93827208816
1002,0.609,-0.912035491,8.45,277.5,deg,d4SigUU,0.000257,pb GeV^-4,0.000016,+0.000010/-0.000008,Hall A,e-,10.59,p,0.93827208816
1003,0.609,-0.912035491,8.45,292.5,deg,d4SigUU,0.000287,pb GeV^-4,0.000018,+0.000010/-0.000012,Hall A,e-,10.59,p,0.93827208816
1004,0.609,-0.912035491,8.45,307.5,deg,d4SigUU,0.000309,pb GeV^-4,0.000018,+0.000010/-0.000012,Hall A,e-,10.59,p,0.93827208816
1005,0.609,-0.912035491,8.45,322.5,deg,d4SigUU,0.00032,pb GeV^-4,0.000019,+0.000011/-0.000014,Hall A,e-,10.59,p,0.93827208816
1006,0.609,-0.912035491,8.45,337.5,deg,d4SigUU,0.000362,pb GeV^-4,0.000021,+0.000014/-0.000019,Hall A,e-,10.59,p,0.93827208816
1007,0.609,-0.912035491,8.45,352.5,deg,d4SigUU,0.00034,pb GeV^-4,0.000023,+0.000011/-0.000013,Hall A,e-,10.59,p,0.93827208816
1008,0.611,-1.037075826,8.48,7.5,deg,d4SigUU,0.000306,pb GeV^-4,0.000036,+0.000019/-0.000012,Hall A,e-,10.59,p,0.93827208816
1009,0.611,-1.037075826,8.48,22.5,deg,d4SigUU,0.000254,pb GeV^-4,0.000028,+0.000010/-0.000014,Hall A,e-,10.59,p,0.93827208816
1010,0.611,-1.037075826,8.48,37.5,deg,d4SigUU,0.000231,pb GeV^-4,0.000022,+0.000017/-0.000010,Hall A,e-,10.59,p,0.93827208816
1011,0.611,-1.037075826,8.48,52.5,deg,d4SigUU,0.000193,pb GeV^-4,0.000017,+0.000006/-0.000009,Hall A,e-,10.59,p,0.93827208816
1012,0.611,-1.037075826,8.48,67.5,deg,d4SigUU,0.000206,pb GeV^-4,0.000016,+0.000012/-0.000006,Hall A,e-,10.59,p,0.93827208816
1013,0.611,-1.037075826,8.48,82.5,deg,d4SigUU,0.000165,pb GeV^-4,0.000014,+0.000011/-0.000007,Hall A,e-,10.59,p,0.93827208816
1014,0.611,-1.037075826,8.48,97.5,deg,d4SigUU,0.000185,pb GeV^-4,0.000014,+0.000006/-0.000009,Hall A,e-,10.59,p,0.93827208816
1015,0.611,-1.037075826,8.48,112.5,deg,d4SigUU,0.00015,pb GeV^-4,0.000013,+0.000008/-0.000005,Hall A,e-,10.59,p,0.93827208816
1016,0.611,-1.037075826,8.48,127.5,deg,d4SigUU,0.000137,pb GeV^-4,0.000012,+0.000006/-0.000005,Hall A,e-,10.59,p,0.93827208816
1017,0.611,-1.037075826,8.48,142.5,deg,d4SigUU,0.000157,pb GeV^-4,0.000013,+0.000006/-0.000006,Hall A,e-,10.59,p,0.93827208816
1018,0.611,-1.037075826,8.48,157.5,deg,d4SigUU,0.000134,pb GeV^-4,0.000012,+0.000006/-0.000005,Hall A,e-,10.59,p,0.93827208816
1019,0.611,-1.037075826,8.48,172.5,deg,d4SigUU,0.000142,pb GeV^-4,0.000013,+0.000007/-0.000006,Hall A,e-,10.59,p,0.93827208816
1020,0.611,-1.037075826,8.48,187.5,deg,d4SigUU,0.000149,pb GeV^-4,0.000013,+0.000005/-0.000008,Hall A,e-,10.59,p,0.93827208816
1021,0.611,-1.037075826,8.48,202.5,deg,d4SigUU,0.00014,pb GeV^-4,0.000013,+0.000006/-0.000009,Hall A,e-,10.59,p,0.93827208816
1022,0.611,-1.037075826,8.48,217.5,deg,d4SigUU,0.000172,pb GeV^-4,0.000014,+0.000009/-0.000005,Hall A,e-,10.59,p,0.93827208816
1023,0.611,-1.037075826,8.48,232.5,deg,d4SigUU,0.000186,pb GeV^-4,0.000015,+0.000008/-0.000011,Hall A,e-,10.59,p,0.93827208816
1024,0.611,-1.037075826,8.48,247.5,deg,d4SigUU,0.000211,pb GeV^-4,0.000015,+0.000008/-0.000010,Hall A,e-,10.59,p,0.93827208816
1025,0.611,-1.037075826,8.48,262.5,deg,d4SigUU,0.000208,pb GeV^-4,0.000016,+0.000009/-0.000008,Hall A,e-,10.59,p,0.93827208816
1026,0.611,-1.037075826,8.48,277.5,deg,d4SigUU,0.000199,pb GeV^-4,0.000015,+0.000008/-0.000007,Hall A,e-,10.59,p,0.93827208816
1027,0.611,-1.037075826,8.48,292.5,deg,d4SigUU,0.000232,pb GeV^-4,0.000016,+0.000011/-0.000007,Hall A,e-,10.59,p,0.93827208816
1028,0.611,-1.037075826,8.48,307.5,deg,d4SigUU,0.00025,pb GeV^-4,0.000017,+0.000013/-0.000010,Hall A,e-,10.59,p,0.93827208816
1029,0.611,-1.037075826,8.48,322.5,deg,d4SigUU,0.000219,pb GeV^-4,0.000019,+0.000012/-0.000007,Hall A,e-,10.59,p,0.93827208816
1030,0.611,-1.037075826,8.48,337.5,deg,d4SigUU,0.000231,pb GeV^-4,0.000026,+0.000017/-0.000008,Hall A,e-,10.59,p,0.93827208816
1031,0.611,-1.037075826,8.48,352.5,deg,d4SigUU,0.000227,pb GeV^-4,0.000032,+0.000024/-0.000008,Hall A,e-,10.59,p,0.93827208816
1032,0.613,-1.163096765,8.5,7.5,deg,d4SigUU,0.000314,pb GeV^-4,0.00007,+0.000017/-0.000029,Hall A,e-,10.59,p,0.93827208816
1033,0.613,-1.163096765,8.5,22.5,deg,d4SigUU,0.000207,pb GeV^-4,0.000046,+0.000009/-0.000015,Hall A,e-,10.59,p,0.93827208816
1034,0.613,-1.163096765,8.5,37.5,deg,d4SigUU,0.000185,pb GeV^-4,0.000028,+0.000007/-0.000012,Hall A,e-,10.59,p,0.93827208816
1035,0.613,-1.163096765,8.5,52.5,deg,d4SigUU,0.000131,pb GeV^-4,0.000017,+0.000006/-0.000006,Hall A,e-,10.59,p,0.93827208816
1036,0.613,-1.163096765,8.5,67.5,deg,d4SigUU,0.000151,pb GeV^-4,0.000015,+0.000006/-0.000007,Hall A,e-,10.59,p,0.93827208816
1037,0.613,-1.163096765,8.5,82.5,deg,d4SigUU,0.00016,pb GeV^-4,0.000015,+0.000007/-0.000007,Hall A,e-,10.59,p,0.93827208816
1038,0.613,-1.163096765,8.5,97.5,deg,d4SigUU,0.000139,pb GeV^-4,0.000013,+0.000007/-0.000005,Hall A,e-,10.59,p,0.93827208816
1039,0.613,-1.163096765,8.5,112.5,deg,d4SigUU,0.00014,pb GeV^-4,0.000013,+0.000008/-0.000005,Hall A,e-,10.59,p,0.93827208816
1040,0.613,-1.163096765,8.5,127.5,deg,d4SigUU,0.000123,pb GeV^-4,0.000012,+0.000006/-0.000005,Hall A,e-,10.59,p,0.93827208816
1041,0.613,-1.163096765,8.5,142.5,deg,d4SigUU,0.00012,pb GeV^-4,0.000012,+0.000004/-0.000007,Hall A,e-,10.59,p,0.93827208816
1042,0.613,-1.163096765,8.5,157.5,deg,d4SigUU,0.000122,pb GeV^-4,0.000012,+0.000005/-0.000005,Hall A,e-,10.59,p,0.93827208816
1043,0.613,-1.163096765,8.5,172.5,deg,d4SigUU,0.000117,pb GeV^-4,0.000012,+0.000005/-0.000004,Hall A,e-,10.59,p,0.93827208816
1044,0.613,-1.163096765,8.5,187.5,deg,d4SigUU,0.000106,pb GeV^-4,0.000012,+0.000004/-0.000005,Hall A,e-,10.59,p,0.93827208816
1045,0.613,-1.163096765,8.5,202.5,deg,d4SigUU,0.000125,pb GeV^-4,0.000013,+0.000009/-0.000005,Hall A,e-,10.59,p,0.93827208816
1046,0.613,-1.163096765,8.5,217.5,deg,d4SigUU,0.000143,pb GeV^-4,0.000014,+0.000004/-0.000013,Hall A,e-,10.59,p,0.93827208816
1047,0.613,-1.163096765,8.5,232.5,deg,d4SigUU,0.000165,pb GeV^-4,0.000015,+0.000006/-0.000006,Hall A,e-,10.59,p,0.93827208816
1048,0.613,-1.163096765,8.5,247.5,deg,d4SigUU,0.000147,pb GeV^-4,0.000014,+0.000010/-0.000006,Hall A,e-,10.59,p,0.93827208816
1049,0.613,-1.163096765,8.5,262.5,deg,d4SigUU,0.000132,pb GeV^-4,0.000014,+0.000007/-0.000005,Hall A,e-,10.59,p,0.93827208816
1050,0.613,-1.163096765,8.5,277.5,deg,d4SigUU,0.000162,pb GeV^-4,0.000015,+0.000008/-0.000006,Hall A,e-,10.59,p,0.93827208816
1051,0.613,-1.163096765,8.5,292.5,deg,d4SigUU,0.00018,pb GeV^-4,0.000016,+0.000006/-0.000007,Hall A,e-,10.59,p,0.93827208816
1052,0.613,-1.163096765,8.5,307.5,deg,d4SigUU,0.000193,pb GeV^-4,0.000018,+0.000006/-0.000006,Hall A,e-,10.59,p,0.93827208816
1053,0.613,-1.163096765,8.5,322.5,deg,d4SigUU,0.00015,pb GeV^-4,0.000024,+0.000014/-0.000011,Hall A,e-,10.59,p,0.93827208816
1054,0.613,-1.163096765,8.5,337.5,deg,d4SigUU,0.00021,pb GeV^-4,0.000046,+0.000026/-0.000009,Hall A,e-,10.59,p,0.93827208816
1055,0.613,-1.163096765,8.5,352.5,deg,d4SigUU,0.000151,pb GeV^-4,0.000065,+0.000008/-0.000021,Hall A,e-,10.59,p,0.93827208816
1056,0.613,-1.328202848,8.51,7.5,deg,d4SigUU,0.00028,pb GeV^-4,0.00014,+0.000056/-0.000012,Hall A,e-,10.59,p,0.93827208816
1057,0.613,-1.328202848,8.51,22.5,deg,d4SigUU,0.000139,pb GeV^-4,0.000072,+0.000045/-0.000010,Hall A,e-,10.59,p,0.93827208816
1058,0.613,-1.328202848,8.51,37.5,deg,d4SigUU,0.000136,pb GeV^-4,0.000029,+0.000007/-0.000011,Hall A,e-,10.59,p,0.93827208816
1059,0.613,-1.328202848,8.51,52.5,deg,d4SigUU,0.000133,pb GeV^-4,0.000017,+0.000005/-0.000007,Hall A,e-,10.59,p,0.93827208816
1060,0.613,-1.328202848,8.51,67.5,deg,d4SigUU,0.000127,pb GeV^-4,0.000014,+0.000006/-0.000005,Hall A,e-,10.59,p,0.93827208816
1061,0.613,-1.328202848,8.51,82.5,deg,d4SigUU,0.00012,pb GeV^-4,0.000012,+0.000006/-0.000005,Hall A,e-,10.59,p,0.93827208816
1062,0.613,-1.328202848,8.51,97.5,deg,d4SigUU,0.000116,pb GeV^-4,0.000011,+0.000006/-0.000005,Hall A,e-,10.59,p,0.93827208816
1063,0.613,-1.328202848,8.51,112.5,deg,d4SigUU,0.000107,pb GeV^-4,0.0000097,+0.000004/-0.000004,Hall A,e-,10.59,p,0.93827208816
1064,0.613,-1.328202848,8.51,127.5,deg,d4SigUU,0.0000822,pb GeV^-4,0.0000082,+0.000003/-0.000003,Hall A,e-,10.59,p,0.93827208816
1065,0.613,-1.328202848,8.51,142.5,deg,d4SigUU,0.0000864,pb GeV^-4,0.0000083,+0.000003/-0.000006,Hall A,e-,10.59,p,0.93827208816
1066,0.613,-1.328202848,8.51,157.5,deg,d4SigUU,0.0000984,pb GeV^-4,0.0000091,+0.000006/-0.000005,Hall A,e-,10.59,p,0.93827208816
1067,0.613,-1.328202848,8.51,172.5,deg,d4SigUU,0.00011,pb GeV^-4,0.0000099,+0.000005/-0.000011,Hall A,e-,10.59,p,0.93827208816
1068,0.613,-1.328202848,8.51,187.5,deg,d4SigUU,0.0000918,pb GeV^-4,0.0000095,+0.000003/-0.000008,Hall A,e-,10.59,p,0.93827208816
1069,0.613,-1.328202848,8.51,202.5,deg,d4SigUU,0.0000942,pb GeV^-4,0.0000091,+0.000007/-0.000003,Hall A,e-,10.59,p,0.93827208816
1070,0.613,-1.328202848,8.51,217.5,deg,d4SigUU,0.000107,pb GeV^-4,0.000009,+0.000003/-0.000006,Hall A,e-,10.59,p,0.93827208816
1071,0.613,-1.328202848,8.51,232.5,deg,d4SigUU,0.00011,pb GeV^-4,0.0000095,+0.000003/-0.000005,Hall A,e-,10.59,p,0.93827208816
1072,0.613,-1.328202848,8.51,247.5,deg,d4SigUU,0.000135,pb GeV^-4,0.000011,+0.000006/-0.000005,Hall A,e-,10.59,p,0.93827208816
1073,0.613,-1.328202848,8.51,262.5,deg,d4SigUU,0.000122,pb GeV^-4,0.000011,+0.000004/-0.000005,Hall A,e-,10.59,p,0.93827208816
1074,0.613,-1.328202848,8.51,277.5,deg,d4SigUU,0.000142,pb GeV^-4,0.000012,+0.000006/-0.000004,Hall A,e-,10.59,p,0.93827208816
1075,0.613,-1.328202848,8.51,292.5,deg,d4SigUU,0.000134,pb GeV^-4,0.000014,+0.000009/-0.000007,Hall A,e-,10.59,p,0.93827208816
1076,0.613,-1.328202848,8.51,307.5,deg,d4SigUU,0.000129,pb GeV^-4,0.000018,+0.000007/-0.000006,Hall A,e-,10.59,p,0.93827208816
1077,0.613,-1.328202848,8.51,322.5,deg,d4SigUU,0.000161,pb GeV^-4,0.000031,+0.000005/-0.000015,Hall A,e-,10.59,p,0.93827208816
1078,0.613,-1.328202848,8.51,337.5,deg,d4SigUU,0.000128,pb GeV^-4,0.000063,+0.000014/-0.000008,Hall A,e-,10.59,p,0.93827208816
1079,0.613,-1.328202848,8.51,352.5,deg,d4SigUU,0.000189,pb GeV^-4,0.00017,+0.000015/-0.000034,Hall A,e-,10.59,p,0.93827208816